fecha_inicio_semana,y_current,y_true,y_pred,y_true_model,y_pred_model,error,selected_feature_count,selected_features,best_alpha,inner_tuning_metric,inner_best_score,inner_split_count,horizonte_sem,target_mode,feature_mode,transform_mode,run_id,model_name
2025-08-18,0.0643779113892458,0.342789901148327,0.12863428380773237,0.342789901148327,0.12863428380773237,-0.21415561734059466,59,"sentimiento_medios,v5_agua_neto,v5_alumbrado_neto,v5_americo_neto,v5_basura_neto,v5_corrupcion_neto,v5_delitos_neto,v5_morena_neto,v5_obras_neto,v5_prevencion_neto,v5_vialidad_neto,y_t_aceptacion_digital_lag1,y_t_aceptacion_digital_lag2,y_t_aceptacion_digital_lag3,y_t_aceptacion_digital_lag4,sentimiento_medios_lag1,sentimiento_medios_lag2,sentimiento_medios_lag3,sentimiento_medios_lag4,v5_agua_neto_lag1,v5_agua_neto_lag2,v5_agua_neto_lag3,v5_agua_neto_lag4,v5_alumbrado_neto_lag1,v5_alumbrado_neto_lag2,v5_alumbrado_neto_lag3,v5_alumbrado_neto_lag4,v5_americo_neto_lag1,v5_americo_neto_lag2,v5_americo_neto_lag3,v5_americo_neto_lag4,v5_basura_neto_lag1,v5_basura_neto_lag2,v5_basura_neto_lag3,v5_basura_neto_lag4,v5_corrupcion_neto_lag1,v5_corrupcion_neto_lag2,v5_corrupcion_neto_lag3,v5_corrupcion_neto_lag4,v5_delitos_neto_lag1,v5_delitos_neto_lag2,v5_delitos_neto_lag3,v5_delitos_neto_lag4,v5_morena_neto_lag1,v5_morena_neto_lag2,v5_morena_neto_lag3,v5_morena_neto_lag4,v5_obras_neto_lag1,v5_obras_neto_lag2,v5_obras_neto_lag3,v5_obras_neto_lag4,v5_prevencion_neto_lag1,v5_prevencion_neto_lag2,v5_prevencion_neto_lag3,v5_prevencion_neto_lag4,v5_vialidad_neto_lag1,v5_vialidad_neto_lag2,v5_vialidad_neto_lag3,v5_vialidad_neto_lag4",10000.0,mae,0.10700172236605766,3,1,nivel,all,standard,OP_W14_CONTROLLED,ridge_tscv
2025-08-25,0.342789901148327,0.0328375249929476,0.12162140907078604,0.0328375249929476,0.12162140907078604,0.08878388407783844,59,"sentimiento_medios,v5_agua_neto,v5_alumbrado_neto,v5_americo_neto,v5_basura_neto,v5_corrupcion_neto,v5_delitos_neto,v5_morena_neto,v5_obras_neto,v5_prevencion_neto,v5_vialidad_neto,y_t_aceptacion_digital_lag1,y_t_aceptacion_digital_lag2,y_t_aceptacion_digital_lag3,y_t_aceptacion_digital_lag4,sentimiento_medios_lag1,sentimiento_medios_lag2,sentimiento_medios_lag3,sentimiento_medios_lag4,v5_agua_neto_lag1,v5_agua_neto_lag2,v5_agua_neto_lag3,v5_agua_neto_lag4,v5_alumbrado_neto_lag1,v5_alumbrado_neto_lag2,v5_alumbrado_neto_lag3,v5_alumbrado_neto_lag4,v5_americo_neto_lag1,v5_americo_neto_lag2,v5_americo_neto_lag3,v5_americo_neto_lag4,v5_basura_neto_lag1,v5_basura_neto_lag2,v5_basura_neto_lag3,v5_basura_neto_lag4,v5_corrupcion_neto_lag1,v5_corrupcion_neto_lag2,v5_corrupcion_neto_lag3,v5_corrupcion_neto_lag4,v5_delitos_neto_lag1,v5_delitos_neto_lag2,v5_delitos_neto_lag3,v5_delitos_neto_lag4,v5_morena_neto_lag1,v5_morena_neto_lag2,v5_morena_neto_lag3,v5_morena_neto_lag4,v5_obras_neto_lag1,v5_obras_neto_lag2,v5_obras_neto_lag3,v5_obras_neto_lag4,v5_prevencion_neto_lag1,v5_prevencion_neto_lag2,v5_prevencion_neto_lag3,v5_prevencion_neto_lag4,v5_vialidad_neto_lag1,v5_vialidad_neto_lag2,v5_vialidad_neto_lag3,v5_vialidad_neto_lag4",942.6684551178854,mae,0.10923149984128427,3,1,nivel,all,standard,OP_W14_CONTROLLED,ridge_tscv
2025-09-01,0.0328375249929476,0.0750438311217277,0.08748752259266437,0.0750438311217277,0.08748752259266437,0.012443691470936671,59,"sentimiento_medios,v5_agua_neto,v5_alumbrado_neto,v5_americo_neto,v5_basura_neto,v5_corrupcion_neto,v5_delitos_neto,v5_morena_neto,v5_obras_neto,v5_prevencion_neto,v5_vialidad_neto,y_t_aceptacion_digital_lag1,y_t_aceptacion_digital_lag2,y_t_aceptacion_digital_lag3,y_t_aceptacion_digital_lag4,sentimiento_medios_lag1,sentimiento_medios_lag2,sentimiento_medios_lag3,sentimiento_medios_lag4,v5_agua_neto_lag1,v5_agua_neto_lag2,v5_agua_neto_lag3,v5_agua_neto_lag4,v5_alumbrado_neto_lag1,v5_alumbrado_neto_lag2,v5_alumbrado_neto_lag3,v5_alumbrado_neto_lag4,v5_americo_neto_lag1,v5_americo_neto_lag2,v5_americo_neto_lag3,v5_americo_neto_lag4,v5_basura_neto_lag1,v5_basura_neto_lag2,v5_basura_neto_lag3,v5_basura_neto_lag4,v5_corrupcion_neto_lag1,v5_corrupcion_neto_lag2,v5_corrupcion_neto_lag3,v5_corrupcion_neto_lag4,v5_delitos_neto_lag1,v5_delitos_neto_lag2,v5_delitos_neto_lag3,v5_delitos_neto_lag4,v5_morena_neto_lag1,v5_morena_neto_lag2,v5_morena_neto_lag3,v5_morena_neto_lag4,v5_obras_neto_lag1,v5_obras_neto_lag2,v5_obras_neto_lag3,v5_obras_neto_lag4,v5_prevencion_neto_lag1,v5_prevencion_neto_lag2,v5_prevencion_neto_lag3,v5_prevencion_neto_lag4,v5_vialidad_neto_lag1,v5_vialidad_neto_lag2,v5_vialidad_neto_lag3,v5_vialidad_neto_lag4",228.54638641349882,mae,0.10968685952323137,3,1,nivel,all,standard,OP_W14_CONTROLLED,ridge_tscv
2025-09-08,0.0750438311217277,0.244150207322864,0.10541590412295387,0.244150207322864,0.10541590412295387,-0.13873430319991012,59,"sentimiento_medios,v5_agua_neto,v5_alumbrado_neto,v5_americo_neto,v5_basura_neto,v5_corrupcion_neto,v5_delitos_neto,v5_morena_neto,v5_obras_neto,v5_prevencion_neto,v5_vialidad_neto,y_t_aceptacion_digital_lag1,y_t_aceptacion_digital_lag2,y_t_aceptacion_digital_lag3,y_t_aceptacion_digital_lag4,sentimiento_medios_lag1,sentimiento_medios_lag2,sentimiento_medios_lag3,sentimiento_medios_lag4,v5_agua_neto_lag1,v5_agua_neto_lag2,v5_agua_neto_lag3,v5_agua_neto_lag4,v5_alumbrado_neto_lag1,v5_alumbrado_neto_lag2,v5_alumbrado_neto_lag3,v5_alumbrado_neto_lag4,v5_americo_neto_lag1,v5_americo_neto_lag2,v5_americo_neto_lag3,v5_americo_neto_lag4,v5_basura_neto_lag1,v5_basura_neto_lag2,v5_basura_neto_lag3,v5_basura_neto_lag4,v5_corrupcion_neto_lag1,v5_corrupcion_neto_lag2,v5_corrupcion_neto_lag3,v5_corrupcion_neto_lag4,v5_delitos_neto_lag1,v5_delitos_neto_lag2,v5_delitos_neto_lag3,v5_delitos_neto_lag4,v5_morena_neto_lag1,v5_morena_neto_lag2,v5_morena_neto_lag3,v5_morena_neto_lag4,v5_obras_neto_lag1,v5_obras_neto_lag2,v5_obras_neto_lag3,v5_obras_neto_lag4,v5_prevencion_neto_lag1,v5_prevencion_neto_lag2,v5_prevencion_neto_lag3,v5_prevencion_neto_lag4,v5_vialidad_neto_lag1,v5_vialidad_neto_lag2,v5_vialidad_neto_lag3,v5_vialidad_neto_lag4",366.52412370796264,mae,0.10229476928358665,3,1,nivel,all,standard,OP_W14_CONTROLLED,ridge_tscv
2025-09-15,0.244150207322864,0.0353374615739687,0.12820167752044886,0.0353374615739687,0.12820167752044886,0.09286421594648017,59,"sentimiento_medios,v5_agua_neto,v5_alumbrado_neto,v5_americo_neto,v5_basura_neto,v5_corrupcion_neto,v5_delitos_neto,v5_morena_neto,v5_obras_neto,v5_prevencion_neto,v5_vialidad_neto,y_t_aceptacion_digital_lag1,y_t_aceptacion_digital_lag2,y_t_aceptacion_digital_lag3,y_t_aceptacion_digital_lag4,sentimiento_medios_lag1,sentimiento_medios_lag2,sentimiento_medios_lag3,sentimiento_medios_lag4,v5_agua_neto_lag1,v5_agua_neto_lag2,v5_agua_neto_lag3,v5_agua_neto_lag4,v5_alumbrado_neto_lag1,v5_alumbrado_neto_lag2,v5_alumbrado_neto_lag3,v5_alumbrado_neto_lag4,v5_americo_neto_lag1,v5_americo_neto_lag2,v5_americo_neto_lag3,v5_americo_neto_lag4,v5_basura_neto_lag1,v5_basura_neto_lag2,v5_basura_neto_lag3,v5_basura_neto_lag4,v5_corrupcion_neto_lag1,v5_corrupcion_neto_lag2,v5_corrupcion_neto_lag3,v5_corrupcion_neto_lag4,v5_delitos_neto_lag1,v5_delitos_neto_lag2,v5_delitos_neto_lag3,v5_delitos_neto_lag4,v5_morena_neto_lag1,v5_morena_neto_lag2,v5_morena_neto_lag3,v5_morena_neto_lag4,v5_obras_neto_lag1,v5_obras_neto_lag2,v5_obras_neto_lag3,v5_obras_neto_lag4,v5_prevencion_neto_lag1,v5_prevencion_neto_lag2,v5_prevencion_neto_lag3,v5_prevencion_neto_lag4,v5_vialidad_neto_lag1,v5_vialidad_neto_lag2,v5_vialidad_neto_lag3,v5_vialidad_neto_lag4",366.52412370796264,mae,0.10730209192648411,3,1,nivel,all,standard,OP_W14_CONTROLLED,ridge_tscv
2025-09-22,0.0353374615739687,0.037083177521204,0.13997974848139486,0.037083177521204,0.13997974848139486,0.10289657096019086,59,"sentimiento_medios,v5_agua_neto,v5_alumbrado_neto,v5_americo_neto,v5_basura_neto,v5_corrupcion_neto,v5_delitos_neto,v5_morena_neto,v5_obras_neto,v5_prevencion_neto,v5_vialidad_neto,y_t_aceptacion_digital_lag1,y_t_aceptacion_digital_lag2,y_t_aceptacion_digital_lag3,y_t_aceptacion_digital_lag4,sentimiento_medios_lag1,sentimiento_medios_lag2,sentimiento_medios_lag3,sentimiento_medios_lag4,v5_agua_neto_lag1,v5_agua_neto_lag2,v5_agua_neto_lag3,v5_agua_neto_lag4,v5_alumbrado_neto_lag1,v5_alumbrado_neto_lag2,v5_alumbrado_neto_lag3,v5_alumbrado_neto_lag4,v5_americo_neto_lag1,v5_americo_neto_lag2,v5_americo_neto_lag3,v5_americo_neto_lag4,v5_basura_neto_lag1,v5_basura_neto_lag2,v5_basura_neto_lag3,v5_basura_neto_lag4,v5_corrupcion_neto_lag1,v5_corrupcion_neto_lag2,v5_corrupcion_neto_lag3,v5_corrupcion_neto_lag4,v5_delitos_neto_lag1,v5_delitos_neto_lag2,v5_delitos_neto_lag3,v5_delitos_neto_lag4,v5_morena_neto_lag1,v5_morena_neto_lag2,v5_morena_neto_lag3,v5_morena_neto_lag4,v5_obras_neto_lag1,v5_obras_neto_lag2,v5_obras_neto_lag3,v5_obras_neto_lag4,v5_prevencion_neto_lag1,v5_prevencion_neto_lag2,v5_prevencion_neto_lag3,v5_prevencion_neto_lag4,v5_vialidad_neto_lag1,v5_vialidad_neto_lag2,v5_vialidad_neto_lag3,v5_vialidad_neto_lag4",142.51026703029964,mae,0.10491610443854554,3,1,nivel,all,standard,OP_W14_CONTROLLED,ridge_tscv
2025-09-29,0.037083177521204,0.0408302409621366,0.1022394156890941,0.0408302409621366,0.1022394156890941,0.0614091747269575,59,"sentimiento_medios,v5_agua_neto,v5_alumbrado_neto,v5_americo_neto,v5_basura_neto,v5_corrupcion_neto,v5_delitos_neto,v5_morena_neto,v5_obras_neto,v5_prevencion_neto,v5_vialidad_neto,y_t_aceptacion_digital_lag1,y_t_aceptacion_digital_lag2,y_t_aceptacion_digital_lag3,y_t_aceptacion_digital_lag4,sentimiento_medios_lag1,sentimiento_medios_lag2,sentimiento_medios_lag3,sentimiento_medios_lag4,v5_agua_neto_lag1,v5_agua_neto_lag2,v5_agua_neto_lag3,v5_agua_neto_lag4,v5_alumbrado_neto_lag1,v5_alumbrado_neto_lag2,v5_alumbrado_neto_lag3,v5_alumbrado_neto_lag4,v5_americo_neto_lag1,v5_americo_neto_lag2,v5_americo_neto_lag3,v5_americo_neto_lag4,v5_basura_neto_lag1,v5_basura_neto_lag2,v5_basura_neto_lag3,v5_basura_neto_lag4,v5_corrupcion_neto_lag1,v5_corrupcion_neto_lag2,v5_corrupcion_neto_lag3,v5_corrupcion_neto_lag4,v5_delitos_neto_lag1,v5_delitos_neto_lag2,v5_delitos_neto_lag3,v5_delitos_neto_lag4,v5_morena_neto_lag1,v5_morena_neto_lag2,v5_morena_neto_lag3,v5_morena_neto_lag4,v5_obras_neto_lag1,v5_obras_neto_lag2,v5_obras_neto_lag3,v5_obras_neto_lag4,v5_prevencion_neto_lag1,v5_prevencion_neto_lag2,v5_prevencion_neto_lag3,v5_prevencion_neto_lag4,v5_vialidad_neto_lag1,v5_vialidad_neto_lag2,v5_vialidad_neto_lag3,v5_vialidad_neto_lag4",366.52412370796264,mae,0.10259458090850142,3,1,nivel,all,standard,OP_W14_CONTROLLED,ridge_tscv
2025-10-06,0.0408302409621366,-0.0316621893348032,0.10154287942146308,-0.0316621893348032,0.10154287942146308,0.13320506875626628,59,"sentimiento_medios,v5_agua_neto,v5_alumbrado_neto,v5_americo_neto,v5_basura_neto,v5_corrupcion_neto,v5_delitos_neto,v5_morena_neto,v5_obras_neto,v5_prevencion_neto,v5_vialidad_neto,y_t_aceptacion_digital_lag1,y_t_aceptacion_digital_lag2,y_t_aceptacion_digital_lag3,y_t_aceptacion_digital_lag4,sentimiento_medios_lag1,sentimiento_medios_lag2,sentimiento_medios_lag3,sentimiento_medios_lag4,v5_agua_neto_lag1,v5_agua_neto_lag2,v5_agua_neto_lag3,v5_agua_neto_lag4,v5_alumbrado_neto_lag1,v5_alumbrado_neto_lag2,v5_alumbrado_neto_lag3,v5_alumbrado_neto_lag4,v5_americo_neto_lag1,v5_americo_neto_lag2,v5_americo_neto_lag3,v5_americo_neto_lag4,v5_basura_neto_lag1,v5_basura_neto_lag2,v5_basura_neto_lag3,v5_basura_neto_lag4,v5_corrupcion_neto_lag1,v5_corrupcion_neto_lag2,v5_corrupcion_neto_lag3,v5_corrupcion_neto_lag4,v5_delitos_neto_lag1,v5_delitos_neto_lag2,v5_delitos_neto_lag3,v5_delitos_neto_lag4,v5_morena_neto_lag1,v5_morena_neto_lag2,v5_morena_neto_lag3,v5_morena_neto_lag4,v5_obras_neto_lag1,v5_obras_neto_lag2,v5_obras_neto_lag3,v5_obras_neto_lag4,v5_prevencion_neto_lag1,v5_prevencion_neto_lag2,v5_prevencion_neto_lag3,v5_prevencion_neto_lag4,v5_vialidad_neto_lag1,v5_vialidad_neto_lag2,v5_vialidad_neto_lag3,v5_vialidad_neto_lag4",142.51026703029964,mae,0.09969482389942992,3,1,nivel,all,standard,OP_W14_CONTROLLED,ridge_tscv
2025-10-13,-0.0316621893348032,0.167412720914919,0.05147281466700565,0.167412720914919,0.05147281466700565,-0.11593990624791334,59,"sentimiento_medios,v5_agua_neto,v5_alumbrado_neto,v5_americo_neto,v5_basura_neto,v5_corrupcion_neto,v5_delitos_neto,v5_morena_neto,v5_obras_neto,v5_prevencion_neto,v5_vialidad_neto,y_t_aceptacion_digital_lag1,y_t_aceptacion_digital_lag2,y_t_aceptacion_digital_lag3,y_t_aceptacion_digital_lag4,sentimiento_medios_lag1,sentimiento_medios_lag2,sentimiento_medios_lag3,sentimiento_medios_lag4,v5_agua_neto_lag1,v5_agua_neto_lag2,v5_agua_neto_lag3,v5_agua_neto_lag4,v5_alumbrado_neto_lag1,v5_alumbrado_neto_lag2,v5_alumbrado_neto_lag3,v5_alumbrado_neto_lag4,v5_americo_neto_lag1,v5_americo_neto_lag2,v5_americo_neto_lag3,v5_americo_neto_lag4,v5_basura_neto_lag1,v5_basura_neto_lag2,v5_basura_neto_lag3,v5_basura_neto_lag4,v5_corrupcion_neto_lag1,v5_corrupcion_neto_lag2,v5_corrupcion_neto_lag3,v5_corrupcion_neto_lag4,v5_delitos_neto_lag1,v5_delitos_neto_lag2,v5_delitos_neto_lag3,v5_delitos_neto_lag4,v5_morena_neto_lag1,v5_morena_neto_lag2,v5_morena_neto_lag3,v5_morena_neto_lag4,v5_obras_neto_lag1,v5_obras_neto_lag2,v5_obras_neto_lag3,v5_obras_neto_lag4,v5_prevencion_neto_lag1,v5_prevencion_neto_lag2,v5_prevencion_neto_lag3,v5_prevencion_neto_lag4,v5_vialidad_neto_lag1,v5_vialidad_neto_lag2,v5_vialidad_neto_lag3,v5_vialidad_neto_lag4",88.86238162743408,mae,0.10257497241373083,3,1,nivel,all,standard,OP_W14_CONTROLLED,ridge_tscv
2025-10-20,0.167412720914919,0.134823580717908,0.08267316673339681,0.134823580717908,0.08267316673339681,-0.0521504139845112,59,"sentimiento_medios,v5_agua_neto,v5_alumbrado_neto,v5_americo_neto,v5_basura_neto,v5_corrupcion_neto,v5_delitos_neto,v5_morena_neto,v5_obras_neto,v5_prevencion_neto,v5_vialidad_neto,y_t_aceptacion_digital_lag1,y_t_aceptacion_digital_lag2,y_t_aceptacion_digital_lag3,y_t_aceptacion_digital_lag4,sentimiento_medios_lag1,sentimiento_medios_lag2,sentimiento_medios_lag3,sentimiento_medios_lag4,v5_agua_neto_lag1,v5_agua_neto_lag2,v5_agua_neto_lag3,v5_agua_neto_lag4,v5_alumbrado_neto_lag1,v5_alumbrado_neto_lag2,v5_alumbrado_neto_lag3,v5_alumbrado_neto_lag4,v5_americo_neto_lag1,v5_americo_neto_lag2,v5_americo_neto_lag3,v5_americo_neto_lag4,v5_basura_neto_lag1,v5_basura_neto_lag2,v5_basura_neto_lag3,v5_basura_neto_lag4,v5_corrupcion_neto_lag1,v5_corrupcion_neto_lag2,v5_corrupcion_neto_lag3,v5_corrupcion_neto_lag4,v5_delitos_neto_lag1,v5_delitos_neto_lag2,v5_delitos_neto_lag3,v5_delitos_neto_lag4,v5_morena_neto_lag1,v5_morena_neto_lag2,v5_morena_neto_lag3,v5_morena_neto_lag4,v5_obras_neto_lag1,v5_obras_neto_lag2,v5_obras_neto_lag3,v5_obras_neto_lag4,v5_prevencion_neto_lag1,v5_prevencion_neto_lag2,v5_prevencion_neto_lag3,v5_prevencion_neto_lag4,v5_vialidad_neto_lag1,v5_vialidad_neto_lag2,v5_vialidad_neto_lag3,v5_vialidad_neto_lag4",228.54638641349882,mae,0.10109080577226187,3,1,nivel,all,standard,OP_W14_CONTROLLED,ridge_tscv
2025-10-27,0.134823580717908,0.170657905569605,0.09395494353438347,0.170657905569605,0.09395494353438347,-0.07670296203522153,59,"sentimiento_medios,v5_agua_neto,v5_alumbrado_neto,v5_americo_neto,v5_basura_neto,v5_corrupcion_neto,v5_delitos_neto,v5_morena_neto,v5_obras_neto,v5_prevencion_neto,v5_vialidad_neto,y_t_aceptacion_digital_lag1,y_t_aceptacion_digital_lag2,y_t_aceptacion_digital_lag3,y_t_aceptacion_digital_lag4,sentimiento_medios_lag1,sentimiento_medios_lag2,sentimiento_medios_lag3,sentimiento_medios_lag4,v5_agua_neto_lag1,v5_agua_neto_lag2,v5_agua_neto_lag3,v5_agua_neto_lag4,v5_alumbrado_neto_lag1,v5_alumbrado_neto_lag2,v5_alumbrado_neto_lag3,v5_alumbrado_neto_lag4,v5_americo_neto_lag1,v5_americo_neto_lag2,v5_americo_neto_lag3,v5_americo_neto_lag4,v5_basura_neto_lag1,v5_basura_neto_lag2,v5_basura_neto_lag3,v5_basura_neto_lag4,v5_corrupcion_neto_lag1,v5_corrupcion_neto_lag2,v5_corrupcion_neto_lag3,v5_corrupcion_neto_lag4,v5_delitos_neto_lag1,v5_delitos_neto_lag2,v5_delitos_neto_lag3,v5_delitos_neto_lag4,v5_morena_neto_lag1,v5_morena_neto_lag2,v5_morena_neto_lag3,v5_morena_neto_lag4,v5_obras_neto_lag1,v5_obras_neto_lag2,v5_obras_neto_lag3,v5_obras_neto_lag4,v5_prevencion_neto_lag1,v5_prevencion_neto_lag2,v5_prevencion_neto_lag3,v5_prevencion_neto_lag4,v5_vialidad_neto_lag1,v5_vialidad_neto_lag2,v5_vialidad_neto_lag3,v5_vialidad_neto_lag4",366.52412370796264,mae,0.09752586856608488,3,1,nivel,all,standard,OP_W14_CONTROLLED,ridge_tscv
2025-11-03,0.170657905569605,0.0692562741764684,0.10911674516851047,0.0692562741764684,0.10911674516851047,0.03986047099204207,59,"sentimiento_medios,v5_agua_neto,v5_alumbrado_neto,v5_americo_neto,v5_basura_neto,v5_corrupcion_neto,v5_delitos_neto,v5_morena_neto,v5_obras_neto,v5_prevencion_neto,v5_vialidad_neto,y_t_aceptacion_digital_lag1,y_t_aceptacion_digital_lag2,y_t_aceptacion_digital_lag3,y_t_aceptacion_digital_lag4,sentimiento_medios_lag1,sentimiento_medios_lag2,sentimiento_medios_lag3,sentimiento_medios_lag4,v5_agua_neto_lag1,v5_agua_neto_lag2,v5_agua_neto_lag3,v5_agua_neto_lag4,v5_alumbrado_neto_lag1,v5_alumbrado_neto_lag2,v5_alumbrado_neto_lag3,v5_alumbrado_neto_lag4,v5_americo_neto_lag1,v5_americo_neto_lag2,v5_americo_neto_lag3,v5_americo_neto_lag4,v5_basura_neto_lag1,v5_basura_neto_lag2,v5_basura_neto_lag3,v5_basura_neto_lag4,v5_corrupcion_neto_lag1,v5_corrupcion_neto_lag2,v5_corrupcion_neto_lag3,v5_corrupcion_neto_lag4,v5_delitos_neto_lag1,v5_delitos_neto_lag2,v5_delitos_neto_lag3,v5_delitos_neto_lag4,v5_morena_neto_lag1,v5_morena_neto_lag2,v5_morena_neto_lag3,v5_morena_neto_lag4,v5_obras_neto_lag1,v5_obras_neto_lag2,v5_obras_neto_lag3,v5_obras_neto_lag4,v5_prevencion_neto_lag1,v5_prevencion_neto_lag2,v5_prevencion_neto_lag3,v5_prevencion_neto_lag4,v5_vialidad_neto_lag1,v5_vialidad_neto_lag2,v5_vialidad_neto_lag3,v5_vialidad_neto_lag4",587.8016072274911,mae,0.09758336695673354,3,1,nivel,all,standard,OP_W14_CONTROLLED,ridge_tscv
2025-11-10,0.0692562741764684,0.218016998769719,0.11701377158544088,0.218016998769719,0.11701377158544088,-0.10100322718427812,59,"sentimiento_medios,v5_agua_neto,v5_alumbrado_neto,v5_americo_neto,v5_basura_neto,v5_corrupcion_neto,v5_delitos_neto,v5_morena_neto,v5_obras_neto,v5_prevencion_neto,v5_vialidad_neto,y_t_aceptacion_digital_lag1,y_t_aceptacion_digital_lag2,y_t_aceptacion_digital_lag3,y_t_aceptacion_digital_lag4,sentimiento_medios_lag1,sentimiento_medios_lag2,sentimiento_medios_lag3,sentimiento_medios_lag4,v5_agua_neto_lag1,v5_agua_neto_lag2,v5_agua_neto_lag3,v5_agua_neto_lag4,v5_alumbrado_neto_lag1,v5_alumbrado_neto_lag2,v5_alumbrado_neto_lag3,v5_alumbrado_neto_lag4,v5_americo_neto_lag1,v5_americo_neto_lag2,v5_americo_neto_lag3,v5_americo_neto_lag4,v5_basura_neto_lag1,v5_basura_neto_lag2,v5_basura_neto_lag3,v5_basura_neto_lag4,v5_corrupcion_neto_lag1,v5_corrupcion_neto_lag2,v5_corrupcion_neto_lag3,v5_corrupcion_neto_lag4,v5_delitos_neto_lag1,v5_delitos_neto_lag2,v5_delitos_neto_lag3,v5_delitos_neto_lag4,v5_morena_neto_lag1,v5_morena_neto_lag2,v5_morena_neto_lag3,v5_morena_neto_lag4,v5_obras_neto_lag1,v5_obras_neto_lag2,v5_obras_neto_lag3,v5_obras_neto_lag4,v5_prevencion_neto_lag1,v5_prevencion_neto_lag2,v5_prevencion_neto_lag3,v5_prevencion_neto_lag4,v5_vialidad_neto_lag1,v5_vialidad_neto_lag2,v5_vialidad_neto_lag3,v5_vialidad_neto_lag4",366.52412370796264,mae,0.09667501823300721,3,1,nivel,all,standard,OP_W14_CONTROLLED,ridge_tscv
2025-11-17,0.218016998769719,0.12751595957534,0.12849776298100876,0.12751595957534,0.12849776298100876,0.000981803405668752,59,"sentimiento_medios,v5_agua_neto,v5_alumbrado_neto,v5_americo_neto,v5_basura_neto,v5_corrupcion_neto,v5_delitos_neto,v5_morena_neto,v5_obras_neto,v5_prevencion_neto,v5_vialidad_neto,y_t_aceptacion_digital_lag1,y_t_aceptacion_digital_lag2,y_t_aceptacion_digital_lag3,y_t_aceptacion_digital_lag4,sentimiento_medios_lag1,sentimiento_medios_lag2,sentimiento_medios_lag3,sentimiento_medios_lag4,v5_agua_neto_lag1,v5_agua_neto_lag2,v5_agua_neto_lag3,v5_agua_neto_lag4,v5_alumbrado_neto_lag1,v5_alumbrado_neto_lag2,v5_alumbrado_neto_lag3,v5_alumbrado_neto_lag4,v5_americo_neto_lag1,v5_americo_neto_lag2,v5_americo_neto_lag3,v5_americo_neto_lag4,v5_basura_neto_lag1,v5_basura_neto_lag2,v5_basura_neto_lag3,v5_basura_neto_lag4,v5_corrupcion_neto_lag1,v5_corrupcion_neto_lag2,v5_corrupcion_neto_lag3,v5_corrupcion_neto_lag4,v5_delitos_neto_lag1,v5_delitos_neto_lag2,v5_delitos_neto_lag3,v5_delitos_neto_lag4,v5_morena_neto_lag1,v5_morena_neto_lag2,v5_morena_neto_lag3,v5_morena_neto_lag4,v5_obras_neto_lag1,v5_obras_neto_lag2,v5_obras_neto_lag3,v5_obras_neto_lag4,v5_prevencion_neto_lag1,v5_prevencion_neto_lag2,v5_prevencion_neto_lag3,v5_prevencion_neto_lag4,v5_vialidad_neto_lag1,v5_vialidad_neto_lag2,v5_vialidad_neto_lag3,v5_vialidad_neto_lag4",942.6684551178854,mae,0.09625250005002384,3,1,nivel,all,standard,OP_W14_CONTROLLED,ridge_tscv
2025-11-24,0.12751595957534,0.279605962079427,0.14673421389065072,0.279605962079427,0.14673421389065072,-0.13287174818877628,59,"sentimiento_medios,v5_agua_neto,v5_alumbrado_neto,v5_americo_neto,v5_basura_neto,v5_corrupcion_neto,v5_delitos_neto,v5_morena_neto,v5_obras_neto,v5_prevencion_neto,v5_vialidad_neto,y_t_aceptacion_digital_lag1,y_t_aceptacion_digital_lag2,y_t_aceptacion_digital_lag3,y_t_aceptacion_digital_lag4,sentimiento_medios_lag1,sentimiento_medios_lag2,sentimiento_medios_lag3,sentimiento_medios_lag4,v5_agua_neto_lag1,v5_agua_neto_lag2,v5_agua_neto_lag3,v5_agua_neto_lag4,v5_alumbrado_neto_lag1,v5_alumbrado_neto_lag2,v5_alumbrado_neto_lag3,v5_alumbrado_neto_lag4,v5_americo_neto_lag1,v5_americo_neto_lag2,v5_americo_neto_lag3,v5_americo_neto_lag4,v5_basura_neto_lag1,v5_basura_neto_lag2,v5_basura_neto_lag3,v5_basura_neto_lag4,v5_corrupcion_neto_lag1,v5_corrupcion_neto_lag2,v5_corrupcion_neto_lag3,v5_corrupcion_neto_lag4,v5_delitos_neto_lag1,v5_delitos_neto_lag2,v5_delitos_neto_lag3,v5_delitos_neto_lag4,v5_morena_neto_lag1,v5_morena_neto_lag2,v5_morena_neto_lag3,v5_morena_neto_lag4,v5_obras_neto_lag1,v5_obras_neto_lag2,v5_obras_neto_lag3,v5_obras_neto_lag4,v5_prevencion_neto_lag1,v5_prevencion_neto_lag2,v5_prevencion_neto_lag3,v5_prevencion_neto_lag4,v5_vialidad_neto_lag1,v5_vialidad_neto_lag2,v5_vialidad_neto_lag3,v5_vialidad_neto_lag4",587.8016072274911,mae,0.09388591815153463,3,1,nivel,all,standard,OP_W14_CONTROLLED,ridge_tscv
2025-12-01,0.279605962079427,0.0821158156091689,0.16300008989386397,0.0821158156091689,0.16300008989386397,0.08088427428469507,59,"sentimiento_medios,v5_agua_neto,v5_alumbrado_neto,v5_americo_neto,v5_basura_neto,v5_corrupcion_neto,v5_delitos_neto,v5_morena_neto,v5_obras_neto,v5_prevencion_neto,v5_vialidad_neto,y_t_aceptacion_digital_lag1,y_t_aceptacion_digital_lag2,y_t_aceptacion_digital_lag3,y_t_aceptacion_digital_lag4,sentimiento_medios_lag1,sentimiento_medios_lag2,sentimiento_medios_lag3,sentimiento_medios_lag4,v5_agua_neto_lag1,v5_agua_neto_lag2,v5_agua_neto_lag3,v5_agua_neto_lag4,v5_alumbrado_neto_lag1,v5_alumbrado_neto_lag2,v5_alumbrado_neto_lag3,v5_alumbrado_neto_lag4,v5_americo_neto_lag1,v5_americo_neto_lag2,v5_americo_neto_lag3,v5_americo_neto_lag4,v5_basura_neto_lag1,v5_basura_neto_lag2,v5_basura_neto_lag3,v5_basura_neto_lag4,v5_corrupcion_neto_lag1,v5_corrupcion_neto_lag2,v5_corrupcion_neto_lag3,v5_corrupcion_neto_lag4,v5_delitos_neto_lag1,v5_delitos_neto_lag2,v5_delitos_neto_lag3,v5_delitos_neto_lag4,v5_morena_neto_lag1,v5_morena_neto_lag2,v5_morena_neto_lag3,v5_morena_neto_lag4,v5_obras_neto_lag1,v5_obras_neto_lag2,v5_obras_neto_lag3,v5_obras_neto_lag4,v5_prevencion_neto_lag1,v5_prevencion_neto_lag2,v5_prevencion_neto_lag3,v5_prevencion_neto_lag4,v5_vialidad_neto_lag1,v5_vialidad_neto_lag2,v5_vialidad_neto_lag3,v5_vialidad_neto_lag4",587.8016072274911,mae,0.09725552687864218,3,1,nivel,all,standard,OP_W14_CONTROLLED,ridge_tscv
2025-12-08,0.0821158156091689,0.303813076524669,0.15112757446874084,0.303813076524669,0.15112757446874084,-0.15268550205592815,59,"sentimiento_medios,v5_agua_neto,v5_alumbrado_neto,v5_americo_neto,v5_basura_neto,v5_corrupcion_neto,v5_delitos_neto,v5_morena_neto,v5_obras_neto,v5_prevencion_neto,v5_vialidad_neto,y_t_aceptacion_digital_lag1,y_t_aceptacion_digital_lag2,y_t_aceptacion_digital_lag3,y_t_aceptacion_digital_lag4,sentimiento_medios_lag1,sentimiento_medios_lag2,sentimiento_medios_lag3,sentimiento_medios_lag4,v5_agua_neto_lag1,v5_agua_neto_lag2,v5_agua_neto_lag3,v5_agua_neto_lag4,v5_alumbrado_neto_lag1,v5_alumbrado_neto_lag2,v5_alumbrado_neto_lag3,v5_alumbrado_neto_lag4,v5_americo_neto_lag1,v5_americo_neto_lag2,v5_americo_neto_lag3,v5_americo_neto_lag4,v5_basura_neto_lag1,v5_basura_neto_lag2,v5_basura_neto_lag3,v5_basura_neto_lag4,v5_corrupcion_neto_lag1,v5_corrupcion_neto_lag2,v5_corrupcion_neto_lag3,v5_corrupcion_neto_lag4,v5_delitos_neto_lag1,v5_delitos_neto_lag2,v5_delitos_neto_lag3,v5_delitos_neto_lag4,v5_morena_neto_lag1,v5_morena_neto_lag2,v5_morena_neto_lag3,v5_morena_neto_lag4,v5_obras_neto_lag1,v5_obras_neto_lag2,v5_obras_neto_lag3,v5_obras_neto_lag4,v5_prevencion_neto_lag1,v5_prevencion_neto_lag2,v5_prevencion_neto_lag3,v5_prevencion_neto_lag4,v5_vialidad_neto_lag1,v5_vialidad_neto_lag2,v5_vialidad_neto_lag3,v5_vialidad_neto_lag4",942.6684551178854,mae,0.09384671896375944,3,1,nivel,all,standard,OP_W14_CONTROLLED,ridge_tscv
2025-12-15,0.303813076524669,0.0677012815654136,0.1771823724746711,0.0677012815654136,0.1771823724746711,0.1094810909092575,59,"sentimiento_medios,v5_agua_neto,v5_alumbrado_neto,v5_americo_neto,v5_basura_neto,v5_corrupcion_neto,v5_delitos_neto,v5_morena_neto,v5_obras_neto,v5_prevencion_neto,v5_vialidad_neto,y_t_aceptacion_digital_lag1,y_t_aceptacion_digital_lag2,y_t_aceptacion_digital_lag3,y_t_aceptacion_digital_lag4,sentimiento_medios_lag1,sentimiento_medios_lag2,sentimiento_medios_lag3,sentimiento_medios_lag4,v5_agua_neto_lag1,v5_agua_neto_lag2,v5_agua_neto_lag3,v5_agua_neto_lag4,v5_alumbrado_neto_lag1,v5_alumbrado_neto_lag2,v5_alumbrado_neto_lag3,v5_alumbrado_neto_lag4,v5_americo_neto_lag1,v5_americo_neto_lag2,v5_americo_neto_lag3,v5_americo_neto_lag4,v5_basura_neto_lag1,v5_basura_neto_lag2,v5_basura_neto_lag3,v5_basura_neto_lag4,v5_corrupcion_neto_lag1,v5_corrupcion_neto_lag2,v5_corrupcion_neto_lag3,v5_corrupcion_neto_lag4,v5_delitos_neto_lag1,v5_delitos_neto_lag2,v5_delitos_neto_lag3,v5_delitos_neto_lag4,v5_morena_neto_lag1,v5_morena_neto_lag2,v5_morena_neto_lag3,v5_morena_neto_lag4,v5_obras_neto_lag1,v5_obras_neto_lag2,v5_obras_neto_lag3,v5_obras_neto_lag4,v5_prevencion_neto_lag1,v5_prevencion_neto_lag2,v5_prevencion_neto_lag3,v5_prevencion_neto_lag4,v5_vialidad_neto_lag1,v5_vialidad_neto_lag2,v5_vialidad_neto_lag3,v5_vialidad_neto_lag4",587.8016072274911,mae,0.0966980629247225,3,1,nivel,all,standard,OP_W14_CONTROLLED,ridge_tscv
2025-12-22,0.0677012815654136,0.583621878201202,0.172495097930761,0.583621878201202,0.172495097930761,-0.41112678027044103,59,"sentimiento_medios,v5_agua_neto,v5_alumbrado_neto,v5_americo_neto,v5_basura_neto,v5_corrupcion_neto,v5_delitos_neto,v5_morena_neto,v5_obras_neto,v5_prevencion_neto,v5_vialidad_neto,y_t_aceptacion_digital_lag1,y_t_aceptacion_digital_lag2,y_t_aceptacion_digital_lag3,y_t_aceptacion_digital_lag4,sentimiento_medios_lag1,sentimiento_medios_lag2,sentimiento_medios_lag3,sentimiento_medios_lag4,v5_agua_neto_lag1,v5_agua_neto_lag2,v5_agua_neto_lag3,v5_agua_neto_lag4,v5_alumbrado_neto_lag1,v5_alumbrado_neto_lag2,v5_alumbrado_neto_lag3,v5_alumbrado_neto_lag4,v5_americo_neto_lag1,v5_americo_neto_lag2,v5_americo_neto_lag3,v5_americo_neto_lag4,v5_basura_neto_lag1,v5_basura_neto_lag2,v5_basura_neto_lag3,v5_basura_neto_lag4,v5_corrupcion_neto_lag1,v5_corrupcion_neto_lag2,v5_corrupcion_neto_lag3,v5_corrupcion_neto_lag4,v5_delitos_neto_lag1,v5_delitos_neto_lag2,v5_delitos_neto_lag3,v5_delitos_neto_lag4,v5_morena_neto_lag1,v5_morena_neto_lag2,v5_morena_neto_lag3,v5_morena_neto_lag4,v5_obras_neto_lag1,v5_obras_neto_lag2,v5_obras_neto_lag3,v5_obras_neto_lag4,v5_prevencion_neto_lag1,v5_prevencion_neto_lag2,v5_prevencion_neto_lag3,v5_prevencion_neto_lag4,v5_vialidad_neto_lag1,v5_vialidad_neto_lag2,v5_vialidad_neto_lag3,v5_vialidad_neto_lag4",366.52412370796264,mae,0.09823518170096217,3,1,nivel,all,standard,OP_W14_CONTROLLED,ridge_tscv
2025-12-29,0.583621878201202,0.108341978085893,0.15845390141480864,0.108341978085893,0.15845390141480864,0.050111923328915634,59,"sentimiento_medios,v5_agua_neto,v5_alumbrado_neto,v5_americo_neto,v5_basura_neto,v5_corrupcion_neto,v5_delitos_neto,v5_morena_neto,v5_obras_neto,v5_prevencion_neto,v5_vialidad_neto,y_t_aceptacion_digital_lag1,y_t_aceptacion_digital_lag2,y_t_aceptacion_digital_lag3,y_t_aceptacion_digital_lag4,sentimiento_medios_lag1,sentimiento_medios_lag2,sentimiento_medios_lag3,sentimiento_medios_lag4,v5_agua_neto_lag1,v5_agua_neto_lag2,v5_agua_neto_lag3,v5_agua_neto_lag4,v5_alumbrado_neto_lag1,v5_alumbrado_neto_lag2,v5_alumbrado_neto_lag3,v5_alumbrado_neto_lag4,v5_americo_neto_lag1,v5_americo_neto_lag2,v5_americo_neto_lag3,v5_americo_neto_lag4,v5_basura_neto_lag1,v5_basura_neto_lag2,v5_basura_neto_lag3,v5_basura_neto_lag4,v5_corrupcion_neto_lag1,v5_corrupcion_neto_lag2,v5_corrupcion_neto_lag3,v5_corrupcion_neto_lag4,v5_delitos_neto_lag1,v5_delitos_neto_lag2,v5_delitos_neto_lag3,v5_delitos_neto_lag4,v5_morena_neto_lag1,v5_morena_neto_lag2,v5_morena_neto_lag3,v5_morena_neto_lag4,v5_obras_neto_lag1,v5_obras_neto_lag2,v5_obras_neto_lag3,v5_obras_neto_lag4,v5_prevencion_neto_lag1,v5_prevencion_neto_lag2,v5_prevencion_neto_lag3,v5_prevencion_neto_lag4,v5_vialidad_neto_lag1,v5_vialidad_neto_lag2,v5_vialidad_neto_lag3,v5_vialidad_neto_lag4",587.8016072274911,mae,0.10724038881707376,3,1,nivel,all,standard,OP_W14_CONTROLLED,ridge_tscv
2026-01-05,0.108341978085893,0.0687870202028637,0.14036964798442467,0.0687870202028637,0.14036964798442467,0.07158262778156096,59,"sentimiento_medios,v5_agua_neto,v5_alumbrado_neto,v5_americo_neto,v5_basura_neto,v5_corrupcion_neto,v5_delitos_neto,v5_morena_neto,v5_obras_neto,v5_prevencion_neto,v5_vialidad_neto,y_t_aceptacion_digital_lag1,y_t_aceptacion_digital_lag2,y_t_aceptacion_digital_lag3,y_t_aceptacion_digital_lag4,sentimiento_medios_lag1,sentimiento_medios_lag2,sentimiento_medios_lag3,sentimiento_medios_lag4,v5_agua_neto_lag1,v5_agua_neto_lag2,v5_agua_neto_lag3,v5_agua_neto_lag4,v5_alumbrado_neto_lag1,v5_alumbrado_neto_lag2,v5_alumbrado_neto_lag3,v5_alumbrado_neto_lag4,v5_americo_neto_lag1,v5_americo_neto_lag2,v5_americo_neto_lag3,v5_americo_neto_lag4,v5_basura_neto_lag1,v5_basura_neto_lag2,v5_basura_neto_lag3,v5_basura_neto_lag4,v5_corrupcion_neto_lag1,v5_corrupcion_neto_lag2,v5_corrupcion_neto_lag3,v5_corrupcion_neto_lag4,v5_delitos_neto_lag1,v5_delitos_neto_lag2,v5_delitos_neto_lag3,v5_delitos_neto_lag4,v5_morena_neto_lag1,v5_morena_neto_lag2,v5_morena_neto_lag3,v5_morena_neto_lag4,v5_obras_neto_lag1,v5_obras_neto_lag2,v5_obras_neto_lag3,v5_obras_neto_lag4,v5_prevencion_neto_lag1,v5_prevencion_neto_lag2,v5_prevencion_neto_lag3,v5_prevencion_neto_lag4,v5_vialidad_neto_lag1,v5_vialidad_neto_lag2,v5_vialidad_neto_lag3,v5_vialidad_neto_lag4",366.52412370796264,mae,0.10312189360702255,3,1,nivel,all,standard,OP_W14_CONTROLLED,ridge_tscv
2026-01-12,0.0687870202028637,0.245426229585526,0.08844826951921086,0.245426229585526,0.08844826951921086,-0.15697796006631515,59,"sentimiento_medios,v5_agua_neto,v5_alumbrado_neto,v5_americo_neto,v5_basura_neto,v5_corrupcion_neto,v5_delitos_neto,v5_morena_neto,v5_obras_neto,v5_prevencion_neto,v5_vialidad_neto,y_t_aceptacion_digital_lag1,y_t_aceptacion_digital_lag2,y_t_aceptacion_digital_lag3,y_t_aceptacion_digital_lag4,sentimiento_medios_lag1,sentimiento_medios_lag2,sentimiento_medios_lag3,sentimiento_medios_lag4,v5_agua_neto_lag1,v5_agua_neto_lag2,v5_agua_neto_lag3,v5_agua_neto_lag4,v5_alumbrado_neto_lag1,v5_alumbrado_neto_lag2,v5_alumbrado_neto_lag3,v5_alumbrado_neto_lag4,v5_americo_neto_lag1,v5_americo_neto_lag2,v5_americo_neto_lag3,v5_americo_neto_lag4,v5_basura_neto_lag1,v5_basura_neto_lag2,v5_basura_neto_lag3,v5_basura_neto_lag4,v5_corrupcion_neto_lag1,v5_corrupcion_neto_lag2,v5_corrupcion_neto_lag3,v5_corrupcion_neto_lag4,v5_delitos_neto_lag1,v5_delitos_neto_lag2,v5_delitos_neto_lag3,v5_delitos_neto_lag4,v5_morena_neto_lag1,v5_morena_neto_lag2,v5_morena_neto_lag3,v5_morena_neto_lag4,v5_obras_neto_lag1,v5_obras_neto_lag2,v5_obras_neto_lag3,v5_obras_neto_lag4,v5_prevencion_neto_lag1,v5_prevencion_neto_lag2,v5_prevencion_neto_lag3,v5_prevencion_neto_lag4,v5_vialidad_neto_lag1,v5_vialidad_neto_lag2,v5_vialidad_neto_lag3,v5_vialidad_neto_lag4",228.54638641349882,mae,0.10308612671020805,3,1,nivel,all,standard,OP_W14_CONTROLLED,ridge_tscv
2026-01-19,0.245426229585526,0.320565191490885,0.13530806340263068,0.320565191490885,0.13530806340263068,-0.18525712808825434,59,"sentimiento_medios,v5_agua_neto,v5_alumbrado_neto,v5_americo_neto,v5_basura_neto,v5_corrupcion_neto,v5_delitos_neto,v5_morena_neto,v5_obras_neto,v5_prevencion_neto,v5_vialidad_neto,y_t_aceptacion_digital_lag1,y_t_aceptacion_digital_lag2,y_t_aceptacion_digital_lag3,y_t_aceptacion_digital_lag4,sentimiento_medios_lag1,sentimiento_medios_lag2,sentimiento_medios_lag3,sentimiento_medios_lag4,v5_agua_neto_lag1,v5_agua_neto_lag2,v5_agua_neto_lag3,v5_agua_neto_lag4,v5_alumbrado_neto_lag1,v5_alumbrado_neto_lag2,v5_alumbrado_neto_lag3,v5_alumbrado_neto_lag4,v5_americo_neto_lag1,v5_americo_neto_lag2,v5_americo_neto_lag3,v5_americo_neto_lag4,v5_basura_neto_lag1,v5_basura_neto_lag2,v5_basura_neto_lag3,v5_basura_neto_lag4,v5_corrupcion_neto_lag1,v5_corrupcion_neto_lag2,v5_corrupcion_neto_lag3,v5_corrupcion_neto_lag4,v5_delitos_neto_lag1,v5_delitos_neto_lag2,v5_delitos_neto_lag3,v5_delitos_neto_lag4,v5_morena_neto_lag1,v5_morena_neto_lag2,v5_morena_neto_lag3,v5_morena_neto_lag4,v5_obras_neto_lag1,v5_obras_neto_lag2,v5_obras_neto_lag3,v5_obras_neto_lag4,v5_prevencion_neto_lag1,v5_prevencion_neto_lag2,v5_prevencion_neto_lag3,v5_prevencion_neto_lag4,v5_vialidad_neto_lag1,v5_vialidad_neto_lag2,v5_vialidad_neto_lag3,v5_vialidad_neto_lag4",587.8016072274911,mae,0.10537617681560126,3,1,nivel,all,standard,OP_W14_CONTROLLED,ridge_tscv
2026-01-26,0.320565191490885,0.170007405822799,0.14395386709750632,0.170007405822799,0.14395386709750632,-0.026053538725292674,59,"sentimiento_medios,v5_agua_neto,v5_alumbrado_neto,v5_americo_neto,v5_basura_neto,v5_corrupcion_neto,v5_delitos_neto,v5_morena_neto,v5_obras_neto,v5_prevencion_neto,v5_vialidad_neto,y_t_aceptacion_digital_lag1,y_t_aceptacion_digital_lag2,y_t_aceptacion_digital_lag3,y_t_aceptacion_digital_lag4,sentimiento_medios_lag1,sentimiento_medios_lag2,sentimiento_medios_lag3,sentimiento_medios_lag4,v5_agua_neto_lag1,v5_agua_neto_lag2,v5_agua_neto_lag3,v5_agua_neto_lag4,v5_alumbrado_neto_lag1,v5_alumbrado_neto_lag2,v5_alumbrado_neto_lag3,v5_alumbrado_neto_lag4,v5_americo_neto_lag1,v5_americo_neto_lag2,v5_americo_neto_lag3,v5_americo_neto_lag4,v5_basura_neto_lag1,v5_basura_neto_lag2,v5_basura_neto_lag3,v5_basura_neto_lag4,v5_corrupcion_neto_lag1,v5_corrupcion_neto_lag2,v5_corrupcion_neto_lag3,v5_corrupcion_neto_lag4,v5_delitos_neto_lag1,v5_delitos_neto_lag2,v5_delitos_neto_lag3,v5_delitos_neto_lag4,v5_morena_neto_lag1,v5_morena_neto_lag2,v5_morena_neto_lag3,v5_morena_neto_lag4,v5_obras_neto_lag1,v5_obras_neto_lag2,v5_obras_neto_lag3,v5_obras_neto_lag4,v5_prevencion_neto_lag1,v5_prevencion_neto_lag2,v5_prevencion_neto_lag3,v5_prevencion_neto_lag4,v5_vialidad_neto_lag1,v5_vialidad_neto_lag2,v5_vialidad_neto_lag3,v5_vialidad_neto_lag4",10000.0,mae,0.10564967209075775,3,1,nivel,all,standard,OP_W14_CONTROLLED,ridge_tscv
2026-02-02,0.170007405822799,-0.0198367240853288,0.17175249673319018,-0.0198367240853288,0.17175249673319018,0.19158922081851898,59,"sentimiento_medios,v5_agua_neto,v5_alumbrado_neto,v5_americo_neto,v5_basura_neto,v5_corrupcion_neto,v5_delitos_neto,v5_morena_neto,v5_obras_neto,v5_prevencion_neto,v5_vialidad_neto,y_t_aceptacion_digital_lag1,y_t_aceptacion_digital_lag2,y_t_aceptacion_digital_lag3,y_t_aceptacion_digital_lag4,sentimiento_medios_lag1,sentimiento_medios_lag2,sentimiento_medios_lag3,sentimiento_medios_lag4,v5_agua_neto_lag1,v5_agua_neto_lag2,v5_agua_neto_lag3,v5_agua_neto_lag4,v5_alumbrado_neto_lag1,v5_alumbrado_neto_lag2,v5_alumbrado_neto_lag3,v5_alumbrado_neto_lag4,v5_americo_neto_lag1,v5_americo_neto_lag2,v5_americo_neto_lag3,v5_americo_neto_lag4,v5_basura_neto_lag1,v5_basura_neto_lag2,v5_basura_neto_lag3,v5_basura_neto_lag4,v5_corrupcion_neto_lag1,v5_corrupcion_neto_lag2,v5_corrupcion_neto_lag3,v5_corrupcion_neto_lag4,v5_delitos_neto_lag1,v5_delitos_neto_lag2,v5_delitos_neto_lag3,v5_delitos_neto_lag4,v5_morena_neto_lag1,v5_morena_neto_lag2,v5_morena_neto_lag3,v5_morena_neto_lag4,v5_obras_neto_lag1,v5_obras_neto_lag2,v5_obras_neto_lag3,v5_obras_neto_lag4,v5_prevencion_neto_lag1,v5_prevencion_neto_lag2,v5_prevencion_neto_lag3,v5_prevencion_neto_lag4,v5_vialidad_neto_lag1,v5_vialidad_neto_lag2,v5_vialidad_neto_lag3,v5_vialidad_neto_lag4",587.8016072274911,mae,0.10630963074317668,3,1,nivel,all,standard,OP_W14_CONTROLLED,ridge_tscv
2026-02-09,-0.0198367240853288,0.0960196886446368,0.1726513907143063,0.0960196886446368,0.1726513907143063,0.0766317020696695,59,"sentimiento_medios,v5_agua_neto,v5_alumbrado_neto,v5_americo_neto,v5_basura_neto,v5_corrupcion_neto,v5_delitos_neto,v5_morena_neto,v5_obras_neto,v5_prevencion_neto,v5_vialidad_neto,y_t_aceptacion_digital_lag1,y_t_aceptacion_digital_lag2,y_t_aceptacion_digital_lag3,y_t_aceptacion_digital_lag4,sentimiento_medios_lag1,sentimiento_medios_lag2,sentimiento_medios_lag3,sentimiento_medios_lag4,v5_agua_neto_lag1,v5_agua_neto_lag2,v5_agua_neto_lag3,v5_agua_neto_lag4,v5_alumbrado_neto_lag1,v5_alumbrado_neto_lag2,v5_alumbrado_neto_lag3,v5_alumbrado_neto_lag4,v5_americo_neto_lag1,v5_americo_neto_lag2,v5_americo_neto_lag3,v5_americo_neto_lag4,v5_basura_neto_lag1,v5_basura_neto_lag2,v5_basura_neto_lag3,v5_basura_neto_lag4,v5_corrupcion_neto_lag1,v5_corrupcion_neto_lag2,v5_corrupcion_neto_lag3,v5_corrupcion_neto_lag4,v5_delitos_neto_lag1,v5_delitos_neto_lag2,v5_delitos_neto_lag3,v5_delitos_neto_lag4,v5_morena_neto_lag1,v5_morena_neto_lag2,v5_morena_neto_lag3,v5_morena_neto_lag4,v5_obras_neto_lag1,v5_obras_neto_lag2,v5_obras_neto_lag3,v5_obras_neto_lag4,v5_prevencion_neto_lag1,v5_prevencion_neto_lag2,v5_prevencion_neto_lag3,v5_prevencion_neto_lag4,v5_vialidad_neto_lag1,v5_vialidad_neto_lag2,v5_vialidad_neto_lag3,v5_vialidad_neto_lag4",587.8016072274911,mae,0.10728518035552444,3,1,nivel,all,standard,OP_W14_CONTROLLED,ridge_tscv
2026-02-16,0.0960196886446368,0.27725068164164,0.15808868206630852,0.27725068164164,0.15808868206630852,-0.1191619995753315,59,"sentimiento_medios,v5_agua_neto,v5_alumbrado_neto,v5_americo_neto,v5_basura_neto,v5_corrupcion_neto,v5_delitos_neto,v5_morena_neto,v5_obras_neto,v5_prevencion_neto,v5_vialidad_neto,y_t_aceptacion_digital_lag1,y_t_aceptacion_digital_lag2,y_t_aceptacion_digital_lag3,y_t_aceptacion_digital_lag4,sentimiento_medios_lag1,sentimiento_medios_lag2,sentimiento_medios_lag3,sentimiento_medios_lag4,v5_agua_neto_lag1,v5_agua_neto_lag2,v5_agua_neto_lag3,v5_agua_neto_lag4,v5_alumbrado_neto_lag1,v5_alumbrado_neto_lag2,v5_alumbrado_neto_lag3,v5_alumbrado_neto_lag4,v5_americo_neto_lag1,v5_americo_neto_lag2,v5_americo_neto_lag3,v5_americo_neto_lag4,v5_basura_neto_lag1,v5_basura_neto_lag2,v5_basura_neto_lag3,v5_basura_neto_lag4,v5_corrupcion_neto_lag1,v5_corrupcion_neto_lag2,v5_corrupcion_neto_lag3,v5_corrupcion_neto_lag4,v5_delitos_neto_lag1,v5_delitos_neto_lag2,v5_delitos_neto_lag3,v5_delitos_neto_lag4,v5_morena_neto_lag1,v5_morena_neto_lag2,v5_morena_neto_lag3,v5_morena_neto_lag4,v5_obras_neto_lag1,v5_obras_neto_lag2,v5_obras_neto_lag3,v5_obras_neto_lag4,v5_prevencion_neto_lag1,v5_prevencion_neto_lag2,v5_prevencion_neto_lag3,v5_prevencion_neto_lag4,v5_vialidad_neto_lag1,v5_vialidad_neto_lag2,v5_vialidad_neto_lag3,v5_vialidad_neto_lag4",1511.77507061566,mae,0.1018980137892802,3,1,nivel,all,standard,OP_W14_CONTROLLED,ridge_tscv
2026-02-23,0.27725068164164,0.210058588277401,0.15865257583489947,0.210058588277401,0.15865257583489947,-0.051406012442501536,59,"sentimiento_medios,v5_agua_neto,v5_alumbrado_neto,v5_americo_neto,v5_basura_neto,v5_corrupcion_neto,v5_delitos_neto,v5_morena_neto,v5_obras_neto,v5_prevencion_neto,v5_vialidad_neto,y_t_aceptacion_digital_lag1,y_t_aceptacion_digital_lag2,y_t_aceptacion_digital_lag3,y_t_aceptacion_digital_lag4,sentimiento_medios_lag1,sentimiento_medios_lag2,sentimiento_medios_lag3,sentimiento_medios_lag4,v5_agua_neto_lag1,v5_agua_neto_lag2,v5_agua_neto_lag3,v5_agua_neto_lag4,v5_alumbrado_neto_lag1,v5_alumbrado_neto_lag2,v5_alumbrado_neto_lag3,v5_alumbrado_neto_lag4,v5_americo_neto_lag1,v5_americo_neto_lag2,v5_americo_neto_lag3,v5_americo_neto_lag4,v5_basura_neto_lag1,v5_basura_neto_lag2,v5_basura_neto_lag3,v5_basura_neto_lag4,v5_corrupcion_neto_lag1,v5_corrupcion_neto_lag2,v5_corrupcion_neto_lag3,v5_corrupcion_neto_lag4,v5_delitos_neto_lag1,v5_delitos_neto_lag2,v5_delitos_neto_lag3,v5_delitos_neto_lag4,v5_morena_neto_lag1,v5_morena_neto_lag2,v5_morena_neto_lag3,v5_morena_neto_lag4,v5_obras_neto_lag1,v5_obras_neto_lag2,v5_obras_neto_lag3,v5_obras_neto_lag4,v5_prevencion_neto_lag1,v5_prevencion_neto_lag2,v5_prevencion_neto_lag3,v5_prevencion_neto_lag4,v5_vialidad_neto_lag1,v5_vialidad_neto_lag2,v5_vialidad_neto_lag3,v5_vialidad_neto_lag4",942.6684551178854,mae,0.10282683658540914,3,1,nivel,all,standard,OP_W14_CONTROLLED,ridge_tscv
