fecha_inicio_semana,target_4w_aceptacion_digital,base_oof_pred,residual_target,oof_fold,outer_test_date,base_model,residual_model
2025-04-14,0.0621123145606552,0.11668853089487541,-0.05457621633422021,2,2025-09-01,catboost_regressor,ridge_tscv
2025-04-21,0.143176753734124,0.12348965491866593,0.019687098815458076,2,2025-09-01,catboost_regressor,ridge_tscv
2025-04-28,0.0836116782995949,0.14088918818071908,-0.05727750988112418,2,2025-09-01,catboost_regressor,ridge_tscv
2025-05-05,0.188465024293173,0.09532349379850423,0.09314153049466876,2,2025-09-01,catboost_regressor,ridge_tscv
2025-05-12,0.28557128111203,0.11072357110543932,0.1748477100065907,2,2025-09-01,catboost_regressor,ridge_tscv
2025-05-19,0.128343012321562,0.0871822793461497,0.04116073297541231,2,2025-09-01,catboost_regressor,ridge_tscv
2025-05-26,0.110639383957494,0.08838049175667059,0.022258892200823402,2,2025-09-01,catboost_regressor,ridge_tscv
2025-06-02,0.134504519725832,0.10246147534800401,0.032043044377827984,2,2025-09-01,catboost_regressor,ridge_tscv
2025-06-09,0.0229259028385385,0.09925904378957907,-0.07633314095104057,2,2025-09-01,catboost_regressor,ridge_tscv
2025-06-16,-0.0145272235338583,0.10354425387664866,-0.11807147741050696,2,2025-09-01,catboost_regressor,ridge_tscv
2025-06-23,-0.0119427901737269,0.1105213509761879,-0.1224641411499148,3,2025-09-01,catboost_regressor,ridge_tscv
2025-06-30,0.0375468051905529,0.14172805008101472,-0.10418124489046182,3,2025-09-01,catboost_regressor,ridge_tscv
2025-07-07,-0.0734008015778954,0.11621401731351377,-0.1896148188914092,3,2025-09-01,catboost_regressor,ridge_tscv
2025-07-14,0.0745517215562396,0.13296248351656786,-0.05841076196032827,3,2025-09-01,catboost_regressor,ridge_tscv
2025-07-21,0.0643779113892458,0.23775334654194352,-0.1733754351526977,3,2025-09-01,catboost_regressor,ridge_tscv
2025-07-28,0.342789901148327,0.11956528684406252,0.2232246143042645,3,2025-09-01,catboost_regressor,ridge_tscv
2025-08-04,0.0328375249929476,0.1260868995836553,-0.0932493745907077,3,2025-09-01,catboost_regressor,ridge_tscv
2025-08-11,0.0750438311217277,0.11688277816870442,-0.041838947046976716,3,2025-09-01,catboost_regressor,ridge_tscv
2025-08-18,0.244150207322864,0.13159153448656427,0.11255867283629972,3,2025-09-01,catboost_regressor,ridge_tscv
2025-08-25,0.0353374615739687,0.14173353650731296,-0.10639607493334427,3,2025-09-01,catboost_regressor,ridge_tscv
2025-04-21,0.143176753734124,0.11651524446556646,0.026661509268557537,2,2025-09-08,catboost_regressor,ridge_tscv
2025-04-28,0.0836116782995949,0.1322739483417969,-0.048662270042202,2,2025-09-08,catboost_regressor,ridge_tscv
2025-05-05,0.188465024293173,0.12891747087144023,0.05954755342173276,2,2025-09-08,catboost_regressor,ridge_tscv
2025-05-12,0.28557128111203,0.09421363648665544,0.19135764462537458,2,2025-09-08,catboost_regressor,ridge_tscv
2025-05-19,0.128343012321562,0.09035071695533983,0.03799229536622217,2,2025-09-08,catboost_regressor,ridge_tscv
2025-05-26,0.110639383957494,0.09047906224364058,0.020160321713853416,2,2025-09-08,catboost_regressor,ridge_tscv
2025-06-02,0.134504519725832,0.09062266609575229,0.04388185363007971,2,2025-09-08,catboost_regressor,ridge_tscv
2025-06-09,0.0229259028385385,0.09723158652909551,-0.07430568369055701,2,2025-09-08,catboost_regressor,ridge_tscv
2025-06-16,-0.0145272235338583,0.10418754162515309,-0.11871476515901139,2,2025-09-08,catboost_regressor,ridge_tscv
2025-06-23,-0.0119427901737269,0.10159645414729346,-0.11353924432102036,2,2025-09-08,catboost_regressor,ridge_tscv
2025-06-30,0.0375468051905529,0.1384963165947281,-0.10094951140417521,3,2025-09-08,catboost_regressor,ridge_tscv
2025-07-07,-0.0734008015778954,0.12383340892141033,-0.19723421049930573,3,2025-09-08,catboost_regressor,ridge_tscv
2025-07-14,0.0745517215562396,0.13262634945407964,-0.05807462789784004,3,2025-09-08,catboost_regressor,ridge_tscv
2025-07-21,0.0643779113892458,0.2234111640476908,-0.15903325265844498,3,2025-09-08,catboost_regressor,ridge_tscv
2025-07-28,0.342789901148327,0.129314485601656,0.21347541554667102,3,2025-09-08,catboost_regressor,ridge_tscv
2025-08-04,0.0328375249929476,0.11819745125817994,-0.08535992626523234,3,2025-09-08,catboost_regressor,ridge_tscv
2025-08-11,0.0750438311217277,0.14935638427217846,-0.07431255315045075,3,2025-09-08,catboost_regressor,ridge_tscv
2025-08-18,0.244150207322864,0.1342204883930834,0.1099297189297806,3,2025-09-08,catboost_regressor,ridge_tscv
2025-08-25,0.0353374615739687,0.15238862066407824,-0.11705115909010955,3,2025-09-08,catboost_regressor,ridge_tscv
2025-09-01,0.037083177521204,0.13754101073642916,-0.10045783321522517,3,2025-09-08,catboost_regressor,ridge_tscv
2025-02-17,-0.0534885806271719,0.10404429509189948,-0.15753287571907137,1,2025-09-15,catboost_regressor,ridge_tscv
2025-02-24,0.130173199310947,0.08855751925087225,0.04161568006007475,1,2025-09-15,catboost_regressor,ridge_tscv
2025-03-03,0.00546544176995905,0.10350909037190252,-0.09804364860194346,1,2025-09-15,catboost_regressor,ridge_tscv
2025-03-10,0.473177765273476,0.11097711938453662,0.36220064588893935,1,2025-09-15,catboost_regressor,ridge_tscv
2025-03-17,0.0843248897867335,0.1326062073417914,-0.04828131755505791,1,2025-09-15,catboost_regressor,ridge_tscv
2025-03-24,0.148015195933047,0.07098384962654719,0.0770313463064998,1,2025-09-15,catboost_regressor,ridge_tscv
2025-03-31,0.443868011869911,0.10701961378342822,0.33684839808648276,1,2025-09-15,catboost_regressor,ridge_tscv
2025-04-07,0.134617370254834,0.10356483854386764,0.031052531710966363,1,2025-09-15,catboost_regressor,ridge_tscv
2025-04-14,0.0621123145606552,0.11391133635274665,-0.051799021792091456,1,2025-09-15,catboost_regressor,ridge_tscv
2025-04-21,0.143176753734124,0.10771405525378248,0.03546269848034152,1,2025-09-15,catboost_regressor,ridge_tscv
2025-04-28,0.0836116782995949,0.12785919090418726,-0.044247512604592365,2,2025-09-15,catboost_regressor,ridge_tscv
2025-05-05,0.188465024293173,0.11048388948911483,0.07798113480405816,2,2025-09-15,catboost_regressor,ridge_tscv
2025-05-12,0.28557128111203,0.1093006844128864,0.1762705966991436,2,2025-09-15,catboost_regressor,ridge_tscv
2025-05-19,0.128343012321562,0.07868831961194284,0.04965469270961917,2,2025-09-15,catboost_regressor,ridge_tscv
2025-05-26,0.110639383957494,0.08870944339133699,0.021929940566157005,2,2025-09-15,catboost_regressor,ridge_tscv
2025-06-02,0.134504519725832,0.08091461021343097,0.05358990951240103,2,2025-09-15,catboost_regressor,ridge_tscv
2025-06-09,0.0229259028385385,0.08636770593439448,-0.06344180309585598,2,2025-09-15,catboost_regressor,ridge_tscv
2025-06-16,-0.0145272235338583,0.08561617491852111,-0.1001433984523794,2,2025-09-15,catboost_regressor,ridge_tscv
2025-06-23,-0.0119427901737269,0.1272494991452717,-0.1391922893189986,2,2025-09-15,catboost_regressor,ridge_tscv
2025-06-30,0.0375468051905529,0.13244662495328338,-0.09489981976273049,2,2025-09-15,catboost_regressor,ridge_tscv
2025-07-07,-0.0734008015778954,0.0866310292557423,-0.1600318308336377,3,2025-09-15,catboost_regressor,ridge_tscv
2025-07-14,0.0745517215562396,0.11249831070811496,-0.03794658915187536,3,2025-09-15,catboost_regressor,ridge_tscv
2025-07-21,0.0643779113892458,0.199580644338423,-0.13520273294917723,3,2025-09-15,catboost_regressor,ridge_tscv
2025-07-28,0.342789901148327,0.09886263032582737,0.24392727082249965,3,2025-09-15,catboost_regressor,ridge_tscv
2025-08-04,0.0328375249929476,0.13205982973433963,-0.09922230474139204,3,2025-09-15,catboost_regressor,ridge_tscv
2025-08-11,0.0750438311217277,0.12708869104160178,-0.05204485991987408,3,2025-09-15,catboost_regressor,ridge_tscv
2025-08-18,0.244150207322864,0.14490452379524846,0.09924568352761554,3,2025-09-15,catboost_regressor,ridge_tscv
2025-08-25,0.0353374615739687,0.15039369064715452,-0.11505622907318583,3,2025-09-15,catboost_regressor,ridge_tscv
2025-09-01,0.037083177521204,0.10309817915278698,-0.06601500163158297,3,2025-09-15,catboost_regressor,ridge_tscv
2025-09-08,0.0408302409621366,0.0795887737351301,-0.038758532772993494,3,2025-09-15,catboost_regressor,ridge_tscv
2025-02-24,0.130173199310947,0.04729050443276385,0.08288269487818316,1,2025-09-22,catboost_regressor,ridge_tscv
2025-03-03,0.00546544176995905,0.11114653159271919,-0.10568108982276013,1,2025-09-22,catboost_regressor,ridge_tscv
2025-03-10,0.473177765273476,0.08639514165728845,0.38678262361618754,1,2025-09-22,catboost_regressor,ridge_tscv
2025-03-17,0.0843248897867335,0.08238164571401115,0.0019432440727223527,1,2025-09-22,catboost_regressor,ridge_tscv
2025-03-24,0.148015195933047,0.055825361820455464,0.09218983411259152,1,2025-09-22,catboost_regressor,ridge_tscv
2025-03-31,0.443868011869911,0.04295803930135987,0.4009099725685511,1,2025-09-22,catboost_regressor,ridge_tscv
2025-04-07,0.134617370254834,0.09787139259121777,0.03674597766361623,1,2025-09-22,catboost_regressor,ridge_tscv
2025-04-14,0.0621123145606552,0.08082616577175471,-0.01871385121109951,1,2025-09-22,catboost_regressor,ridge_tscv
2025-04-21,0.143176753734124,0.05783902924175405,0.08533772449236995,1,2025-09-22,catboost_regressor,ridge_tscv
2025-04-28,0.0836116782995949,0.11610434439734403,-0.03249266609774913,1,2025-09-22,catboost_regressor,ridge_tscv
2025-05-05,0.188465024293173,0.09910536555222556,0.08935965874094744,2,2025-09-22,catboost_regressor,ridge_tscv
2025-05-12,0.28557128111203,0.0769091381395362,0.2086621429724938,2,2025-09-22,catboost_regressor,ridge_tscv
2025-05-19,0.128343012321562,0.07252733325259567,0.05581567906896634,2,2025-09-22,catboost_regressor,ridge_tscv
2025-05-26,0.110639383957494,0.08266432946865357,0.027975054488840426,2,2025-09-22,catboost_regressor,ridge_tscv
2025-06-02,0.134504519725832,0.06647871674106044,0.06802580298477155,2,2025-09-22,catboost_regressor,ridge_tscv
2025-06-09,0.0229259028385385,0.10593990524562191,-0.08301400240708341,2,2025-09-22,catboost_regressor,ridge_tscv
2025-06-16,-0.0145272235338583,0.1029052770167338,-0.1174325005505921,2,2025-09-22,catboost_regressor,ridge_tscv
2025-06-23,-0.0119427901737269,0.1000609688863197,-0.1120037590600466,2,2025-09-22,catboost_regressor,ridge_tscv
2025-06-30,0.0375468051905529,0.13816381948519335,-0.10061701429464046,2,2025-09-22,catboost_regressor,ridge_tscv
2025-07-07,-0.0734008015778954,0.12483128302245498,-0.19823208460035038,2,2025-09-22,catboost_regressor,ridge_tscv
2025-07-14,0.0745517215562396,0.09436879750237029,-0.01981707594613069,3,2025-09-22,catboost_regressor,ridge_tscv
2025-07-21,0.0643779113892458,0.15334508707349098,-0.08896717568424518,3,2025-09-22,catboost_regressor,ridge_tscv
2025-07-28,0.342789901148327,0.10643725902369672,0.2363526421246303,3,2025-09-22,catboost_regressor,ridge_tscv
2025-08-04,0.0328375249929476,0.10291262788133454,-0.07007510288838695,3,2025-09-22,catboost_regressor,ridge_tscv
2025-08-11,0.0750438311217277,0.11966393068368504,-0.04462009956195734,3,2025-09-22,catboost_regressor,ridge_tscv
2025-08-18,0.244150207322864,0.1237996405804518,0.1203505667424122,3,2025-09-22,catboost_regressor,ridge_tscv
2025-08-25,0.0353374615739687,0.14466466597814098,-0.10932720440417229,3,2025-09-22,catboost_regressor,ridge_tscv
2025-09-01,0.037083177521204,0.1087521323565598,-0.07166895483535579,3,2025-09-22,catboost_regressor,ridge_tscv
2025-09-08,0.0408302409621366,0.09438621975197589,-0.05355597878983929,3,2025-09-22,catboost_regressor,ridge_tscv
2025-09-15,-0.0316621893348032,0.10173651491802795,-0.13339870425283115,3,2025-09-22,catboost_regressor,ridge_tscv
2025-04-28,0.0836116782995949,0.12785919090418726,-0.044247512604592365,2,2025-09-29,catboost_regressor,ridge_tscv
2025-05-05,0.188465024293173,0.11048388948911483,0.07798113480405816,2,2025-09-29,catboost_regressor,ridge_tscv
2025-05-12,0.28557128111203,0.1093006844128864,0.1762705966991436,2,2025-09-29,catboost_regressor,ridge_tscv
2025-05-19,0.128343012321562,0.07868831961194284,0.04965469270961917,2,2025-09-29,catboost_regressor,ridge_tscv
2025-05-26,0.110639383957494,0.08870944339133699,0.021929940566157005,2,2025-09-29,catboost_regressor,ridge_tscv
2025-06-02,0.134504519725832,0.08091461021343097,0.05358990951240103,2,2025-09-29,catboost_regressor,ridge_tscv
2025-06-09,0.0229259028385385,0.08636770593439448,-0.06344180309585598,2,2025-09-29,catboost_regressor,ridge_tscv
2025-06-16,-0.0145272235338583,0.08561617491852111,-0.1001433984523794,2,2025-09-29,catboost_regressor,ridge_tscv
2025-06-23,-0.0119427901737269,0.1272494991452717,-0.1391922893189986,2,2025-09-29,catboost_regressor,ridge_tscv
2025-06-30,0.0375468051905529,0.13244662495328338,-0.09489981976273049,2,2025-09-29,catboost_regressor,ridge_tscv
2025-07-07,-0.0734008015778954,0.1311501744753975,-0.20455097605329292,2,2025-09-29,catboost_regressor,ridge_tscv
2025-07-14,0.0745517215562396,0.09436879750237029,-0.01981707594613069,3,2025-09-29,catboost_regressor,ridge_tscv
2025-07-21,0.0643779113892458,0.15334508707349098,-0.08896717568424518,3,2025-09-29,catboost_regressor,ridge_tscv
2025-07-28,0.342789901148327,0.10643725902369672,0.2363526421246303,3,2025-09-29,catboost_regressor,ridge_tscv
2025-08-04,0.0328375249929476,0.10291262788133454,-0.07007510288838695,3,2025-09-29,catboost_regressor,ridge_tscv
2025-08-11,0.0750438311217277,0.11966393068368504,-0.04462009956195734,3,2025-09-29,catboost_regressor,ridge_tscv
2025-08-18,0.244150207322864,0.1237996405804518,0.1203505667424122,3,2025-09-29,catboost_regressor,ridge_tscv
2025-08-25,0.0353374615739687,0.14466466597814098,-0.10932720440417229,3,2025-09-29,catboost_regressor,ridge_tscv
2025-09-01,0.037083177521204,0.1087521323565598,-0.07166895483535579,3,2025-09-29,catboost_regressor,ridge_tscv
2025-09-08,0.0408302409621366,0.09438621975197589,-0.05355597878983929,3,2025-09-29,catboost_regressor,ridge_tscv
2025-09-15,-0.0316621893348032,0.10173651491802795,-0.13339870425283115,3,2025-09-29,catboost_regressor,ridge_tscv
2025-09-22,0.167412720914919,0.10885372056991204,0.058559000345006954,3,2025-09-29,catboost_regressor,ridge_tscv
2025-02-17,-0.0534885806271719,0.10404429509189948,-0.15753287571907137,1,2025-10-06,catboost_regressor,ridge_tscv
2025-02-24,0.130173199310947,0.08855751925087225,0.04161568006007475,1,2025-10-06,catboost_regressor,ridge_tscv
2025-03-03,0.00546544176995905,0.10350909037190252,-0.09804364860194346,1,2025-10-06,catboost_regressor,ridge_tscv
2025-03-10,0.473177765273476,0.11097711938453662,0.36220064588893935,1,2025-10-06,catboost_regressor,ridge_tscv
2025-03-17,0.0843248897867335,0.1326062073417914,-0.04828131755505791,1,2025-10-06,catboost_regressor,ridge_tscv
2025-03-24,0.148015195933047,0.07098384962654719,0.0770313463064998,1,2025-10-06,catboost_regressor,ridge_tscv
2025-03-31,0.443868011869911,0.10701961378342822,0.33684839808648276,1,2025-10-06,catboost_regressor,ridge_tscv
2025-04-07,0.134617370254834,0.10356483854386764,0.031052531710966363,1,2025-10-06,catboost_regressor,ridge_tscv
2025-04-14,0.0621123145606552,0.11391133635274665,-0.051799021792091456,1,2025-10-06,catboost_regressor,ridge_tscv
2025-04-21,0.143176753734124,0.10771405525378248,0.03546269848034152,1,2025-10-06,catboost_regressor,ridge_tscv
2025-04-28,0.0836116782995949,0.12560346477203693,-0.04199178647244203,1,2025-10-06,catboost_regressor,ridge_tscv
2025-05-05,0.188465024293173,0.09910536555222556,0.08935965874094744,2,2025-10-06,catboost_regressor,ridge_tscv
2025-05-12,0.28557128111203,0.0769091381395362,0.2086621429724938,2,2025-10-06,catboost_regressor,ridge_tscv
2025-05-19,0.128343012321562,0.07252733325259567,0.05581567906896634,2,2025-10-06,catboost_regressor,ridge_tscv
2025-05-26,0.110639383957494,0.08266432946865357,0.027975054488840426,2,2025-10-06,catboost_regressor,ridge_tscv
2025-06-02,0.134504519725832,0.06647871674106044,0.06802580298477155,2,2025-10-06,catboost_regressor,ridge_tscv
2025-06-09,0.0229259028385385,0.10593990524562191,-0.08301400240708341,2,2025-10-06,catboost_regressor,ridge_tscv
2025-06-16,-0.0145272235338583,0.1029052770167338,-0.1174325005505921,2,2025-10-06,catboost_regressor,ridge_tscv
2025-06-23,-0.0119427901737269,0.1000609688863197,-0.1120037590600466,2,2025-10-06,catboost_regressor,ridge_tscv
2025-06-30,0.0375468051905529,0.13816381948519335,-0.10061701429464046,2,2025-10-06,catboost_regressor,ridge_tscv
2025-07-07,-0.0734008015778954,0.12483128302245498,-0.19823208460035038,2,2025-10-06,catboost_regressor,ridge_tscv
2025-07-14,0.0745517215562396,0.16859135852092272,-0.09403963696468312,2,2025-10-06,catboost_regressor,ridge_tscv
2025-07-21,0.0643779113892458,0.19696529747506286,-0.13258738608581705,3,2025-10-06,catboost_regressor,ridge_tscv
2025-07-28,0.342789901148327,0.09814636653693115,0.24464353461139587,3,2025-10-06,catboost_regressor,ridge_tscv
2025-08-04,0.0328375249929476,0.12985474224284066,-0.09701721724989307,3,2025-10-06,catboost_regressor,ridge_tscv
2025-08-11,0.0750438311217277,0.12972472590267256,-0.05468089478094486,3,2025-10-06,catboost_regressor,ridge_tscv
2025-08-18,0.244150207322864,0.16009680257052564,0.08405340475233836,3,2025-10-06,catboost_regressor,ridge_tscv
2025-08-25,0.0353374615739687,0.1464396968585188,-0.1111022352845501,3,2025-10-06,catboost_regressor,ridge_tscv
2025-09-01,0.037083177521204,0.08704994804692501,-0.04996677052572101,3,2025-10-06,catboost_regressor,ridge_tscv
2025-09-08,0.0408302409621366,0.0882962368188315,-0.0474659958566949,3,2025-10-06,catboost_regressor,ridge_tscv
2025-09-15,-0.0316621893348032,0.08229609315370737,-0.11395828248851056,3,2025-10-06,catboost_regressor,ridge_tscv
2025-09-22,0.167412720914919,0.12907370275549596,0.03833901815942303,3,2025-10-06,catboost_regressor,ridge_tscv
2025-09-29,0.134823580717908,0.12172740479196048,0.013096175925947529,3,2025-10-06,catboost_regressor,ridge_tscv
2025-02-24,0.130173199310947,0.04729050443276385,0.08288269487818316,1,2025-10-13,catboost_regressor,ridge_tscv
2025-03-03,0.00546544176995905,0.11114653159271919,-0.10568108982276013,1,2025-10-13,catboost_regressor,ridge_tscv
2025-03-10,0.473177765273476,0.08639514165728845,0.38678262361618754,1,2025-10-13,catboost_regressor,ridge_tscv
2025-03-17,0.0843248897867335,0.08238164571401115,0.0019432440727223527,1,2025-10-13,catboost_regressor,ridge_tscv
2025-03-24,0.148015195933047,0.055825361820455464,0.09218983411259152,1,2025-10-13,catboost_regressor,ridge_tscv
2025-03-31,0.443868011869911,0.04295803930135987,0.4009099725685511,1,2025-10-13,catboost_regressor,ridge_tscv
2025-04-07,0.134617370254834,0.09787139259121777,0.03674597766361623,1,2025-10-13,catboost_regressor,ridge_tscv
2025-04-14,0.0621123145606552,0.08082616577175471,-0.01871385121109951,1,2025-10-13,catboost_regressor,ridge_tscv
2025-04-21,0.143176753734124,0.05783902924175405,0.08533772449236995,1,2025-10-13,catboost_regressor,ridge_tscv
2025-04-28,0.0836116782995949,0.11610434439734403,-0.03249266609774913,1,2025-10-13,catboost_regressor,ridge_tscv
2025-05-05,0.188465024293173,0.062488545157641545,0.12597647913553145,1,2025-10-13,catboost_regressor,ridge_tscv
2025-05-12,0.28557128111203,0.11323278197238526,0.17233849913964475,2,2025-10-13,catboost_regressor,ridge_tscv
2025-05-19,0.128343012321562,0.07614329730909401,0.05219971501246799,2,2025-10-13,catboost_regressor,ridge_tscv
2025-05-26,0.110639383957494,0.1122804348698995,-0.0016410509124055034,2,2025-10-13,catboost_regressor,ridge_tscv
2025-06-02,0.134504519725832,0.08462461170170779,0.0498799080241242,2,2025-10-13,catboost_regressor,ridge_tscv
2025-06-09,0.0229259028385385,0.09188504125890243,-0.06895913842036393,2,2025-10-13,catboost_regressor,ridge_tscv
2025-06-16,-0.0145272235338583,0.1134813199753344,-0.1280085435091927,2,2025-10-13,catboost_regressor,ridge_tscv
2025-06-23,-0.0119427901737269,0.10823775049771972,-0.12018054067144662,2,2025-10-13,catboost_regressor,ridge_tscv
2025-06-30,0.0375468051905529,0.13046227778374442,-0.09291547259319152,2,2025-10-13,catboost_regressor,ridge_tscv
2025-07-07,-0.0734008015778954,0.14803361103454035,-0.22143441261243574,2,2025-10-13,catboost_regressor,ridge_tscv
2025-07-14,0.0745517215562396,0.13981822117657378,-0.06526649962033418,2,2025-10-13,catboost_regressor,ridge_tscv
2025-07-21,0.0643779113892458,0.21096871186969934,-0.14659080048045353,2,2025-10-13,catboost_regressor,ridge_tscv
2025-07-28,0.342789901148327,0.08929315663759016,0.2534967445107369,3,2025-10-13,catboost_regressor,ridge_tscv
2025-08-04,0.0328375249929476,0.11661423815005567,-0.08377671315710808,3,2025-10-13,catboost_regressor,ridge_tscv
2025-08-11,0.0750438311217277,0.12426802602909187,-0.04922419490736417,3,2025-10-13,catboost_regressor,ridge_tscv
2025-08-18,0.244150207322864,0.16616705489294942,0.07798315242991458,3,2025-10-13,catboost_regressor,ridge_tscv
2025-08-25,0.0353374615739687,0.1462113103317193,-0.11087384875775061,3,2025-10-13,catboost_regressor,ridge_tscv
2025-09-01,0.037083177521204,0.09030629914755181,-0.05322312162634781,3,2025-10-13,catboost_regressor,ridge_tscv
2025-09-08,0.0408302409621366,0.07470266998633378,-0.033872429024197175,3,2025-10-13,catboost_regressor,ridge_tscv
2025-09-15,-0.0316621893348032,0.10494453144056218,-0.13660672077536537,3,2025-10-13,catboost_regressor,ridge_tscv
2025-09-22,0.167412720914919,0.09526921270872601,0.07214350820619297,3,2025-10-13,catboost_regressor,ridge_tscv
2025-09-29,0.134823580717908,0.13941318572740102,-0.004589605009493014,3,2025-10-13,catboost_regressor,ridge_tscv
2025-10-06,0.170657905569605,0.13036949151109178,0.04028841405851322,3,2025-10-13,catboost_regressor,ridge_tscv
2025-03-03,0.00546544176995905,0.10472455172720935,-0.09925910995725029,1,2025-10-20,catboost_regressor,ridge_tscv
2025-03-10,0.473177765273476,0.12074154714636669,0.3524362181271093,1,2025-10-20,catboost_regressor,ridge_tscv
2025-03-17,0.0843248897867335,0.12271013556792501,-0.03838524578119151,1,2025-10-20,catboost_regressor,ridge_tscv
2025-03-24,0.148015195933047,0.07928772565764892,0.06872747027539806,1,2025-10-20,catboost_regressor,ridge_tscv
2025-03-31,0.443868011869911,0.07861921380766487,0.3652487980622461,1,2025-10-20,catboost_regressor,ridge_tscv
2025-04-07,0.134617370254834,0.09839701782543629,0.03622035242939771,1,2025-10-20,catboost_regressor,ridge_tscv
2025-04-14,0.0621123145606552,0.10235732080282804,-0.040245006242172844,1,2025-10-20,catboost_regressor,ridge_tscv
2025-04-21,0.143176753734124,0.08220880776551254,0.060967945968611464,1,2025-10-20,catboost_regressor,ridge_tscv
2025-04-28,0.0836116782995949,0.11166858737607904,-0.028056909076484143,1,2025-10-20,catboost_regressor,ridge_tscv
2025-05-05,0.188465024293173,0.07175264336312653,0.11671238093004646,1,2025-10-20,catboost_regressor,ridge_tscv
2025-05-12,0.28557128111203,0.10262730030965851,0.1829439808023715,1,2025-10-20,catboost_regressor,ridge_tscv
2025-05-19,0.128343012321562,0.08534295733995939,0.043000054981602615,2,2025-10-20,catboost_regressor,ridge_tscv
2025-05-26,0.110639383957494,0.11294249095493993,-0.0023031069974459306,2,2025-10-20,catboost_regressor,ridge_tscv
2025-06-02,0.134504519725832,0.08631975590663328,0.048184763819198714,2,2025-10-20,catboost_regressor,ridge_tscv
2025-06-09,0.0229259028385385,0.08698082934382556,-0.06405492650528706,2,2025-10-20,catboost_regressor,ridge_tscv
2025-06-16,-0.0145272235338583,0.10276493022732397,-0.11729215376118227,2,2025-10-20,catboost_regressor,ridge_tscv
2025-06-23,-0.0119427901737269,0.11538526390517351,-0.1273280540789004,2,2025-10-20,catboost_regressor,ridge_tscv
2025-06-30,0.0375468051905529,0.1409822155255126,-0.1034354103349597,2,2025-10-20,catboost_regressor,ridge_tscv
2025-07-07,-0.0734008015778954,0.12746658915882525,-0.20086739073672066,2,2025-10-20,catboost_regressor,ridge_tscv
2025-07-14,0.0745517215562396,0.15611838942345524,-0.08156666786721564,2,2025-10-20,catboost_regressor,ridge_tscv
2025-07-21,0.0643779113892458,0.20300242316415906,-0.13862451177491325,2,2025-10-20,catboost_regressor,ridge_tscv
2025-07-28,0.342789901148327,0.11130605174672806,0.23148384940159897,2,2025-10-20,catboost_regressor,ridge_tscv
2025-08-04,0.0328375249929476,0.16538344064343724,-0.13254591565048965,3,2025-10-20,catboost_regressor,ridge_tscv
2025-08-11,0.0750438311217277,0.12863998016844463,-0.05359614904671693,3,2025-10-20,catboost_regressor,ridge_tscv
2025-08-18,0.244150207322864,0.1542687349714873,0.0898814723513767,3,2025-10-20,catboost_regressor,ridge_tscv
2025-08-25,0.0353374615739687,0.16630665821786184,-0.13096919664389314,3,2025-10-20,catboost_regressor,ridge_tscv
2025-09-01,0.037083177521204,0.10904655077189569,-0.07196337325069169,3,2025-10-20,catboost_regressor,ridge_tscv
2025-09-08,0.0408302409621366,0.10340184477947913,-0.06257160381734253,3,2025-10-20,catboost_regressor,ridge_tscv
2025-09-15,-0.0316621893348032,0.11203851151187114,-0.14370070084667433,3,2025-10-20,catboost_regressor,ridge_tscv
2025-09-22,0.167412720914919,0.11935619282992284,0.04805652808499615,3,2025-10-20,catboost_regressor,ridge_tscv
2025-09-29,0.134823580717908,0.12868322887049716,0.006140351847410852,3,2025-10-20,catboost_regressor,ridge_tscv
2025-10-06,0.170657905569605,0.08751593988751061,0.0831419656820944,3,2025-10-20,catboost_regressor,ridge_tscv
2025-10-13,0.0692562741764684,0.07368956086088488,-0.0044332866844164764,3,2025-10-20,catboost_regressor,ridge_tscv
2025-02-17,-0.0534885806271719,0.10404429509189948,-0.15753287571907137,1,2025-10-27,catboost_regressor,ridge_tscv
2025-02-24,0.130173199310947,0.08855751925087225,0.04161568006007475,1,2025-10-27,catboost_regressor,ridge_tscv
2025-03-03,0.00546544176995905,0.10350909037190252,-0.09804364860194346,1,2025-10-27,catboost_regressor,ridge_tscv
2025-03-10,0.473177765273476,0.11097711938453662,0.36220064588893935,1,2025-10-27,catboost_regressor,ridge_tscv
2025-03-17,0.0843248897867335,0.1326062073417914,-0.04828131755505791,1,2025-10-27,catboost_regressor,ridge_tscv
2025-03-24,0.148015195933047,0.07098384962654719,0.0770313463064998,1,2025-10-27,catboost_regressor,ridge_tscv
2025-03-31,0.443868011869911,0.10701961378342822,0.33684839808648276,1,2025-10-27,catboost_regressor,ridge_tscv
2025-04-07,0.134617370254834,0.10356483854386764,0.031052531710966363,1,2025-10-27,catboost_regressor,ridge_tscv
2025-04-14,0.0621123145606552,0.11391133635274665,-0.051799021792091456,1,2025-10-27,catboost_regressor,ridge_tscv
2025-04-21,0.143176753734124,0.10771405525378248,0.03546269848034152,1,2025-10-27,catboost_regressor,ridge_tscv
2025-04-28,0.0836116782995949,0.12560346477203693,-0.04199178647244203,1,2025-10-27,catboost_regressor,ridge_tscv
2025-05-05,0.188465024293173,0.11035947642468873,0.07810554786848427,1,2025-10-27,catboost_regressor,ridge_tscv
2025-05-12,0.28557128111203,0.11323278197238526,0.17233849913964475,2,2025-10-27,catboost_regressor,ridge_tscv
2025-05-19,0.128343012321562,0.07614329730909401,0.05219971501246799,2,2025-10-27,catboost_regressor,ridge_tscv
2025-05-26,0.110639383957494,0.1122804348698995,-0.0016410509124055034,2,2025-10-27,catboost_regressor,ridge_tscv
2025-06-02,0.134504519725832,0.08462461170170779,0.0498799080241242,2,2025-10-27,catboost_regressor,ridge_tscv
2025-06-09,0.0229259028385385,0.09188504125890243,-0.06895913842036393,2,2025-10-27,catboost_regressor,ridge_tscv
2025-06-16,-0.0145272235338583,0.1134813199753344,-0.1280085435091927,2,2025-10-27,catboost_regressor,ridge_tscv
2025-06-23,-0.0119427901737269,0.10823775049771972,-0.12018054067144662,2,2025-10-27,catboost_regressor,ridge_tscv
2025-06-30,0.0375468051905529,0.13046227778374442,-0.09291547259319152,2,2025-10-27,catboost_regressor,ridge_tscv
2025-07-07,-0.0734008015778954,0.14803361103454035,-0.22143441261243574,2,2025-10-27,catboost_regressor,ridge_tscv
2025-07-14,0.0745517215562396,0.13981822117657378,-0.06526649962033418,2,2025-10-27,catboost_regressor,ridge_tscv
2025-07-21,0.0643779113892458,0.21096871186969934,-0.14659080048045353,2,2025-10-27,catboost_regressor,ridge_tscv
2025-07-28,0.342789901148327,0.11104520090582438,0.23174470024250265,2,2025-10-27,catboost_regressor,ridge_tscv
2025-08-04,0.0328375249929476,0.16538344064343724,-0.13254591565048965,3,2025-10-27,catboost_regressor,ridge_tscv
2025-08-11,0.0750438311217277,0.12863998016844463,-0.05359614904671693,3,2025-10-27,catboost_regressor,ridge_tscv
2025-08-18,0.244150207322864,0.1542687349714873,0.0898814723513767,3,2025-10-27,catboost_regressor,ridge_tscv
2025-08-25,0.0353374615739687,0.16630665821786184,-0.13096919664389314,3,2025-10-27,catboost_regressor,ridge_tscv
2025-09-01,0.037083177521204,0.10904655077189569,-0.07196337325069169,3,2025-10-27,catboost_regressor,ridge_tscv
2025-09-08,0.0408302409621366,0.10340184477947913,-0.06257160381734253,3,2025-10-27,catboost_regressor,ridge_tscv
2025-09-15,-0.0316621893348032,0.11203851151187114,-0.14370070084667433,3,2025-10-27,catboost_regressor,ridge_tscv
2025-09-22,0.167412720914919,0.11935619282992284,0.04805652808499615,3,2025-10-27,catboost_regressor,ridge_tscv
2025-09-29,0.134823580717908,0.12868322887049716,0.006140351847410852,3,2025-10-27,catboost_regressor,ridge_tscv
2025-10-06,0.170657905569605,0.08751593988751061,0.0831419656820944,3,2025-10-27,catboost_regressor,ridge_tscv
2025-10-13,0.0692562741764684,0.07368956086088488,-0.0044332866844164764,3,2025-10-27,catboost_regressor,ridge_tscv
2025-10-20,0.218016998769719,0.1132799173653489,0.1047370814043701,3,2025-10-27,catboost_regressor,ridge_tscv
2025-02-24,0.130173199310947,0.04729050443276385,0.08288269487818316,1,2025-11-03,catboost_regressor,ridge_tscv
2025-03-03,0.00546544176995905,0.11114653159271919,-0.10568108982276013,1,2025-11-03,catboost_regressor,ridge_tscv
2025-03-10,0.473177765273476,0.08639514165728845,0.38678262361618754,1,2025-11-03,catboost_regressor,ridge_tscv
2025-03-17,0.0843248897867335,0.08238164571401115,0.0019432440727223527,1,2025-11-03,catboost_regressor,ridge_tscv
2025-03-24,0.148015195933047,0.055825361820455464,0.09218983411259152,1,2025-11-03,catboost_regressor,ridge_tscv
2025-03-31,0.443868011869911,0.04295803930135987,0.4009099725685511,1,2025-11-03,catboost_regressor,ridge_tscv
2025-04-07,0.134617370254834,0.09787139259121777,0.03674597766361623,1,2025-11-03,catboost_regressor,ridge_tscv
2025-04-14,0.0621123145606552,0.08082616577175471,-0.01871385121109951,1,2025-11-03,catboost_regressor,ridge_tscv
2025-04-21,0.143176753734124,0.05783902924175405,0.08533772449236995,1,2025-11-03,catboost_regressor,ridge_tscv
2025-04-28,0.0836116782995949,0.11610434439734403,-0.03249266609774913,1,2025-11-03,catboost_regressor,ridge_tscv
2025-05-05,0.188465024293173,0.062488545157641545,0.12597647913553145,1,2025-11-03,catboost_regressor,ridge_tscv
2025-05-12,0.28557128111203,0.09920990975569131,0.18636137135633868,1,2025-11-03,catboost_regressor,ridge_tscv
2025-05-19,0.128343012321562,0.08534295733995939,0.043000054981602615,2,2025-11-03,catboost_regressor,ridge_tscv
2025-05-26,0.110639383957494,0.11294249095493993,-0.0023031069974459306,2,2025-11-03,catboost_regressor,ridge_tscv
2025-06-02,0.134504519725832,0.08631975590663328,0.048184763819198714,2,2025-11-03,catboost_regressor,ridge_tscv
2025-06-09,0.0229259028385385,0.08698082934382556,-0.06405492650528706,2,2025-11-03,catboost_regressor,ridge_tscv
2025-06-16,-0.0145272235338583,0.10276493022732397,-0.11729215376118227,2,2025-11-03,catboost_regressor,ridge_tscv
2025-06-23,-0.0119427901737269,0.11538526390517351,-0.1273280540789004,2,2025-11-03,catboost_regressor,ridge_tscv
2025-06-30,0.0375468051905529,0.1409822155255126,-0.1034354103349597,2,2025-11-03,catboost_regressor,ridge_tscv
2025-07-07,-0.0734008015778954,0.12746658915882525,-0.20086739073672066,2,2025-11-03,catboost_regressor,ridge_tscv
2025-07-14,0.0745517215562396,0.15611838942345524,-0.08156666786721564,2,2025-11-03,catboost_regressor,ridge_tscv
2025-07-21,0.0643779113892458,0.20300242316415906,-0.13862451177491325,2,2025-11-03,catboost_regressor,ridge_tscv
2025-07-28,0.342789901148327,0.11130605174672806,0.23148384940159897,2,2025-11-03,catboost_regressor,ridge_tscv
2025-08-04,0.0328375249929476,0.11734525979636076,-0.08450773480341317,2,2025-11-03,catboost_regressor,ridge_tscv
2025-08-11,0.0750438311217277,0.12876184936324017,-0.05371801824151247,3,2025-11-03,catboost_regressor,ridge_tscv
2025-08-18,0.244150207322864,0.1508772592593406,0.0932729480635234,3,2025-11-03,catboost_regressor,ridge_tscv
2025-08-25,0.0353374615739687,0.1682929321154166,-0.1329554705414479,3,2025-11-03,catboost_regressor,ridge_tscv
2025-09-01,0.037083177521204,0.13543405882292514,-0.09835088130172115,3,2025-11-03,catboost_regressor,ridge_tscv
2025-09-08,0.0408302409621366,0.10137829845351262,-0.06054805749137602,3,2025-11-03,catboost_regressor,ridge_tscv
2025-09-15,-0.0316621893348032,0.10964340260301049,-0.1413055919378137,3,2025-11-03,catboost_regressor,ridge_tscv
2025-09-22,0.167412720914919,0.10431999120441517,0.06309272971050382,3,2025-11-03,catboost_regressor,ridge_tscv
2025-09-29,0.134823580717908,0.14243454582793702,-0.007610965110029011,3,2025-11-03,catboost_regressor,ridge_tscv
2025-10-06,0.170657905569605,0.09014070401570043,0.08051720155390457,3,2025-11-03,catboost_regressor,ridge_tscv
2025-10-13,0.0692562741764684,0.07377511214314836,-0.004518837966679956,3,2025-11-03,catboost_regressor,ridge_tscv
2025-10-20,0.218016998769719,0.09548945553901514,0.12252754323070386,3,2025-11-03,catboost_regressor,ridge_tscv
2025-10-27,0.12751595957534,0.1077260033628681,0.019789956212471913,3,2025-11-03,catboost_regressor,ridge_tscv
2025-03-03,0.00546544176995905,0.10472455172720935,-0.09925910995725029,1,2025-11-10,catboost_regressor,ridge_tscv
2025-03-10,0.473177765273476,0.12074154714636669,0.3524362181271093,1,2025-11-10,catboost_regressor,ridge_tscv
2025-03-17,0.0843248897867335,0.12271013556792501,-0.03838524578119151,1,2025-11-10,catboost_regressor,ridge_tscv
2025-03-24,0.148015195933047,0.07928772565764892,0.06872747027539806,1,2025-11-10,catboost_regressor,ridge_tscv
2025-03-31,0.443868011869911,0.07861921380766487,0.3652487980622461,1,2025-11-10,catboost_regressor,ridge_tscv
2025-04-07,0.134617370254834,0.09839701782543629,0.03622035242939771,1,2025-11-10,catboost_regressor,ridge_tscv
2025-04-14,0.0621123145606552,0.10235732080282804,-0.040245006242172844,1,2025-11-10,catboost_regressor,ridge_tscv
2025-04-21,0.143176753734124,0.08220880776551254,0.060967945968611464,1,2025-11-10,catboost_regressor,ridge_tscv
2025-04-28,0.0836116782995949,0.11166858737607904,-0.028056909076484143,1,2025-11-10,catboost_regressor,ridge_tscv
2025-05-05,0.188465024293173,0.07175264336312653,0.11671238093004646,1,2025-11-10,catboost_regressor,ridge_tscv
2025-05-12,0.28557128111203,0.10262730030965851,0.1829439808023715,1,2025-11-10,catboost_regressor,ridge_tscv
2025-05-19,0.128343012321562,0.08336826548603155,0.04497474683553046,1,2025-11-10,catboost_regressor,ridge_tscv
2025-05-26,0.110639383957494,0.1344567468436474,-0.023817362886153395,2,2025-11-10,catboost_regressor,ridge_tscv
2025-06-02,0.134504519725832,0.09885931470069055,0.035645205025141444,2,2025-11-10,catboost_regressor,ridge_tscv
2025-06-09,0.0229259028385385,0.1056921854672335,-0.082766282628695,2,2025-11-10,catboost_regressor,ridge_tscv
2025-06-16,-0.0145272235338583,0.10585378775810843,-0.12038101129196672,2,2025-11-10,catboost_regressor,ridge_tscv
2025-06-23,-0.0119427901737269,0.11283937851267628,-0.12478216868640318,2,2025-11-10,catboost_regressor,ridge_tscv
2025-06-30,0.0375468051905529,0.1351183022356404,-0.0975714970450875,2,2025-11-10,catboost_regressor,ridge_tscv
2025-07-07,-0.0734008015778954,0.1491654163798286,-0.22256621795772402,2,2025-11-10,catboost_regressor,ridge_tscv
2025-07-14,0.0745517215562396,0.16329262925889124,-0.08874090770265164,2,2025-11-10,catboost_regressor,ridge_tscv
2025-07-21,0.0643779113892458,0.2028904618608489,-0.1385125504716031,2,2025-11-10,catboost_regressor,ridge_tscv
2025-07-28,0.342789901148327,0.11096010503003677,0.23182979611829024,2,2025-11-10,catboost_regressor,ridge_tscv
2025-08-04,0.0328375249929476,0.1328838459092945,-0.10004632091634691,2,2025-11-10,catboost_regressor,ridge_tscv
2025-08-11,0.0750438311217277,0.11202728032000148,-0.036983449198273774,2,2025-11-10,catboost_regressor,ridge_tscv
2025-08-18,0.244150207322864,0.17762404339716764,0.06652616392569635,3,2025-11-10,catboost_regressor,ridge_tscv
2025-08-25,0.0353374615739687,0.15711216423587485,-0.12177470266190615,3,2025-11-10,catboost_regressor,ridge_tscv
2025-09-01,0.037083177521204,0.1405907830303988,-0.1035076055091948,3,2025-11-10,catboost_regressor,ridge_tscv
2025-09-08,0.0408302409621366,0.10360954067749908,-0.06277929971536247,3,2025-11-10,catboost_regressor,ridge_tscv
2025-09-15,-0.0316621893348032,0.08526358048117426,-0.11692576981597746,3,2025-11-10,catboost_regressor,ridge_tscv
2025-09-22,0.167412720914919,0.09772973777965704,0.06968298313526194,3,2025-11-10,catboost_regressor,ridge_tscv
2025-09-29,0.134823580717908,0.12589619718018813,0.00892738353771988,3,2025-11-10,catboost_regressor,ridge_tscv
2025-10-06,0.170657905569605,0.10040275033543906,0.07025515523416594,3,2025-11-10,catboost_regressor,ridge_tscv
2025-10-13,0.0692562741764684,0.06340722671520155,0.005849047461266854,3,2025-11-10,catboost_regressor,ridge_tscv
2025-10-20,0.218016998769719,0.10218468143099399,0.11583231733872501,3,2025-11-10,catboost_regressor,ridge_tscv
2025-10-27,0.12751595957534,0.12403270369074262,0.003483255884597386,3,2025-11-10,catboost_regressor,ridge_tscv
2025-11-03,0.279605962079427,0.08516945790752664,0.19443650417190037,3,2025-11-10,catboost_regressor,ridge_tscv
2025-03-10,0.473177765273476,0.10066196481005892,0.3725158004634171,1,2025-11-17,catboost_regressor,ridge_tscv
2025-03-17,0.0843248897867335,0.09388564861641131,-0.009560758829677815,1,2025-11-17,catboost_regressor,ridge_tscv
2025-03-24,0.148015195933047,0.06820598022494226,0.07980921570810473,1,2025-11-17,catboost_regressor,ridge_tscv
2025-03-31,0.443868011869911,0.07450039301756593,0.36936761885234504,1,2025-11-17,catboost_regressor,ridge_tscv
2025-04-07,0.134617370254834,0.09515711556914114,0.039460254685692864,1,2025-11-17,catboost_regressor,ridge_tscv
2025-04-14,0.0621123145606552,0.09589332401827674,-0.033781009457621546,1,2025-11-17,catboost_regressor,ridge_tscv
2025-04-21,0.143176753734124,0.06467737761358562,0.07849937612053838,1,2025-11-17,catboost_regressor,ridge_tscv
2025-04-28,0.0836116782995949,0.11740294416951827,-0.03379126586992337,1,2025-11-17,catboost_regressor,ridge_tscv
2025-05-05,0.188465024293173,0.07370925224872692,0.11475577204444608,1,2025-11-17,catboost_regressor,ridge_tscv
2025-05-12,0.28557128111203,0.10664496970835577,0.17892631140367424,1,2025-11-17,catboost_regressor,ridge_tscv
2025-05-19,0.128343012321562,0.07292991659930612,0.05541309572225589,1,2025-11-17,catboost_regressor,ridge_tscv
2025-05-26,0.110639383957494,0.06701820252779792,0.04362118142969608,1,2025-11-17,catboost_regressor,ridge_tscv
2025-06-02,0.134504519725832,0.1097920898756648,0.024712429850167195,2,2025-11-17,catboost_regressor,ridge_tscv
2025-06-09,0.0229259028385385,0.12673714731516916,-0.10381124447663066,2,2025-11-17,catboost_regressor,ridge_tscv
2025-06-16,-0.0145272235338583,0.10204720528449276,-0.11657442881835106,2,2025-11-17,catboost_regressor,ridge_tscv
2025-06-23,-0.0119427901737269,0.1332751595742842,-0.1452179497480111,2,2025-11-17,catboost_regressor,ridge_tscv
2025-06-30,0.0375468051905529,0.16933268942543608,-0.1317858842348832,2,2025-11-17,catboost_regressor,ridge_tscv
2025-07-07,-0.0734008015778954,0.14153540226910602,-0.2149362038470014,2,2025-11-17,catboost_regressor,ridge_tscv
2025-07-14,0.0745517215562396,0.15832015892049334,-0.08376843736425374,2,2025-11-17,catboost_regressor,ridge_tscv
2025-07-21,0.0643779113892458,0.2104045065857148,-0.146026595196469,2,2025-11-17,catboost_regressor,ridge_tscv
2025-07-28,0.342789901148327,0.1125597830425172,0.23023011810580984,2,2025-11-17,catboost_regressor,ridge_tscv
2025-08-04,0.0328375249929476,0.13996968741580285,-0.10713216242285525,2,2025-11-17,catboost_regressor,ridge_tscv
2025-08-11,0.0750438311217277,0.13738512946418963,-0.06234129834246192,2,2025-11-17,catboost_regressor,ridge_tscv
2025-08-18,0.244150207322864,0.1485584226003496,0.0955917847225144,2,2025-11-17,catboost_regressor,ridge_tscv
2025-08-25,0.0353374615739687,0.16326791307453523,-0.12793045150056653,3,2025-11-17,catboost_regressor,ridge_tscv
2025-09-01,0.037083177521204,0.12419888372992871,-0.08711570620872472,3,2025-11-17,catboost_regressor,ridge_tscv
2025-09-08,0.0408302409621366,0.11596890974215801,-0.0751386687800214,3,2025-11-17,catboost_regressor,ridge_tscv
2025-09-15,-0.0316621893348032,0.09453317640765241,-0.1261953657424556,3,2025-11-17,catboost_regressor,ridge_tscv
2025-09-22,0.167412720914919,0.11449207419326257,0.05292064672165642,3,2025-11-17,catboost_regressor,ridge_tscv
2025-09-29,0.134823580717908,0.14907893011292334,-0.014255349395015326,3,2025-11-17,catboost_regressor,ridge_tscv
2025-10-06,0.170657905569605,0.1129914834897814,0.0576664220798236,3,2025-11-17,catboost_regressor,ridge_tscv
2025-10-13,0.0692562741764684,0.07476755587156284,-0.005511281695094433,3,2025-11-17,catboost_regressor,ridge_tscv
2025-10-20,0.218016998769719,0.12024223773429361,0.09777476103542539,3,2025-11-17,catboost_regressor,ridge_tscv
2025-10-27,0.12751595957534,0.12882621733681443,-0.0013102577614744204,3,2025-11-17,catboost_regressor,ridge_tscv
2025-11-03,0.279605962079427,0.09319432692403355,0.18641163515539344,3,2025-11-17,catboost_regressor,ridge_tscv
2025-11-10,0.0821158156091689,0.07590510354942334,0.006210712059745563,3,2025-11-17,catboost_regressor,ridge_tscv
2025-02-24,0.130173199310947,0.04729050443276385,0.08288269487818316,1,2025-11-24,catboost_regressor,ridge_tscv
2025-03-03,0.00546544176995905,0.11114653159271919,-0.10568108982276013,1,2025-11-24,catboost_regressor,ridge_tscv
2025-03-10,0.473177765273476,0.08639514165728845,0.38678262361618754,1,2025-11-24,catboost_regressor,ridge_tscv
2025-03-17,0.0843248897867335,0.08238164571401115,0.0019432440727223527,1,2025-11-24,catboost_regressor,ridge_tscv
2025-03-24,0.148015195933047,0.055825361820455464,0.09218983411259152,1,2025-11-24,catboost_regressor,ridge_tscv
2025-03-31,0.443868011869911,0.04295803930135987,0.4009099725685511,1,2025-11-24,catboost_regressor,ridge_tscv
2025-04-07,0.134617370254834,0.09787139259121777,0.03674597766361623,1,2025-11-24,catboost_regressor,ridge_tscv
2025-04-14,0.0621123145606552,0.08082616577175471,-0.01871385121109951,1,2025-11-24,catboost_regressor,ridge_tscv
2025-04-21,0.143176753734124,0.05783902924175405,0.08533772449236995,1,2025-11-24,catboost_regressor,ridge_tscv
2025-04-28,0.0836116782995949,0.11610434439734403,-0.03249266609774913,1,2025-11-24,catboost_regressor,ridge_tscv
2025-05-05,0.188465024293173,0.062488545157641545,0.12597647913553145,1,2025-11-24,catboost_regressor,ridge_tscv
2025-05-12,0.28557128111203,0.09920990975569131,0.18636137135633868,1,2025-11-24,catboost_regressor,ridge_tscv
2025-05-19,0.128343012321562,0.049763233871898176,0.07857977844966382,1,2025-11-24,catboost_regressor,ridge_tscv
2025-05-26,0.110639383957494,0.1344567468436474,-0.023817362886153395,2,2025-11-24,catboost_regressor,ridge_tscv
2025-06-02,0.134504519725832,0.09885931470069055,0.035645205025141444,2,2025-11-24,catboost_regressor,ridge_tscv
2025-06-09,0.0229259028385385,0.1056921854672335,-0.082766282628695,2,2025-11-24,catboost_regressor,ridge_tscv
2025-06-16,-0.0145272235338583,0.10585378775810843,-0.12038101129196672,2,2025-11-24,catboost_regressor,ridge_tscv
2025-06-23,-0.0119427901737269,0.11283937851267628,-0.12478216868640318,2,2025-11-24,catboost_regressor,ridge_tscv
2025-06-30,0.0375468051905529,0.1351183022356404,-0.0975714970450875,2,2025-11-24,catboost_regressor,ridge_tscv
2025-07-07,-0.0734008015778954,0.1491654163798286,-0.22256621795772402,2,2025-11-24,catboost_regressor,ridge_tscv
2025-07-14,0.0745517215562396,0.16329262925889124,-0.08874090770265164,2,2025-11-24,catboost_regressor,ridge_tscv
2025-07-21,0.0643779113892458,0.2028904618608489,-0.1385125504716031,2,2025-11-24,catboost_regressor,ridge_tscv
2025-07-28,0.342789901148327,0.11096010503003677,0.23182979611829024,2,2025-11-24,catboost_regressor,ridge_tscv
2025-08-04,0.0328375249929476,0.1328838459092945,-0.10004632091634691,2,2025-11-24,catboost_regressor,ridge_tscv
2025-08-11,0.0750438311217277,0.11202728032000148,-0.036983449198273774,2,2025-11-24,catboost_regressor,ridge_tscv
2025-08-18,0.244150207322864,0.16771449518189174,0.07643571214097225,2,2025-11-24,catboost_regressor,ridge_tscv
2025-08-25,0.0353374615739687,0.16326791307453523,-0.12793045150056653,3,2025-11-24,catboost_regressor,ridge_tscv
2025-09-01,0.037083177521204,0.12419888372992871,-0.08711570620872472,3,2025-11-24,catboost_regressor,ridge_tscv
2025-09-08,0.0408302409621366,0.11596890974215801,-0.0751386687800214,3,2025-11-24,catboost_regressor,ridge_tscv
2025-09-15,-0.0316621893348032,0.09453317640765241,-0.1261953657424556,3,2025-11-24,catboost_regressor,ridge_tscv
2025-09-22,0.167412720914919,0.11449207419326257,0.05292064672165642,3,2025-11-24,catboost_regressor,ridge_tscv
2025-09-29,0.134823580717908,0.14907893011292334,-0.014255349395015326,3,2025-11-24,catboost_regressor,ridge_tscv
2025-10-06,0.170657905569605,0.1129914834897814,0.0576664220798236,3,2025-11-24,catboost_regressor,ridge_tscv
2025-10-13,0.0692562741764684,0.07476755587156284,-0.005511281695094433,3,2025-11-24,catboost_regressor,ridge_tscv
2025-10-20,0.218016998769719,0.12024223773429361,0.09777476103542539,3,2025-11-24,catboost_regressor,ridge_tscv
2025-10-27,0.12751595957534,0.12882621733681443,-0.0013102577614744204,3,2025-11-24,catboost_regressor,ridge_tscv
2025-11-03,0.279605962079427,0.09319432692403355,0.18641163515539344,3,2025-11-24,catboost_regressor,ridge_tscv
2025-11-10,0.0821158156091689,0.07590510354942334,0.006210712059745563,3,2025-11-24,catboost_regressor,ridge_tscv
2025-11-17,0.303813076524669,0.0947788706274692,0.2090342058971998,3,2025-11-24,catboost_regressor,ridge_tscv
2025-03-03,0.00546544176995905,0.10472455172720935,-0.09925910995725029,1,2025-12-01,catboost_regressor,ridge_tscv
2025-03-10,0.473177765273476,0.12074154714636669,0.3524362181271093,1,2025-12-01,catboost_regressor,ridge_tscv
2025-03-17,0.0843248897867335,0.12271013556792501,-0.03838524578119151,1,2025-12-01,catboost_regressor,ridge_tscv
2025-03-24,0.148015195933047,0.07928772565764892,0.06872747027539806,1,2025-12-01,catboost_regressor,ridge_tscv
2025-03-31,0.443868011869911,0.07861921380766487,0.3652487980622461,1,2025-12-01,catboost_regressor,ridge_tscv
2025-04-07,0.134617370254834,0.09839701782543629,0.03622035242939771,1,2025-12-01,catboost_regressor,ridge_tscv
2025-04-14,0.0621123145606552,0.10235732080282804,-0.040245006242172844,1,2025-12-01,catboost_regressor,ridge_tscv
2025-04-21,0.143176753734124,0.08220880776551254,0.060967945968611464,1,2025-12-01,catboost_regressor,ridge_tscv
2025-04-28,0.0836116782995949,0.11166858737607904,-0.028056909076484143,1,2025-12-01,catboost_regressor,ridge_tscv
2025-05-05,0.188465024293173,0.07175264336312653,0.11671238093004646,1,2025-12-01,catboost_regressor,ridge_tscv
2025-05-12,0.28557128111203,0.10262730030965851,0.1829439808023715,1,2025-12-01,catboost_regressor,ridge_tscv
2025-05-19,0.128343012321562,0.08336826548603155,0.04497474683553046,1,2025-12-01,catboost_regressor,ridge_tscv
2025-05-26,0.110639383957494,0.07390923853744899,0.036730145420045004,1,2025-12-01,catboost_regressor,ridge_tscv
2025-06-02,0.134504519725832,0.1097920898756648,0.024712429850167195,2,2025-12-01,catboost_regressor,ridge_tscv
2025-06-09,0.0229259028385385,0.12673714731516916,-0.10381124447663066,2,2025-12-01,catboost_regressor,ridge_tscv
2025-06-16,-0.0145272235338583,0.10204720528449276,-0.11657442881835106,2,2025-12-01,catboost_regressor,ridge_tscv
2025-06-23,-0.0119427901737269,0.1332751595742842,-0.1452179497480111,2,2025-12-01,catboost_regressor,ridge_tscv
2025-06-30,0.0375468051905529,0.16933268942543608,-0.1317858842348832,2,2025-12-01,catboost_regressor,ridge_tscv
2025-07-07,-0.0734008015778954,0.14153540226910602,-0.2149362038470014,2,2025-12-01,catboost_regressor,ridge_tscv
2025-07-14,0.0745517215562396,0.15832015892049334,-0.08376843736425374,2,2025-12-01,catboost_regressor,ridge_tscv
2025-07-21,0.0643779113892458,0.2104045065857148,-0.146026595196469,2,2025-12-01,catboost_regressor,ridge_tscv
2025-07-28,0.342789901148327,0.1125597830425172,0.23023011810580984,2,2025-12-01,catboost_regressor,ridge_tscv
2025-08-04,0.0328375249929476,0.13996968741580285,-0.10713216242285525,2,2025-12-01,catboost_regressor,ridge_tscv
2025-08-11,0.0750438311217277,0.13738512946418963,-0.06234129834246192,2,2025-12-01,catboost_regressor,ridge_tscv
2025-08-18,0.244150207322864,0.1485584226003496,0.0955917847225144,2,2025-12-01,catboost_regressor,ridge_tscv
2025-08-25,0.0353374615739687,0.16649721800655803,-0.13115975643258934,2,2025-12-01,catboost_regressor,ridge_tscv
2025-09-01,0.037083177521204,0.11440902659089024,-0.07732584906968623,3,2025-12-01,catboost_regressor,ridge_tscv
2025-09-08,0.0408302409621366,0.11919789709389676,-0.07836765613176017,3,2025-12-01,catboost_regressor,ridge_tscv
2025-09-15,-0.0316621893348032,0.11793957008282571,-0.1496017594176289,3,2025-12-01,catboost_regressor,ridge_tscv
2025-09-22,0.167412720914919,0.10831646790657287,0.05909625300834612,3,2025-12-01,catboost_regressor,ridge_tscv
2025-09-29,0.134823580717908,0.15164201191942578,-0.01681843120151777,3,2025-12-01,catboost_regressor,ridge_tscv
2025-10-06,0.170657905569605,0.08225856994621944,0.08839933562338556,3,2025-12-01,catboost_regressor,ridge_tscv
2025-10-13,0.0692562741764684,0.0673273702163723,0.0019289039600960955,3,2025-12-01,catboost_regressor,ridge_tscv
2025-10-20,0.218016998769719,0.10403664444198203,0.11398035432773697,3,2025-12-01,catboost_regressor,ridge_tscv
2025-10-27,0.12751595957534,0.14218207243695863,-0.014666112861618619,3,2025-12-01,catboost_regressor,ridge_tscv
2025-11-03,0.279605962079427,0.08318578788459491,0.1964201741948321,3,2025-12-01,catboost_regressor,ridge_tscv
2025-11-10,0.0821158156091689,0.08191500325811826,0.00020081235105064155,3,2025-12-01,catboost_regressor,ridge_tscv
2025-11-17,0.303813076524669,0.08320982051878985,0.22060325600587916,3,2025-12-01,catboost_regressor,ridge_tscv
2025-11-24,0.0677012815654136,0.09261195286212762,-0.02491067129671401,3,2025-12-01,catboost_regressor,ridge_tscv
2025-03-10,0.473177765273476,0.10066196481005892,0.3725158004634171,1,2025-12-08,catboost_regressor,ridge_tscv
2025-03-17,0.0843248897867335,0.09388564861641131,-0.009560758829677815,1,2025-12-08,catboost_regressor,ridge_tscv
2025-03-24,0.148015195933047,0.06820598022494226,0.07980921570810473,1,2025-12-08,catboost_regressor,ridge_tscv
2025-03-31,0.443868011869911,0.07450039301756593,0.36936761885234504,1,2025-12-08,catboost_regressor,ridge_tscv
2025-04-07,0.134617370254834,0.09515711556914114,0.039460254685692864,1,2025-12-08,catboost_regressor,ridge_tscv
2025-04-14,0.0621123145606552,0.09589332401827674,-0.033781009457621546,1,2025-12-08,catboost_regressor,ridge_tscv
2025-04-21,0.143176753734124,0.06467737761358562,0.07849937612053838,1,2025-12-08,catboost_regressor,ridge_tscv
2025-04-28,0.0836116782995949,0.11740294416951827,-0.03379126586992337,1,2025-12-08,catboost_regressor,ridge_tscv
2025-05-05,0.188465024293173,0.07370925224872692,0.11475577204444608,1,2025-12-08,catboost_regressor,ridge_tscv
2025-05-12,0.28557128111203,0.10664496970835577,0.17892631140367424,1,2025-12-08,catboost_regressor,ridge_tscv
2025-05-19,0.128343012321562,0.07292991659930612,0.05541309572225589,1,2025-12-08,catboost_regressor,ridge_tscv
2025-05-26,0.110639383957494,0.06701820252779792,0.04362118142969608,1,2025-12-08,catboost_regressor,ridge_tscv
2025-06-02,0.134504519725832,0.09095542531559464,0.043549094410237355,1,2025-12-08,catboost_regressor,ridge_tscv
2025-06-09,0.0229259028385385,0.1163333093300239,-0.0934074064914854,2,2025-12-08,catboost_regressor,ridge_tscv
2025-06-16,-0.0145272235338583,0.11202213918841586,-0.12654936272227416,2,2025-12-08,catboost_regressor,ridge_tscv
2025-06-23,-0.0119427901737269,0.11702745582268152,-0.1289702459964084,2,2025-12-08,catboost_regressor,ridge_tscv
2025-06-30,0.0375468051905529,0.1452557792796487,-0.1077089740890958,2,2025-12-08,catboost_regressor,ridge_tscv
2025-07-07,-0.0734008015778954,0.14663030492155935,-0.22003110649945473,2,2025-12-08,catboost_regressor,ridge_tscv
2025-07-14,0.0745517215562396,0.150090017293714,-0.07553829573747439,2,2025-12-08,catboost_regressor,ridge_tscv
2025-07-21,0.0643779113892458,0.2308251875773093,-0.1664472761880635,2,2025-12-08,catboost_regressor,ridge_tscv
2025-07-28,0.342789901148327,0.11178503030948898,0.23100487083883803,2,2025-12-08,catboost_regressor,ridge_tscv
2025-08-04,0.0328375249929476,0.13688230564452258,-0.10404478065157499,2,2025-12-08,catboost_regressor,ridge_tscv
2025-08-11,0.0750438311217277,0.12273219562179964,-0.04768836450007194,2,2025-12-08,catboost_regressor,ridge_tscv
2025-08-18,0.244150207322864,0.14811298405273404,0.09603722327012995,2,2025-12-08,catboost_regressor,ridge_tscv
2025-08-25,0.0353374615739687,0.14363959043918434,-0.10830212886521565,2,2025-12-08,catboost_regressor,ridge_tscv
2025-09-01,0.037083177521204,0.1591436039857581,-0.12206042646455412,2,2025-12-08,catboost_regressor,ridge_tscv
2025-09-08,0.0408302409621366,0.11176216359311772,-0.07093192263098111,3,2025-12-08,catboost_regressor,ridge_tscv
2025-09-15,-0.0316621893348032,0.1068312696382423,-0.1384934589730455,3,2025-12-08,catboost_regressor,ridge_tscv
2025-09-22,0.167412720914919,0.12409726206427875,0.04331545885064024,3,2025-12-08,catboost_regressor,ridge_tscv
2025-09-29,0.134823580717908,0.12120344987168212,0.013620130846225889,3,2025-12-08,catboost_regressor,ridge_tscv
2025-10-06,0.170657905569605,0.08586327133396682,0.08479463423563818,3,2025-12-08,catboost_regressor,ridge_tscv
2025-10-13,0.0692562741764684,0.061217630700207575,0.008038643476260827,3,2025-12-08,catboost_regressor,ridge_tscv
2025-10-20,0.218016998769719,0.09903691547463428,0.11898008329508472,3,2025-12-08,catboost_regressor,ridge_tscv
2025-10-27,0.12751595957534,0.13422393702265362,-0.006707977447313607,3,2025-12-08,catboost_regressor,ridge_tscv
2025-11-03,0.279605962079427,0.08868632690837777,0.19091963517104923,3,2025-12-08,catboost_regressor,ridge_tscv
2025-11-10,0.0821158156091689,0.07203540797941081,0.010080407629758092,3,2025-12-08,catboost_regressor,ridge_tscv
2025-11-17,0.303813076524669,0.0851629262298517,0.2186501502948173,3,2025-12-08,catboost_regressor,ridge_tscv
2025-11-24,0.0677012815654136,0.08340767248706606,-0.01570639092165245,3,2025-12-08,catboost_regressor,ridge_tscv
2025-12-01,0.583621878201202,0.07541609937068139,0.5082057788305206,3,2025-12-08,catboost_regressor,ridge_tscv
2025-03-17,0.0843248897867335,0.11009929568834072,-0.02577440590160722,1,2025-12-15,catboost_regressor,ridge_tscv
2025-03-24,0.148015195933047,0.10161652526005743,0.046398670672989556,1,2025-12-15,catboost_regressor,ridge_tscv
2025-03-31,0.443868011869911,0.12311777029635465,0.32075024157355636,1,2025-12-15,catboost_regressor,ridge_tscv
2025-04-07,0.134617370254834,0.12426552823393446,0.010351842020899546,1,2025-12-15,catboost_regressor,ridge_tscv
2025-04-14,0.0621123145606552,0.10156631325189282,-0.03945399869123762,1,2025-12-15,catboost_regressor,ridge_tscv
2025-04-21,0.143176753734124,0.12212907868814293,0.021047675045981068,1,2025-12-15,catboost_regressor,ridge_tscv
2025-04-28,0.0836116782995949,0.13157655478580846,-0.04796487648621356,1,2025-12-15,catboost_regressor,ridge_tscv
2025-05-05,0.188465024293173,0.09757556596903193,0.09088945832414107,1,2025-12-15,catboost_regressor,ridge_tscv
2025-05-12,0.28557128111203,0.09482500648968899,0.190746274622341,1,2025-12-15,catboost_regressor,ridge_tscv
2025-05-19,0.128343012321562,0.09792747150761621,0.03041554081394579,1,2025-12-15,catboost_regressor,ridge_tscv
2025-05-26,0.110639383957494,0.08627610117278198,0.024363282784712018,1,2025-12-15,catboost_regressor,ridge_tscv
2025-06-02,0.134504519725832,0.06822497110012893,0.06627954862570307,1,2025-12-15,catboost_regressor,ridge_tscv
2025-06-09,0.0229259028385385,0.10893592244581912,-0.08601001960728062,1,2025-12-15,catboost_regressor,ridge_tscv
2025-06-16,-0.0145272235338583,0.08728161927208081,-0.1018088428059391,2,2025-12-15,catboost_regressor,ridge_tscv
2025-06-23,-0.0119427901737269,0.11862241952975124,-0.13056520970347812,2,2025-12-15,catboost_regressor,ridge_tscv
2025-06-30,0.0375468051905529,0.13783446329098895,-0.10028765810043605,2,2025-12-15,catboost_regressor,ridge_tscv
2025-07-07,-0.0734008015778954,0.1350661556031476,-0.20846695718104302,2,2025-12-15,catboost_regressor,ridge_tscv
2025-07-14,0.0745517215562396,0.14141547438854718,-0.06686375283230758,2,2025-12-15,catboost_regressor,ridge_tscv
2025-07-21,0.0643779113892458,0.19140728168990573,-0.12702937030065992,2,2025-12-15,catboost_regressor,ridge_tscv
2025-07-28,0.342789901148327,0.12345646125728509,0.21933343989104193,2,2025-12-15,catboost_regressor,ridge_tscv
2025-08-04,0.0328375249929476,0.12581934445215895,-0.09298181945921136,2,2025-12-15,catboost_regressor,ridge_tscv
2025-08-11,0.0750438311217277,0.11581888866536615,-0.04077505754363844,2,2025-12-15,catboost_regressor,ridge_tscv
2025-08-18,0.244150207322864,0.16204843859554696,0.08210176872731703,2,2025-12-15,catboost_regressor,ridge_tscv
2025-08-25,0.0353374615739687,0.16292159644099413,-0.12758413486702544,2,2025-12-15,catboost_regressor,ridge_tscv
2025-09-01,0.037083177521204,0.13776405613511433,-0.10068087861391034,2,2025-12-15,catboost_regressor,ridge_tscv
2025-09-08,0.0408302409621366,0.11045402496035293,-0.06962378399821634,2,2025-12-15,catboost_regressor,ridge_tscv
2025-09-15,-0.0316621893348032,0.1021321998995622,-0.1337943892343654,3,2025-12-15,catboost_regressor,ridge_tscv
2025-09-22,0.167412720914919,0.11693852747042642,0.05047419344449257,3,2025-12-15,catboost_regressor,ridge_tscv
2025-09-29,0.134823580717908,0.12259050623501586,0.012233074482892153,3,2025-12-15,catboost_regressor,ridge_tscv
2025-10-06,0.170657905569605,0.0736335353536283,0.09702437021597671,3,2025-12-15,catboost_regressor,ridge_tscv
2025-10-13,0.0692562741764684,0.07548340055018884,-0.006227126373720443,3,2025-12-15,catboost_regressor,ridge_tscv
2025-10-20,0.218016998769719,0.10883571819922835,0.10918128057049065,3,2025-12-15,catboost_regressor,ridge_tscv
2025-10-27,0.12751595957534,0.14822971921844,-0.020713759643099988,3,2025-12-15,catboost_regressor,ridge_tscv
2025-11-03,0.279605962079427,0.08214072247388063,0.19746523960554638,3,2025-12-15,catboost_regressor,ridge_tscv
2025-11-10,0.0821158156091689,0.06131973570617864,0.020796079902990268,3,2025-12-15,catboost_regressor,ridge_tscv
2025-11-17,0.303813076524669,0.06140669874812828,0.24240637777654073,3,2025-12-15,catboost_regressor,ridge_tscv
2025-11-24,0.0677012815654136,0.08956090380014325,-0.021859622234729648,3,2025-12-15,catboost_regressor,ridge_tscv
2025-12-01,0.583621878201202,0.07643152847033968,0.5071903497308623,3,2025-12-15,catboost_regressor,ridge_tscv
2025-12-08,0.108341978085893,0.07078441194657523,0.03755756613931778,3,2025-12-15,catboost_regressor,ridge_tscv
2025-03-03,0.00546544176995905,0.10472455172720935,-0.09925910995725029,1,2025-12-22,catboost_regressor,ridge_tscv
2025-03-10,0.473177765273476,0.12074154714636669,0.3524362181271093,1,2025-12-22,catboost_regressor,ridge_tscv
2025-03-17,0.0843248897867335,0.12271013556792501,-0.03838524578119151,1,2025-12-22,catboost_regressor,ridge_tscv
2025-03-24,0.148015195933047,0.07928772565764892,0.06872747027539806,1,2025-12-22,catboost_regressor,ridge_tscv
2025-03-31,0.443868011869911,0.07861921380766487,0.3652487980622461,1,2025-12-22,catboost_regressor,ridge_tscv
2025-04-07,0.134617370254834,0.09839701782543629,0.03622035242939771,1,2025-12-22,catboost_regressor,ridge_tscv
2025-04-14,0.0621123145606552,0.10235732080282804,-0.040245006242172844,1,2025-12-22,catboost_regressor,ridge_tscv
2025-04-21,0.143176753734124,0.08220880776551254,0.060967945968611464,1,2025-12-22,catboost_regressor,ridge_tscv
2025-04-28,0.0836116782995949,0.11166858737607904,-0.028056909076484143,1,2025-12-22,catboost_regressor,ridge_tscv
2025-05-05,0.188465024293173,0.07175264336312653,0.11671238093004646,1,2025-12-22,catboost_regressor,ridge_tscv
2025-05-12,0.28557128111203,0.10262730030965851,0.1829439808023715,1,2025-12-22,catboost_regressor,ridge_tscv
2025-05-19,0.128343012321562,0.08336826548603155,0.04497474683553046,1,2025-12-22,catboost_regressor,ridge_tscv
2025-05-26,0.110639383957494,0.07390923853744899,0.036730145420045004,1,2025-12-22,catboost_regressor,ridge_tscv
2025-06-02,0.134504519725832,0.09439958978080029,0.0401049299450317,1,2025-12-22,catboost_regressor,ridge_tscv
2025-06-09,0.0229259028385385,0.1163333093300239,-0.0934074064914854,2,2025-12-22,catboost_regressor,ridge_tscv
2025-06-16,-0.0145272235338583,0.11202213918841586,-0.12654936272227416,2,2025-12-22,catboost_regressor,ridge_tscv
2025-06-23,-0.0119427901737269,0.11702745582268152,-0.1289702459964084,2,2025-12-22,catboost_regressor,ridge_tscv
2025-06-30,0.0375468051905529,0.1452557792796487,-0.1077089740890958,2,2025-12-22,catboost_regressor,ridge_tscv
2025-07-07,-0.0734008015778954,0.14663030492155935,-0.22003110649945473,2,2025-12-22,catboost_regressor,ridge_tscv
2025-07-14,0.0745517215562396,0.150090017293714,-0.07553829573747439,2,2025-12-22,catboost_regressor,ridge_tscv
2025-07-21,0.0643779113892458,0.2308251875773093,-0.1664472761880635,2,2025-12-22,catboost_regressor,ridge_tscv
2025-07-28,0.342789901148327,0.11178503030948898,0.23100487083883803,2,2025-12-22,catboost_regressor,ridge_tscv
2025-08-04,0.0328375249929476,0.13688230564452258,-0.10404478065157499,2,2025-12-22,catboost_regressor,ridge_tscv
2025-08-11,0.0750438311217277,0.12273219562179964,-0.04768836450007194,2,2025-12-22,catboost_regressor,ridge_tscv
2025-08-18,0.244150207322864,0.14811298405273404,0.09603722327012995,2,2025-12-22,catboost_regressor,ridge_tscv
2025-08-25,0.0353374615739687,0.14363959043918434,-0.10830212886521565,2,2025-12-22,catboost_regressor,ridge_tscv
2025-09-01,0.037083177521204,0.1591436039857581,-0.12206042646455412,2,2025-12-22,catboost_regressor,ridge_tscv
2025-09-08,0.0408302409621366,0.12492616858825512,-0.0840959276261185,2,2025-12-22,catboost_regressor,ridge_tscv
2025-09-15,-0.0316621893348032,0.1021321998995622,-0.1337943892343654,3,2025-12-22,catboost_regressor,ridge_tscv
2025-09-22,0.167412720914919,0.11693852747042642,0.05047419344449257,3,2025-12-22,catboost_regressor,ridge_tscv
2025-09-29,0.134823580717908,0.12259050623501586,0.012233074482892153,3,2025-12-22,catboost_regressor,ridge_tscv
2025-10-06,0.170657905569605,0.0736335353536283,0.09702437021597671,3,2025-12-22,catboost_regressor,ridge_tscv
2025-10-13,0.0692562741764684,0.07548340055018884,-0.006227126373720443,3,2025-12-22,catboost_regressor,ridge_tscv
2025-10-20,0.218016998769719,0.10883571819922835,0.10918128057049065,3,2025-12-22,catboost_regressor,ridge_tscv
2025-10-27,0.12751595957534,0.14822971921844,-0.020713759643099988,3,2025-12-22,catboost_regressor,ridge_tscv
2025-11-03,0.279605962079427,0.08214072247388063,0.19746523960554638,3,2025-12-22,catboost_regressor,ridge_tscv
2025-11-10,0.0821158156091689,0.06131973570617864,0.020796079902990268,3,2025-12-22,catboost_regressor,ridge_tscv
2025-11-17,0.303813076524669,0.06140669874812828,0.24240637777654073,3,2025-12-22,catboost_regressor,ridge_tscv
2025-11-24,0.0677012815654136,0.08956090380014325,-0.021859622234729648,3,2025-12-22,catboost_regressor,ridge_tscv
2025-12-01,0.583621878201202,0.07643152847033968,0.5071903497308623,3,2025-12-22,catboost_regressor,ridge_tscv
2025-12-08,0.108341978085893,0.07078441194657523,0.03755756613931778,3,2025-12-22,catboost_regressor,ridge_tscv
2025-12-15,0.0687870202028637,0.06635762258091878,0.002429397621944926,3,2025-12-22,catboost_regressor,ridge_tscv
2025-03-10,0.473177765273476,0.10066196481005892,0.3725158004634171,1,2025-12-29,catboost_regressor,ridge_tscv
2025-03-17,0.0843248897867335,0.09388564861641131,-0.009560758829677815,1,2025-12-29,catboost_regressor,ridge_tscv
2025-03-24,0.148015195933047,0.06820598022494226,0.07980921570810473,1,2025-12-29,catboost_regressor,ridge_tscv
2025-03-31,0.443868011869911,0.07450039301756593,0.36936761885234504,1,2025-12-29,catboost_regressor,ridge_tscv
2025-04-07,0.134617370254834,0.09515711556914114,0.039460254685692864,1,2025-12-29,catboost_regressor,ridge_tscv
2025-04-14,0.0621123145606552,0.09589332401827674,-0.033781009457621546,1,2025-12-29,catboost_regressor,ridge_tscv
2025-04-21,0.143176753734124,0.06467737761358562,0.07849937612053838,1,2025-12-29,catboost_regressor,ridge_tscv
2025-04-28,0.0836116782995949,0.11740294416951827,-0.03379126586992337,1,2025-12-29,catboost_regressor,ridge_tscv
2025-05-05,0.188465024293173,0.07370925224872692,0.11475577204444608,1,2025-12-29,catboost_regressor,ridge_tscv
2025-05-12,0.28557128111203,0.10664496970835577,0.17892631140367424,1,2025-12-29,catboost_regressor,ridge_tscv
2025-05-19,0.128343012321562,0.07292991659930612,0.05541309572225589,1,2025-12-29,catboost_regressor,ridge_tscv
2025-05-26,0.110639383957494,0.06701820252779792,0.04362118142969608,1,2025-12-29,catboost_regressor,ridge_tscv
2025-06-02,0.134504519725832,0.09095542531559464,0.043549094410237355,1,2025-12-29,catboost_regressor,ridge_tscv
2025-06-09,0.0229259028385385,0.09749213402719753,-0.07456623118865903,1,2025-12-29,catboost_regressor,ridge_tscv
2025-06-16,-0.0145272235338583,0.08728161927208081,-0.1018088428059391,2,2025-12-29,catboost_regressor,ridge_tscv
2025-06-23,-0.0119427901737269,0.11862241952975124,-0.13056520970347812,2,2025-12-29,catboost_regressor,ridge_tscv
2025-06-30,0.0375468051905529,0.13783446329098895,-0.10028765810043605,2,2025-12-29,catboost_regressor,ridge_tscv
2025-07-07,-0.0734008015778954,0.1350661556031476,-0.20846695718104302,2,2025-12-29,catboost_regressor,ridge_tscv
2025-07-14,0.0745517215562396,0.14141547438854718,-0.06686375283230758,2,2025-12-29,catboost_regressor,ridge_tscv
2025-07-21,0.0643779113892458,0.19140728168990573,-0.12702937030065992,2,2025-12-29,catboost_regressor,ridge_tscv
2025-07-28,0.342789901148327,0.12345646125728509,0.21933343989104193,2,2025-12-29,catboost_regressor,ridge_tscv
2025-08-04,0.0328375249929476,0.12581934445215895,-0.09298181945921136,2,2025-12-29,catboost_regressor,ridge_tscv
2025-08-11,0.0750438311217277,0.11581888866536615,-0.04077505754363844,2,2025-12-29,catboost_regressor,ridge_tscv
2025-08-18,0.244150207322864,0.16204843859554696,0.08210176872731703,2,2025-12-29,catboost_regressor,ridge_tscv
2025-08-25,0.0353374615739687,0.16292159644099413,-0.12758413486702544,2,2025-12-29,catboost_regressor,ridge_tscv
2025-09-01,0.037083177521204,0.13776405613511433,-0.10068087861391034,2,2025-12-29,catboost_regressor,ridge_tscv
2025-09-08,0.0408302409621366,0.11045402496035293,-0.06962378399821634,2,2025-12-29,catboost_regressor,ridge_tscv
2025-09-15,-0.0316621893348032,0.10869127877228058,-0.14035346810708377,2,2025-12-29,catboost_regressor,ridge_tscv
2025-09-22,0.167412720914919,0.11049806943767727,0.056914651477241715,3,2025-12-29,catboost_regressor,ridge_tscv
2025-09-29,0.134823580717908,0.13884814968360792,-0.004024568965699915,3,2025-12-29,catboost_regressor,ridge_tscv
2025-10-06,0.170657905569605,0.07960349045363829,0.09105441511596671,3,2025-12-29,catboost_regressor,ridge_tscv
2025-10-13,0.0692562741764684,0.07657011530259264,-0.0073138411261242375,3,2025-12-29,catboost_regressor,ridge_tscv
2025-10-20,0.218016998769719,0.11698857768152168,0.10102842108819732,3,2025-12-29,catboost_regressor,ridge_tscv
2025-10-27,0.12751595957534,0.11852651701825086,0.008989442557089153,3,2025-12-29,catboost_regressor,ridge_tscv
2025-11-03,0.279605962079427,0.091506053030018,0.188099909049409,3,2025-12-29,catboost_regressor,ridge_tscv
2025-11-10,0.0821158156091689,0.0663736193493783,0.015742196259790606,3,2025-12-29,catboost_regressor,ridge_tscv
2025-11-17,0.303813076524669,0.058725190301746714,0.24508788622292227,3,2025-12-29,catboost_regressor,ridge_tscv
2025-11-24,0.0677012815654136,0.0895784470605645,-0.021877165495150896,3,2025-12-29,catboost_regressor,ridge_tscv
2025-12-01,0.583621878201202,0.07726960366400737,0.5063522745371947,3,2025-12-29,catboost_regressor,ridge_tscv
2025-12-08,0.108341978085893,0.0766813196230215,0.03166065846287151,3,2025-12-29,catboost_regressor,ridge_tscv
2025-12-15,0.0687870202028637,0.04833104966173806,0.02045597054112564,3,2025-12-29,catboost_regressor,ridge_tscv
2025-12-22,0.245426229585526,0.08269065964519966,0.16273556994032634,3,2025-12-29,catboost_regressor,ridge_tscv
2025-03-17,0.0843248897867335,0.11009929568834072,-0.02577440590160722,1,2026-01-05,catboost_regressor,ridge_tscv
2025-03-24,0.148015195933047,0.10161652526005743,0.046398670672989556,1,2026-01-05,catboost_regressor,ridge_tscv
2025-03-31,0.443868011869911,0.12311777029635465,0.32075024157355636,1,2026-01-05,catboost_regressor,ridge_tscv
2025-04-07,0.134617370254834,0.12426552823393446,0.010351842020899546,1,2026-01-05,catboost_regressor,ridge_tscv
2025-04-14,0.0621123145606552,0.10156631325189282,-0.03945399869123762,1,2026-01-05,catboost_regressor,ridge_tscv
2025-04-21,0.143176753734124,0.12212907868814293,0.021047675045981068,1,2026-01-05,catboost_regressor,ridge_tscv
2025-04-28,0.0836116782995949,0.13157655478580846,-0.04796487648621356,1,2026-01-05,catboost_regressor,ridge_tscv
2025-05-05,0.188465024293173,0.09757556596903193,0.09088945832414107,1,2026-01-05,catboost_regressor,ridge_tscv
2025-05-12,0.28557128111203,0.09482500648968899,0.190746274622341,1,2026-01-05,catboost_regressor,ridge_tscv
2025-05-19,0.128343012321562,0.09792747150761621,0.03041554081394579,1,2026-01-05,catboost_regressor,ridge_tscv
2025-05-26,0.110639383957494,0.08627610117278198,0.024363282784712018,1,2026-01-05,catboost_regressor,ridge_tscv
2025-06-02,0.134504519725832,0.06822497110012893,0.06627954862570307,1,2026-01-05,catboost_regressor,ridge_tscv
2025-06-09,0.0229259028385385,0.10893592244581912,-0.08601001960728062,1,2026-01-05,catboost_regressor,ridge_tscv
2025-06-16,-0.0145272235338583,0.10225265217925085,-0.11677987571310915,1,2026-01-05,catboost_regressor,ridge_tscv
2025-06-23,-0.0119427901737269,0.1105213509761879,-0.1224641411499148,2,2026-01-05,catboost_regressor,ridge_tscv
2025-06-30,0.0375468051905529,0.14172805008101472,-0.10418124489046182,2,2026-01-05,catboost_regressor,ridge_tscv
2025-07-07,-0.0734008015778954,0.11621401731351377,-0.1896148188914092,2,2026-01-05,catboost_regressor,ridge_tscv
2025-07-14,0.0745517215562396,0.13296248351656786,-0.05841076196032827,2,2026-01-05,catboost_regressor,ridge_tscv
2025-07-21,0.0643779113892458,0.23775334654194352,-0.1733754351526977,2,2026-01-05,catboost_regressor,ridge_tscv
2025-07-28,0.342789901148327,0.11956528684406252,0.2232246143042645,2,2026-01-05,catboost_regressor,ridge_tscv
2025-08-04,0.0328375249929476,0.1260868995836553,-0.0932493745907077,2,2026-01-05,catboost_regressor,ridge_tscv
2025-08-11,0.0750438311217277,0.11688277816870442,-0.041838947046976716,2,2026-01-05,catboost_regressor,ridge_tscv
2025-08-18,0.244150207322864,0.13159153448656427,0.11255867283629972,2,2026-01-05,catboost_regressor,ridge_tscv
2025-08-25,0.0353374615739687,0.14173353650731296,-0.10639607493334427,2,2026-01-05,catboost_regressor,ridge_tscv
2025-09-01,0.037083177521204,0.1389086938883078,-0.1018255163671038,2,2026-01-05,catboost_regressor,ridge_tscv
2025-09-08,0.0408302409621366,0.11707910136130972,-0.07624886039917311,2,2026-01-05,catboost_regressor,ridge_tscv
2025-09-15,-0.0316621893348032,0.08873808155079463,-0.12040027088559782,2,2026-01-05,catboost_regressor,ridge_tscv
2025-09-22,0.167412720914919,0.13173277999743233,0.03567994091748666,2,2026-01-05,catboost_regressor,ridge_tscv
2025-09-29,0.134823580717908,0.14275370943879345,-0.007930128720885443,3,2026-01-05,catboost_regressor,ridge_tscv
2025-10-06,0.170657905569605,0.0722584411421503,0.0983994644274547,3,2026-01-05,catboost_regressor,ridge_tscv
2025-10-13,0.0692562741764684,0.08482902712137473,-0.015572752944906329,3,2026-01-05,catboost_regressor,ridge_tscv
2025-10-20,0.218016998769719,0.10688257512965114,0.11113442364006786,3,2026-01-05,catboost_regressor,ridge_tscv
2025-10-27,0.12751595957534,0.14350286673777896,-0.015986907162438946,3,2026-01-05,catboost_regressor,ridge_tscv
2025-11-03,0.279605962079427,0.09374142998588524,0.18586453209354176,3,2026-01-05,catboost_regressor,ridge_tscv
2025-11-10,0.0821158156091689,0.09058232845400077,-0.008466512844831867,3,2026-01-05,catboost_regressor,ridge_tscv
2025-11-17,0.303813076524669,0.08654661602124308,0.2172664605034259,3,2026-01-05,catboost_regressor,ridge_tscv
2025-11-24,0.0677012815654136,0.10338418973897506,-0.035682908173561456,3,2026-01-05,catboost_regressor,ridge_tscv
2025-12-01,0.583621878201202,0.0826418679927581,0.500980010208444,3,2026-01-05,catboost_regressor,ridge_tscv
2025-12-08,0.108341978085893,0.07403649803459061,0.03430548005130239,3,2026-01-05,catboost_regressor,ridge_tscv
2025-12-15,0.0687870202028637,0.0457955490969693,0.022991471105894404,3,2026-01-05,catboost_regressor,ridge_tscv
2025-12-22,0.245426229585526,0.09861015622115503,0.14681607336437097,3,2026-01-05,catboost_regressor,ridge_tscv
2025-12-29,0.320565191490885,0.0896002482247243,0.23096494326616074,3,2026-01-05,catboost_regressor,ridge_tscv
2025-03-24,0.148015195933047,0.08453932306694886,0.06347587286609813,1,2026-01-12,catboost_regressor,ridge_tscv
2025-03-31,0.443868011869911,0.10556955061077175,0.3382984612591392,1,2026-01-12,catboost_regressor,ridge_tscv
2025-04-07,0.134617370254834,0.1037207159563058,0.030896654298528198,1,2026-01-12,catboost_regressor,ridge_tscv
2025-04-14,0.0621123145606552,0.1065907189482107,-0.04447840438755551,1,2026-01-12,catboost_regressor,ridge_tscv
2025-04-21,0.143176753734124,0.12134437747403413,0.021832376260089867,1,2026-01-12,catboost_regressor,ridge_tscv
2025-04-28,0.0836116782995949,0.09044822422813292,-0.006836545928538024,1,2026-01-12,catboost_regressor,ridge_tscv
2025-05-05,0.188465024293173,0.08190897154170036,0.10655605275147263,1,2026-01-12,catboost_regressor,ridge_tscv
2025-05-12,0.28557128111203,0.07862050274818802,0.206950778363842,1,2026-01-12,catboost_regressor,ridge_tscv
2025-05-19,0.128343012321562,0.10667593377944566,0.021667078542116344,1,2026-01-12,catboost_regressor,ridge_tscv
2025-05-26,0.110639383957494,0.08492145097389456,0.025717932983599437,1,2026-01-12,catboost_regressor,ridge_tscv
2025-06-02,0.134504519725832,0.07206793664332888,0.06243658308250312,1,2026-01-12,catboost_regressor,ridge_tscv
2025-06-09,0.0229259028385385,0.1014544018822215,-0.078528499043683,1,2026-01-12,catboost_regressor,ridge_tscv
2025-06-16,-0.0145272235338583,0.10492269231789876,-0.11944991585175706,1,2026-01-12,catboost_regressor,ridge_tscv
2025-06-23,-0.0119427901737269,0.12055191614848444,-0.13249470632221133,1,2026-01-12,catboost_regressor,ridge_tscv
2025-06-30,0.0375468051905529,0.1384963165947281,-0.10094951140417521,2,2026-01-12,catboost_regressor,ridge_tscv
2025-07-07,-0.0734008015778954,0.12383340892141033,-0.19723421049930573,2,2026-01-12,catboost_regressor,ridge_tscv
2025-07-14,0.0745517215562396,0.13262634945407964,-0.05807462789784004,2,2026-01-12,catboost_regressor,ridge_tscv
2025-07-21,0.0643779113892458,0.2234111640476908,-0.15903325265844498,2,2026-01-12,catboost_regressor,ridge_tscv
2025-07-28,0.342789901148327,0.129314485601656,0.21347541554667102,2,2026-01-12,catboost_regressor,ridge_tscv
2025-08-04,0.0328375249929476,0.11819745125817994,-0.08535992626523234,2,2026-01-12,catboost_regressor,ridge_tscv
2025-08-11,0.0750438311217277,0.14935638427217846,-0.07431255315045075,2,2026-01-12,catboost_regressor,ridge_tscv
2025-08-18,0.244150207322864,0.1342204883930834,0.1099297189297806,2,2026-01-12,catboost_regressor,ridge_tscv
2025-08-25,0.0353374615739687,0.15238862066407824,-0.11705115909010955,2,2026-01-12,catboost_regressor,ridge_tscv
2025-09-01,0.037083177521204,0.13754101073642916,-0.10045783321522517,2,2026-01-12,catboost_regressor,ridge_tscv
2025-09-08,0.0408302409621366,0.09525292694504009,-0.054422685982903486,2,2026-01-12,catboost_regressor,ridge_tscv
2025-09-15,-0.0316621893348032,0.08939190138047677,-0.12105409071527998,2,2026-01-12,catboost_regressor,ridge_tscv
2025-09-22,0.167412720914919,0.1315646534184569,0.03584806749646208,2,2026-01-12,catboost_regressor,ridge_tscv
2025-09-29,0.134823580717908,0.1452380794470293,-0.010414498729121285,2,2026-01-12,catboost_regressor,ridge_tscv
2025-10-06,0.170657905569605,0.08652716616131319,0.08413073940829181,3,2026-01-12,catboost_regressor,ridge_tscv
2025-10-13,0.0692562741764684,0.05082728305423427,0.01842899112223413,3,2026-01-12,catboost_regressor,ridge_tscv
2025-10-20,0.218016998769719,0.08833418300997381,0.1296828157597452,3,2026-01-12,catboost_regressor,ridge_tscv
2025-10-27,0.12751595957534,0.1540726899504386,-0.02655673037509859,3,2026-01-12,catboost_regressor,ridge_tscv
2025-11-03,0.279605962079427,0.07474272693503983,0.20486323514438717,3,2026-01-12,catboost_regressor,ridge_tscv
2025-11-10,0.0821158156091689,0.08327078830320184,-0.0011549726940329325,3,2026-01-12,catboost_regressor,ridge_tscv
2025-11-17,0.303813076524669,0.09474308071248305,0.20906999581218594,3,2026-01-12,catboost_regressor,ridge_tscv
2025-11-24,0.0677012815654136,0.09487065017899422,-0.027169368613580616,3,2026-01-12,catboost_regressor,ridge_tscv
2025-12-01,0.583621878201202,0.06122151684166515,0.5224003613595369,3,2026-01-12,catboost_regressor,ridge_tscv
2025-12-08,0.108341978085893,0.05765037948068449,0.05069159860520852,3,2026-01-12,catboost_regressor,ridge_tscv
2025-12-15,0.0687870202028637,0.06255317719395427,0.0062338430089094315,3,2026-01-12,catboost_regressor,ridge_tscv
2025-12-22,0.245426229585526,0.08706431289755542,0.1583619166879706,3,2026-01-12,catboost_regressor,ridge_tscv
2025-12-29,0.320565191490885,0.06423899446382644,0.2563261970270586,3,2026-01-12,catboost_regressor,ridge_tscv
2026-01-05,0.170007405822799,0.12437372591064909,0.04563367991214991,3,2026-01-12,catboost_regressor,ridge_tscv
2025-03-10,0.473177765273476,0.10066196481005892,0.3725158004634171,1,2026-01-19,catboost_regressor,ridge_tscv
2025-03-17,0.0843248897867335,0.09388564861641131,-0.009560758829677815,1,2026-01-19,catboost_regressor,ridge_tscv
2025-03-24,0.148015195933047,0.06820598022494226,0.07980921570810473,1,2026-01-19,catboost_regressor,ridge_tscv
2025-03-31,0.443868011869911,0.07450039301756593,0.36936761885234504,1,2026-01-19,catboost_regressor,ridge_tscv
2025-04-07,0.134617370254834,0.09515711556914114,0.039460254685692864,1,2026-01-19,catboost_regressor,ridge_tscv
2025-04-14,0.0621123145606552,0.09589332401827674,-0.033781009457621546,1,2026-01-19,catboost_regressor,ridge_tscv
2025-04-21,0.143176753734124,0.06467737761358562,0.07849937612053838,1,2026-01-19,catboost_regressor,ridge_tscv
2025-04-28,0.0836116782995949,0.11740294416951827,-0.03379126586992337,1,2026-01-19,catboost_regressor,ridge_tscv
2025-05-05,0.188465024293173,0.07370925224872692,0.11475577204444608,1,2026-01-19,catboost_regressor,ridge_tscv
2025-05-12,0.28557128111203,0.10664496970835577,0.17892631140367424,1,2026-01-19,catboost_regressor,ridge_tscv
2025-05-19,0.128343012321562,0.07292991659930612,0.05541309572225589,1,2026-01-19,catboost_regressor,ridge_tscv
2025-05-26,0.110639383957494,0.06701820252779792,0.04362118142969608,1,2026-01-19,catboost_regressor,ridge_tscv
2025-06-02,0.134504519725832,0.09095542531559464,0.043549094410237355,1,2026-01-19,catboost_regressor,ridge_tscv
2025-06-09,0.0229259028385385,0.09749213402719753,-0.07456623118865903,1,2026-01-19,catboost_regressor,ridge_tscv
2025-06-16,-0.0145272235338583,0.07477693335339841,-0.08930415688725671,1,2026-01-19,catboost_regressor,ridge_tscv
2025-06-23,-0.0119427901737269,0.1105213509761879,-0.1224641411499148,2,2026-01-19,catboost_regressor,ridge_tscv
2025-06-30,0.0375468051905529,0.14172805008101472,-0.10418124489046182,2,2026-01-19,catboost_regressor,ridge_tscv
2025-07-07,-0.0734008015778954,0.11621401731351377,-0.1896148188914092,2,2026-01-19,catboost_regressor,ridge_tscv
2025-07-14,0.0745517215562396,0.13296248351656786,-0.05841076196032827,2,2026-01-19,catboost_regressor,ridge_tscv
2025-07-21,0.0643779113892458,0.23775334654194352,-0.1733754351526977,2,2026-01-19,catboost_regressor,ridge_tscv
2025-07-28,0.342789901148327,0.11956528684406252,0.2232246143042645,2,2026-01-19,catboost_regressor,ridge_tscv
2025-08-04,0.0328375249929476,0.1260868995836553,-0.0932493745907077,2,2026-01-19,catboost_regressor,ridge_tscv
2025-08-11,0.0750438311217277,0.11688277816870442,-0.041838947046976716,2,2026-01-19,catboost_regressor,ridge_tscv
2025-08-18,0.244150207322864,0.13159153448656427,0.11255867283629972,2,2026-01-19,catboost_regressor,ridge_tscv
2025-08-25,0.0353374615739687,0.14173353650731296,-0.10639607493334427,2,2026-01-19,catboost_regressor,ridge_tscv
2025-09-01,0.037083177521204,0.1389086938883078,-0.1018255163671038,2,2026-01-19,catboost_regressor,ridge_tscv
2025-09-08,0.0408302409621366,0.11707910136130972,-0.07624886039917311,2,2026-01-19,catboost_regressor,ridge_tscv
2025-09-15,-0.0316621893348032,0.08873808155079463,-0.12040027088559782,2,2026-01-19,catboost_regressor,ridge_tscv
2025-09-22,0.167412720914919,0.13173277999743233,0.03567994091748666,2,2026-01-19,catboost_regressor,ridge_tscv
2025-09-29,0.134823580717908,0.13338740369499894,0.0014361770229090742,2,2026-01-19,catboost_regressor,ridge_tscv
2025-10-06,0.170657905569605,0.08652716616131319,0.08413073940829181,3,2026-01-19,catboost_regressor,ridge_tscv
2025-10-13,0.0692562741764684,0.05082728305423427,0.01842899112223413,3,2026-01-19,catboost_regressor,ridge_tscv
2025-10-20,0.218016998769719,0.08833418300997381,0.1296828157597452,3,2026-01-19,catboost_regressor,ridge_tscv
2025-10-27,0.12751595957534,0.1540726899504386,-0.02655673037509859,3,2026-01-19,catboost_regressor,ridge_tscv
2025-11-03,0.279605962079427,0.07474272693503983,0.20486323514438717,3,2026-01-19,catboost_regressor,ridge_tscv
2025-11-10,0.0821158156091689,0.08327078830320184,-0.0011549726940329325,3,2026-01-19,catboost_regressor,ridge_tscv
2025-11-17,0.303813076524669,0.09474308071248305,0.20906999581218594,3,2026-01-19,catboost_regressor,ridge_tscv
2025-11-24,0.0677012815654136,0.09487065017899422,-0.027169368613580616,3,2026-01-19,catboost_regressor,ridge_tscv
2025-12-01,0.583621878201202,0.06122151684166515,0.5224003613595369,3,2026-01-19,catboost_regressor,ridge_tscv
2025-12-08,0.108341978085893,0.05765037948068449,0.05069159860520852,3,2026-01-19,catboost_regressor,ridge_tscv
2025-12-15,0.0687870202028637,0.06255317719395427,0.0062338430089094315,3,2026-01-19,catboost_regressor,ridge_tscv
2025-12-22,0.245426229585526,0.08706431289755542,0.1583619166879706,3,2026-01-19,catboost_regressor,ridge_tscv
2025-12-29,0.320565191490885,0.06423899446382644,0.2563261970270586,3,2026-01-19,catboost_regressor,ridge_tscv
2026-01-05,0.170007405822799,0.12437372591064909,0.04563367991214991,3,2026-01-19,catboost_regressor,ridge_tscv
2026-01-12,-0.0198367240853288,0.11815614058816294,-0.13799286467349176,3,2026-01-19,catboost_regressor,ridge_tscv
2025-03-17,0.0843248897867335,0.11009929568834072,-0.02577440590160722,1,2026-01-26,catboost_regressor,ridge_tscv
2025-03-24,0.148015195933047,0.10161652526005743,0.046398670672989556,1,2026-01-26,catboost_regressor,ridge_tscv
2025-03-31,0.443868011869911,0.12311777029635465,0.32075024157355636,1,2026-01-26,catboost_regressor,ridge_tscv
2025-04-07,0.134617370254834,0.12426552823393446,0.010351842020899546,1,2026-01-26,catboost_regressor,ridge_tscv
2025-04-14,0.0621123145606552,0.10156631325189282,-0.03945399869123762,1,2026-01-26,catboost_regressor,ridge_tscv
2025-04-21,0.143176753734124,0.12212907868814293,0.021047675045981068,1,2026-01-26,catboost_regressor,ridge_tscv
2025-04-28,0.0836116782995949,0.13157655478580846,-0.04796487648621356,1,2026-01-26,catboost_regressor,ridge_tscv
2025-05-05,0.188465024293173,0.09757556596903193,0.09088945832414107,1,2026-01-26,catboost_regressor,ridge_tscv
2025-05-12,0.28557128111203,0.09482500648968899,0.190746274622341,1,2026-01-26,catboost_regressor,ridge_tscv
2025-05-19,0.128343012321562,0.09792747150761621,0.03041554081394579,1,2026-01-26,catboost_regressor,ridge_tscv
2025-05-26,0.110639383957494,0.08627610117278198,0.024363282784712018,1,2026-01-26,catboost_regressor,ridge_tscv
2025-06-02,0.134504519725832,0.06822497110012893,0.06627954862570307,1,2026-01-26,catboost_regressor,ridge_tscv
2025-06-09,0.0229259028385385,0.10893592244581912,-0.08601001960728062,1,2026-01-26,catboost_regressor,ridge_tscv
2025-06-16,-0.0145272235338583,0.10225265217925085,-0.11677987571310915,1,2026-01-26,catboost_regressor,ridge_tscv
2025-06-23,-0.0119427901737269,0.11281754669136863,-0.12476033686509554,1,2026-01-26,catboost_regressor,ridge_tscv
2025-06-30,0.0375468051905529,0.1384963165947281,-0.10094951140417521,2,2026-01-26,catboost_regressor,ridge_tscv
2025-07-07,-0.0734008015778954,0.12383340892141033,-0.19723421049930573,2,2026-01-26,catboost_regressor,ridge_tscv
2025-07-14,0.0745517215562396,0.13262634945407964,-0.05807462789784004,2,2026-01-26,catboost_regressor,ridge_tscv
2025-07-21,0.0643779113892458,0.2234111640476908,-0.15903325265844498,2,2026-01-26,catboost_regressor,ridge_tscv
2025-07-28,0.342789901148327,0.129314485601656,0.21347541554667102,2,2026-01-26,catboost_regressor,ridge_tscv
2025-08-04,0.0328375249929476,0.11819745125817994,-0.08535992626523234,2,2026-01-26,catboost_regressor,ridge_tscv
2025-08-11,0.0750438311217277,0.14935638427217846,-0.07431255315045075,2,2026-01-26,catboost_regressor,ridge_tscv
2025-08-18,0.244150207322864,0.1342204883930834,0.1099297189297806,2,2026-01-26,catboost_regressor,ridge_tscv
2025-08-25,0.0353374615739687,0.15238862066407824,-0.11705115909010955,2,2026-01-26,catboost_regressor,ridge_tscv
2025-09-01,0.037083177521204,0.13754101073642916,-0.10045783321522517,2,2026-01-26,catboost_regressor,ridge_tscv
2025-09-08,0.0408302409621366,0.09525292694504009,-0.054422685982903486,2,2026-01-26,catboost_regressor,ridge_tscv
2025-09-15,-0.0316621893348032,0.08939190138047677,-0.12105409071527998,2,2026-01-26,catboost_regressor,ridge_tscv
2025-09-22,0.167412720914919,0.1315646534184569,0.03584806749646208,2,2026-01-26,catboost_regressor,ridge_tscv
2025-09-29,0.134823580717908,0.1452380794470293,-0.010414498729121285,2,2026-01-26,catboost_regressor,ridge_tscv
2025-10-06,0.170657905569605,0.135995972450429,0.03466193311917601,2,2026-01-26,catboost_regressor,ridge_tscv
2025-10-13,0.0692562741764684,0.06526236016324768,0.003993914013220717,3,2026-01-26,catboost_regressor,ridge_tscv
2025-10-20,0.218016998769719,0.11962973890357095,0.09838725986614805,3,2026-01-26,catboost_regressor,ridge_tscv
2025-10-27,0.12751595957534,0.14576112559362162,-0.018245166018281606,3,2026-01-26,catboost_regressor,ridge_tscv
2025-11-03,0.279605962079427,0.10630015075197384,0.17330581132745315,3,2026-01-26,catboost_regressor,ridge_tscv
2025-11-10,0.0821158156091689,0.08985426933347197,-0.007738453724303068,3,2026-01-26,catboost_regressor,ridge_tscv
2025-11-17,0.303813076524669,0.08308003682377352,0.22073303970089547,3,2026-01-26,catboost_regressor,ridge_tscv
2025-11-24,0.0677012815654136,0.10912938210804807,-0.04142810054263446,3,2026-01-26,catboost_regressor,ridge_tscv
2025-12-01,0.583621878201202,0.07703671777089689,0.5065851604303051,3,2026-01-26,catboost_regressor,ridge_tscv
2025-12-08,0.108341978085893,0.09035478792499076,0.01798719016090225,3,2026-01-26,catboost_regressor,ridge_tscv
2025-12-15,0.0687870202028637,0.06094722748303759,0.007839792719826114,3,2026-01-26,catboost_regressor,ridge_tscv
2025-12-22,0.245426229585526,0.062147904402177524,0.1832783251833485,3,2026-01-26,catboost_regressor,ridge_tscv
2025-12-29,0.320565191490885,0.08820086546089992,0.2323643260299851,3,2026-01-26,catboost_regressor,ridge_tscv
2026-01-05,0.170007405822799,0.12075617917959774,0.04925122664320125,3,2026-01-26,catboost_regressor,ridge_tscv
2026-01-12,-0.0198367240853288,0.11549264186876422,-0.135329365954093,3,2026-01-26,catboost_regressor,ridge_tscv
2026-01-19,0.0960196886446368,0.10242874777142501,-0.0064090591267882135,3,2026-01-26,catboost_regressor,ridge_tscv
2025-03-24,0.148015195933047,0.08453932306694886,0.06347587286609813,1,2026-02-02,catboost_regressor,ridge_tscv
2025-03-31,0.443868011869911,0.10556955061077175,0.3382984612591392,1,2026-02-02,catboost_regressor,ridge_tscv
2025-04-07,0.134617370254834,0.1037207159563058,0.030896654298528198,1,2026-02-02,catboost_regressor,ridge_tscv
2025-04-14,0.0621123145606552,0.1065907189482107,-0.04447840438755551,1,2026-02-02,catboost_regressor,ridge_tscv
2025-04-21,0.143176753734124,0.12134437747403413,0.021832376260089867,1,2026-02-02,catboost_regressor,ridge_tscv
2025-04-28,0.0836116782995949,0.09044822422813292,-0.006836545928538024,1,2026-02-02,catboost_regressor,ridge_tscv
2025-05-05,0.188465024293173,0.08190897154170036,0.10655605275147263,1,2026-02-02,catboost_regressor,ridge_tscv
2025-05-12,0.28557128111203,0.07862050274818802,0.206950778363842,1,2026-02-02,catboost_regressor,ridge_tscv
2025-05-19,0.128343012321562,0.10667593377944566,0.021667078542116344,1,2026-02-02,catboost_regressor,ridge_tscv
2025-05-26,0.110639383957494,0.08492145097389456,0.025717932983599437,1,2026-02-02,catboost_regressor,ridge_tscv
2025-06-02,0.134504519725832,0.07206793664332888,0.06243658308250312,1,2026-02-02,catboost_regressor,ridge_tscv
2025-06-09,0.0229259028385385,0.1014544018822215,-0.078528499043683,1,2026-02-02,catboost_regressor,ridge_tscv
2025-06-16,-0.0145272235338583,0.10492269231789876,-0.11944991585175706,1,2026-02-02,catboost_regressor,ridge_tscv
2025-06-23,-0.0119427901737269,0.12055191614848444,-0.13249470632221133,1,2026-02-02,catboost_regressor,ridge_tscv
2025-06-30,0.0375468051905529,0.11356962906413515,-0.07602282387358225,1,2026-02-02,catboost_regressor,ridge_tscv
2025-07-07,-0.0734008015778954,0.0866310292557423,-0.1600318308336377,2,2026-02-02,catboost_regressor,ridge_tscv
2025-07-14,0.0745517215562396,0.11249831070811496,-0.03794658915187536,2,2026-02-02,catboost_regressor,ridge_tscv
2025-07-21,0.0643779113892458,0.199580644338423,-0.13520273294917723,2,2026-02-02,catboost_regressor,ridge_tscv
2025-07-28,0.342789901148327,0.09886263032582737,0.24392727082249965,2,2026-02-02,catboost_regressor,ridge_tscv
2025-08-04,0.0328375249929476,0.13205982973433963,-0.09922230474139204,2,2026-02-02,catboost_regressor,ridge_tscv
2025-08-11,0.0750438311217277,0.12708869104160178,-0.05204485991987408,2,2026-02-02,catboost_regressor,ridge_tscv
2025-08-18,0.244150207322864,0.14490452379524846,0.09924568352761554,2,2026-02-02,catboost_regressor,ridge_tscv
2025-08-25,0.0353374615739687,0.15039369064715452,-0.11505622907318583,2,2026-02-02,catboost_regressor,ridge_tscv
2025-09-01,0.037083177521204,0.10309817915278698,-0.06601500163158297,2,2026-02-02,catboost_regressor,ridge_tscv
2025-09-08,0.0408302409621366,0.0795887737351301,-0.038758532772993494,2,2026-02-02,catboost_regressor,ridge_tscv
2025-09-15,-0.0316621893348032,0.07759776631337592,-0.10925995564817911,2,2026-02-02,catboost_regressor,ridge_tscv
2025-09-22,0.167412720914919,0.11530149207033298,0.05211122884458601,2,2026-02-02,catboost_regressor,ridge_tscv
2025-09-29,0.134823580717908,0.14704524889152487,-0.012221668173616862,2,2026-02-02,catboost_regressor,ridge_tscv
2025-10-06,0.170657905569605,0.09026385520872261,0.08039405036088239,2,2026-02-02,catboost_regressor,ridge_tscv
2025-10-13,0.0692562741764684,0.06446972168007757,0.004786552496390831,2,2026-02-02,catboost_regressor,ridge_tscv
2025-10-20,0.218016998769719,0.09891222810210616,0.11910477066761284,3,2026-02-02,catboost_regressor,ridge_tscv
2025-10-27,0.12751595957534,0.15663175461170423,-0.029115795036364217,3,2026-02-02,catboost_regressor,ridge_tscv
2025-11-03,0.279605962079427,0.09830950897497723,0.18129645310444978,3,2026-02-02,catboost_regressor,ridge_tscv
2025-11-10,0.0821158156091689,0.08156598662462305,0.0005498289845458498,3,2026-02-02,catboost_regressor,ridge_tscv
2025-11-17,0.303813076524669,0.09451687321763268,0.2092962033070363,3,2026-02-02,catboost_regressor,ridge_tscv
2025-11-24,0.0677012815654136,0.07544803834934985,-0.007746756783936243,3,2026-02-02,catboost_regressor,ridge_tscv
2025-12-01,0.583621878201202,0.08546794571683028,0.4981539324843718,3,2026-02-02,catboost_regressor,ridge_tscv
2025-12-08,0.108341978085893,0.07481702623754732,0.03352495184834568,3,2026-02-02,catboost_regressor,ridge_tscv
2025-12-15,0.0687870202028637,0.06278215421894501,0.006004865983918695,3,2026-02-02,catboost_regressor,ridge_tscv
2025-12-22,0.245426229585526,0.0908571740872256,0.1545690554983004,3,2026-02-02,catboost_regressor,ridge_tscv
2025-12-29,0.320565191490885,0.10890771509227759,0.21165747639860744,3,2026-02-02,catboost_regressor,ridge_tscv
2026-01-05,0.170007405822799,0.12675997624286234,0.04324742957993666,3,2026-02-02,catboost_regressor,ridge_tscv
2026-01-12,-0.0198367240853288,0.10861156225508377,-0.12844828634041255,3,2026-02-02,catboost_regressor,ridge_tscv
2026-01-19,0.0960196886446368,0.10148954688467454,-0.005469858240037748,3,2026-02-02,catboost_regressor,ridge_tscv
2026-01-26,0.27725068164164,0.12149540313721513,0.1557552785044249,3,2026-02-02,catboost_regressor,ridge_tscv
