fecha_inicio_semana,y_current,y_true,y_pred,y_true_model,y_pred_model,error,selected_feature_count,selected_features,horizonte_sem,target_mode,feature_mode,transform_mode,run_id,model_name
2025-09-01,0.0328375249929476,0.037083177521204,0.12701697562657746,0.037083177521204,0.12701697562657746,0.08993379810537347,83,"sentimiento_medios,v5_agua_neto,v5_alumbrado_neto,v5_americo_neto,v5_basura_neto,v5_corrupcion_neto,v5_delitos_neto,v5_morena_neto,v5_obras_neto,v5_prevencion_neto,v5_vialidad_neto,y_t_aceptacion_digital_lag1,y_t_aceptacion_digital_lag2,y_t_aceptacion_digital_lag3,y_t_aceptacion_digital_lag4,y_t_aceptacion_digital_lag5,y_t_aceptacion_digital_lag6,sentimiento_medios_lag1,sentimiento_medios_lag2,sentimiento_medios_lag3,sentimiento_medios_lag4,sentimiento_medios_lag5,sentimiento_medios_lag6,v5_agua_neto_lag1,v5_agua_neto_lag2,v5_agua_neto_lag3,v5_agua_neto_lag4,v5_agua_neto_lag5,v5_agua_neto_lag6,v5_alumbrado_neto_lag1,v5_alumbrado_neto_lag2,v5_alumbrado_neto_lag3,v5_alumbrado_neto_lag4,v5_alumbrado_neto_lag5,v5_alumbrado_neto_lag6,v5_americo_neto_lag1,v5_americo_neto_lag2,v5_americo_neto_lag3,v5_americo_neto_lag4,v5_americo_neto_lag5,v5_americo_neto_lag6,v5_basura_neto_lag1,v5_basura_neto_lag2,v5_basura_neto_lag3,v5_basura_neto_lag4,v5_basura_neto_lag5,v5_basura_neto_lag6,v5_corrupcion_neto_lag1,v5_corrupcion_neto_lag2,v5_corrupcion_neto_lag3,v5_corrupcion_neto_lag4,v5_corrupcion_neto_lag5,v5_corrupcion_neto_lag6,v5_delitos_neto_lag1,v5_delitos_neto_lag2,v5_delitos_neto_lag3,v5_delitos_neto_lag4,v5_delitos_neto_lag5,v5_delitos_neto_lag6,v5_morena_neto_lag1,v5_morena_neto_lag2,v5_morena_neto_lag3,v5_morena_neto_lag4,v5_morena_neto_lag5,v5_morena_neto_lag6,v5_obras_neto_lag1,v5_obras_neto_lag2,v5_obras_neto_lag3,v5_obras_neto_lag4,v5_obras_neto_lag5,v5_obras_neto_lag6,v5_prevencion_neto_lag1,v5_prevencion_neto_lag2,v5_prevencion_neto_lag3,v5_prevencion_neto_lag4,v5_prevencion_neto_lag5,v5_prevencion_neto_lag6,v5_vialidad_neto_lag1,v5_vialidad_neto_lag2,v5_vialidad_neto_lag3,v5_vialidad_neto_lag4,v5_vialidad_neto_lag5,v5_vialidad_neto_lag6",4,nivel,all,,E3_v2_clean,random_forest_regressor
2025-09-08,0.0750438311217277,0.0408302409621366,0.10033044022888479,0.0408302409621366,0.10033044022888479,0.05950019926674819,83,"sentimiento_medios,v5_agua_neto,v5_alumbrado_neto,v5_americo_neto,v5_basura_neto,v5_corrupcion_neto,v5_delitos_neto,v5_morena_neto,v5_obras_neto,v5_prevencion_neto,v5_vialidad_neto,y_t_aceptacion_digital_lag1,y_t_aceptacion_digital_lag2,y_t_aceptacion_digital_lag3,y_t_aceptacion_digital_lag4,y_t_aceptacion_digital_lag5,y_t_aceptacion_digital_lag6,sentimiento_medios_lag1,sentimiento_medios_lag2,sentimiento_medios_lag3,sentimiento_medios_lag4,sentimiento_medios_lag5,sentimiento_medios_lag6,v5_agua_neto_lag1,v5_agua_neto_lag2,v5_agua_neto_lag3,v5_agua_neto_lag4,v5_agua_neto_lag5,v5_agua_neto_lag6,v5_alumbrado_neto_lag1,v5_alumbrado_neto_lag2,v5_alumbrado_neto_lag3,v5_alumbrado_neto_lag4,v5_alumbrado_neto_lag5,v5_alumbrado_neto_lag6,v5_americo_neto_lag1,v5_americo_neto_lag2,v5_americo_neto_lag3,v5_americo_neto_lag4,v5_americo_neto_lag5,v5_americo_neto_lag6,v5_basura_neto_lag1,v5_basura_neto_lag2,v5_basura_neto_lag3,v5_basura_neto_lag4,v5_basura_neto_lag5,v5_basura_neto_lag6,v5_corrupcion_neto_lag1,v5_corrupcion_neto_lag2,v5_corrupcion_neto_lag3,v5_corrupcion_neto_lag4,v5_corrupcion_neto_lag5,v5_corrupcion_neto_lag6,v5_delitos_neto_lag1,v5_delitos_neto_lag2,v5_delitos_neto_lag3,v5_delitos_neto_lag4,v5_delitos_neto_lag5,v5_delitos_neto_lag6,v5_morena_neto_lag1,v5_morena_neto_lag2,v5_morena_neto_lag3,v5_morena_neto_lag4,v5_morena_neto_lag5,v5_morena_neto_lag6,v5_obras_neto_lag1,v5_obras_neto_lag2,v5_obras_neto_lag3,v5_obras_neto_lag4,v5_obras_neto_lag5,v5_obras_neto_lag6,v5_prevencion_neto_lag1,v5_prevencion_neto_lag2,v5_prevencion_neto_lag3,v5_prevencion_neto_lag4,v5_prevencion_neto_lag5,v5_prevencion_neto_lag6,v5_vialidad_neto_lag1,v5_vialidad_neto_lag2,v5_vialidad_neto_lag3,v5_vialidad_neto_lag4,v5_vialidad_neto_lag5,v5_vialidad_neto_lag6",4,nivel,all,,E3_v2_clean,random_forest_regressor
2025-09-15,0.244150207322864,-0.0316621893348032,0.10064906419830541,-0.0316621893348032,0.10064906419830541,0.1323112535331086,83,"sentimiento_medios,v5_agua_neto,v5_alumbrado_neto,v5_americo_neto,v5_basura_neto,v5_corrupcion_neto,v5_delitos_neto,v5_morena_neto,v5_obras_neto,v5_prevencion_neto,v5_vialidad_neto,y_t_aceptacion_digital_lag1,y_t_aceptacion_digital_lag2,y_t_aceptacion_digital_lag3,y_t_aceptacion_digital_lag4,y_t_aceptacion_digital_lag5,y_t_aceptacion_digital_lag6,sentimiento_medios_lag1,sentimiento_medios_lag2,sentimiento_medios_lag3,sentimiento_medios_lag4,sentimiento_medios_lag5,sentimiento_medios_lag6,v5_agua_neto_lag1,v5_agua_neto_lag2,v5_agua_neto_lag3,v5_agua_neto_lag4,v5_agua_neto_lag5,v5_agua_neto_lag6,v5_alumbrado_neto_lag1,v5_alumbrado_neto_lag2,v5_alumbrado_neto_lag3,v5_alumbrado_neto_lag4,v5_alumbrado_neto_lag5,v5_alumbrado_neto_lag6,v5_americo_neto_lag1,v5_americo_neto_lag2,v5_americo_neto_lag3,v5_americo_neto_lag4,v5_americo_neto_lag5,v5_americo_neto_lag6,v5_basura_neto_lag1,v5_basura_neto_lag2,v5_basura_neto_lag3,v5_basura_neto_lag4,v5_basura_neto_lag5,v5_basura_neto_lag6,v5_corrupcion_neto_lag1,v5_corrupcion_neto_lag2,v5_corrupcion_neto_lag3,v5_corrupcion_neto_lag4,v5_corrupcion_neto_lag5,v5_corrupcion_neto_lag6,v5_delitos_neto_lag1,v5_delitos_neto_lag2,v5_delitos_neto_lag3,v5_delitos_neto_lag4,v5_delitos_neto_lag5,v5_delitos_neto_lag6,v5_morena_neto_lag1,v5_morena_neto_lag2,v5_morena_neto_lag3,v5_morena_neto_lag4,v5_morena_neto_lag5,v5_morena_neto_lag6,v5_obras_neto_lag1,v5_obras_neto_lag2,v5_obras_neto_lag3,v5_obras_neto_lag4,v5_obras_neto_lag5,v5_obras_neto_lag6,v5_prevencion_neto_lag1,v5_prevencion_neto_lag2,v5_prevencion_neto_lag3,v5_prevencion_neto_lag4,v5_prevencion_neto_lag5,v5_prevencion_neto_lag6,v5_vialidad_neto_lag1,v5_vialidad_neto_lag2,v5_vialidad_neto_lag3,v5_vialidad_neto_lag4,v5_vialidad_neto_lag5,v5_vialidad_neto_lag6",4,nivel,all,,E3_v2_clean,random_forest_regressor
2025-09-22,0.0353374615739687,0.167412720914919,0.12022859548847148,0.167412720914919,0.12022859548847148,-0.04718412542644751,83,"sentimiento_medios,v5_agua_neto,v5_alumbrado_neto,v5_americo_neto,v5_basura_neto,v5_corrupcion_neto,v5_delitos_neto,v5_morena_neto,v5_obras_neto,v5_prevencion_neto,v5_vialidad_neto,y_t_aceptacion_digital_lag1,y_t_aceptacion_digital_lag2,y_t_aceptacion_digital_lag3,y_t_aceptacion_digital_lag4,y_t_aceptacion_digital_lag5,y_t_aceptacion_digital_lag6,sentimiento_medios_lag1,sentimiento_medios_lag2,sentimiento_medios_lag3,sentimiento_medios_lag4,sentimiento_medios_lag5,sentimiento_medios_lag6,v5_agua_neto_lag1,v5_agua_neto_lag2,v5_agua_neto_lag3,v5_agua_neto_lag4,v5_agua_neto_lag5,v5_agua_neto_lag6,v5_alumbrado_neto_lag1,v5_alumbrado_neto_lag2,v5_alumbrado_neto_lag3,v5_alumbrado_neto_lag4,v5_alumbrado_neto_lag5,v5_alumbrado_neto_lag6,v5_americo_neto_lag1,v5_americo_neto_lag2,v5_americo_neto_lag3,v5_americo_neto_lag4,v5_americo_neto_lag5,v5_americo_neto_lag6,v5_basura_neto_lag1,v5_basura_neto_lag2,v5_basura_neto_lag3,v5_basura_neto_lag4,v5_basura_neto_lag5,v5_basura_neto_lag6,v5_corrupcion_neto_lag1,v5_corrupcion_neto_lag2,v5_corrupcion_neto_lag3,v5_corrupcion_neto_lag4,v5_corrupcion_neto_lag5,v5_corrupcion_neto_lag6,v5_delitos_neto_lag1,v5_delitos_neto_lag2,v5_delitos_neto_lag3,v5_delitos_neto_lag4,v5_delitos_neto_lag5,v5_delitos_neto_lag6,v5_morena_neto_lag1,v5_morena_neto_lag2,v5_morena_neto_lag3,v5_morena_neto_lag4,v5_morena_neto_lag5,v5_morena_neto_lag6,v5_obras_neto_lag1,v5_obras_neto_lag2,v5_obras_neto_lag3,v5_obras_neto_lag4,v5_obras_neto_lag5,v5_obras_neto_lag6,v5_prevencion_neto_lag1,v5_prevencion_neto_lag2,v5_prevencion_neto_lag3,v5_prevencion_neto_lag4,v5_prevencion_neto_lag5,v5_prevencion_neto_lag6,v5_vialidad_neto_lag1,v5_vialidad_neto_lag2,v5_vialidad_neto_lag3,v5_vialidad_neto_lag4,v5_vialidad_neto_lag5,v5_vialidad_neto_lag6",4,nivel,all,,E3_v2_clean,random_forest_regressor
2025-09-29,0.037083177521204,0.134823580717908,0.10746973883989303,0.134823580717908,0.10746973883989303,-0.027353841878014984,83,"sentimiento_medios,v5_agua_neto,v5_alumbrado_neto,v5_americo_neto,v5_basura_neto,v5_corrupcion_neto,v5_delitos_neto,v5_morena_neto,v5_obras_neto,v5_prevencion_neto,v5_vialidad_neto,y_t_aceptacion_digital_lag1,y_t_aceptacion_digital_lag2,y_t_aceptacion_digital_lag3,y_t_aceptacion_digital_lag4,y_t_aceptacion_digital_lag5,y_t_aceptacion_digital_lag6,sentimiento_medios_lag1,sentimiento_medios_lag2,sentimiento_medios_lag3,sentimiento_medios_lag4,sentimiento_medios_lag5,sentimiento_medios_lag6,v5_agua_neto_lag1,v5_agua_neto_lag2,v5_agua_neto_lag3,v5_agua_neto_lag4,v5_agua_neto_lag5,v5_agua_neto_lag6,v5_alumbrado_neto_lag1,v5_alumbrado_neto_lag2,v5_alumbrado_neto_lag3,v5_alumbrado_neto_lag4,v5_alumbrado_neto_lag5,v5_alumbrado_neto_lag6,v5_americo_neto_lag1,v5_americo_neto_lag2,v5_americo_neto_lag3,v5_americo_neto_lag4,v5_americo_neto_lag5,v5_americo_neto_lag6,v5_basura_neto_lag1,v5_basura_neto_lag2,v5_basura_neto_lag3,v5_basura_neto_lag4,v5_basura_neto_lag5,v5_basura_neto_lag6,v5_corrupcion_neto_lag1,v5_corrupcion_neto_lag2,v5_corrupcion_neto_lag3,v5_corrupcion_neto_lag4,v5_corrupcion_neto_lag5,v5_corrupcion_neto_lag6,v5_delitos_neto_lag1,v5_delitos_neto_lag2,v5_delitos_neto_lag3,v5_delitos_neto_lag4,v5_delitos_neto_lag5,v5_delitos_neto_lag6,v5_morena_neto_lag1,v5_morena_neto_lag2,v5_morena_neto_lag3,v5_morena_neto_lag4,v5_morena_neto_lag5,v5_morena_neto_lag6,v5_obras_neto_lag1,v5_obras_neto_lag2,v5_obras_neto_lag3,v5_obras_neto_lag4,v5_obras_neto_lag5,v5_obras_neto_lag6,v5_prevencion_neto_lag1,v5_prevencion_neto_lag2,v5_prevencion_neto_lag3,v5_prevencion_neto_lag4,v5_prevencion_neto_lag5,v5_prevencion_neto_lag6,v5_vialidad_neto_lag1,v5_vialidad_neto_lag2,v5_vialidad_neto_lag3,v5_vialidad_neto_lag4,v5_vialidad_neto_lag5,v5_vialidad_neto_lag6",4,nivel,all,,E3_v2_clean,random_forest_regressor
2025-10-06,0.0408302409621366,0.170657905569605,0.08935832869735988,0.170657905569605,0.08935832869735988,-0.08129957687224512,83,"sentimiento_medios,v5_agua_neto,v5_alumbrado_neto,v5_americo_neto,v5_basura_neto,v5_corrupcion_neto,v5_delitos_neto,v5_morena_neto,v5_obras_neto,v5_prevencion_neto,v5_vialidad_neto,y_t_aceptacion_digital_lag1,y_t_aceptacion_digital_lag2,y_t_aceptacion_digital_lag3,y_t_aceptacion_digital_lag4,y_t_aceptacion_digital_lag5,y_t_aceptacion_digital_lag6,sentimiento_medios_lag1,sentimiento_medios_lag2,sentimiento_medios_lag3,sentimiento_medios_lag4,sentimiento_medios_lag5,sentimiento_medios_lag6,v5_agua_neto_lag1,v5_agua_neto_lag2,v5_agua_neto_lag3,v5_agua_neto_lag4,v5_agua_neto_lag5,v5_agua_neto_lag6,v5_alumbrado_neto_lag1,v5_alumbrado_neto_lag2,v5_alumbrado_neto_lag3,v5_alumbrado_neto_lag4,v5_alumbrado_neto_lag5,v5_alumbrado_neto_lag6,v5_americo_neto_lag1,v5_americo_neto_lag2,v5_americo_neto_lag3,v5_americo_neto_lag4,v5_americo_neto_lag5,v5_americo_neto_lag6,v5_basura_neto_lag1,v5_basura_neto_lag2,v5_basura_neto_lag3,v5_basura_neto_lag4,v5_basura_neto_lag5,v5_basura_neto_lag6,v5_corrupcion_neto_lag1,v5_corrupcion_neto_lag2,v5_corrupcion_neto_lag3,v5_corrupcion_neto_lag4,v5_corrupcion_neto_lag5,v5_corrupcion_neto_lag6,v5_delitos_neto_lag1,v5_delitos_neto_lag2,v5_delitos_neto_lag3,v5_delitos_neto_lag4,v5_delitos_neto_lag5,v5_delitos_neto_lag6,v5_morena_neto_lag1,v5_morena_neto_lag2,v5_morena_neto_lag3,v5_morena_neto_lag4,v5_morena_neto_lag5,v5_morena_neto_lag6,v5_obras_neto_lag1,v5_obras_neto_lag2,v5_obras_neto_lag3,v5_obras_neto_lag4,v5_obras_neto_lag5,v5_obras_neto_lag6,v5_prevencion_neto_lag1,v5_prevencion_neto_lag2,v5_prevencion_neto_lag3,v5_prevencion_neto_lag4,v5_prevencion_neto_lag5,v5_prevencion_neto_lag6,v5_vialidad_neto_lag1,v5_vialidad_neto_lag2,v5_vialidad_neto_lag3,v5_vialidad_neto_lag4,v5_vialidad_neto_lag5,v5_vialidad_neto_lag6",4,nivel,all,,E3_v2_clean,random_forest_regressor
2025-10-13,-0.0316621893348032,0.0692562741764684,0.09076275423630069,0.0692562741764684,0.09076275423630069,0.021506480059832286,83,"sentimiento_medios,v5_agua_neto,v5_alumbrado_neto,v5_americo_neto,v5_basura_neto,v5_corrupcion_neto,v5_delitos_neto,v5_morena_neto,v5_obras_neto,v5_prevencion_neto,v5_vialidad_neto,y_t_aceptacion_digital_lag1,y_t_aceptacion_digital_lag2,y_t_aceptacion_digital_lag3,y_t_aceptacion_digital_lag4,y_t_aceptacion_digital_lag5,y_t_aceptacion_digital_lag6,sentimiento_medios_lag1,sentimiento_medios_lag2,sentimiento_medios_lag3,sentimiento_medios_lag4,sentimiento_medios_lag5,sentimiento_medios_lag6,v5_agua_neto_lag1,v5_agua_neto_lag2,v5_agua_neto_lag3,v5_agua_neto_lag4,v5_agua_neto_lag5,v5_agua_neto_lag6,v5_alumbrado_neto_lag1,v5_alumbrado_neto_lag2,v5_alumbrado_neto_lag3,v5_alumbrado_neto_lag4,v5_alumbrado_neto_lag5,v5_alumbrado_neto_lag6,v5_americo_neto_lag1,v5_americo_neto_lag2,v5_americo_neto_lag3,v5_americo_neto_lag4,v5_americo_neto_lag5,v5_americo_neto_lag6,v5_basura_neto_lag1,v5_basura_neto_lag2,v5_basura_neto_lag3,v5_basura_neto_lag4,v5_basura_neto_lag5,v5_basura_neto_lag6,v5_corrupcion_neto_lag1,v5_corrupcion_neto_lag2,v5_corrupcion_neto_lag3,v5_corrupcion_neto_lag4,v5_corrupcion_neto_lag5,v5_corrupcion_neto_lag6,v5_delitos_neto_lag1,v5_delitos_neto_lag2,v5_delitos_neto_lag3,v5_delitos_neto_lag4,v5_delitos_neto_lag5,v5_delitos_neto_lag6,v5_morena_neto_lag1,v5_morena_neto_lag2,v5_morena_neto_lag3,v5_morena_neto_lag4,v5_morena_neto_lag5,v5_morena_neto_lag6,v5_obras_neto_lag1,v5_obras_neto_lag2,v5_obras_neto_lag3,v5_obras_neto_lag4,v5_obras_neto_lag5,v5_obras_neto_lag6,v5_prevencion_neto_lag1,v5_prevencion_neto_lag2,v5_prevencion_neto_lag3,v5_prevencion_neto_lag4,v5_prevencion_neto_lag5,v5_prevencion_neto_lag6,v5_vialidad_neto_lag1,v5_vialidad_neto_lag2,v5_vialidad_neto_lag3,v5_vialidad_neto_lag4,v5_vialidad_neto_lag5,v5_vialidad_neto_lag6",4,nivel,all,,E3_v2_clean,random_forest_regressor
2025-10-20,0.167412720914919,0.218016998769719,0.10825402580784103,0.218016998769719,0.10825402580784103,-0.10976297296187797,83,"sentimiento_medios,v5_agua_neto,v5_alumbrado_neto,v5_americo_neto,v5_basura_neto,v5_corrupcion_neto,v5_delitos_neto,v5_morena_neto,v5_obras_neto,v5_prevencion_neto,v5_vialidad_neto,y_t_aceptacion_digital_lag1,y_t_aceptacion_digital_lag2,y_t_aceptacion_digital_lag3,y_t_aceptacion_digital_lag4,y_t_aceptacion_digital_lag5,y_t_aceptacion_digital_lag6,sentimiento_medios_lag1,sentimiento_medios_lag2,sentimiento_medios_lag3,sentimiento_medios_lag4,sentimiento_medios_lag5,sentimiento_medios_lag6,v5_agua_neto_lag1,v5_agua_neto_lag2,v5_agua_neto_lag3,v5_agua_neto_lag4,v5_agua_neto_lag5,v5_agua_neto_lag6,v5_alumbrado_neto_lag1,v5_alumbrado_neto_lag2,v5_alumbrado_neto_lag3,v5_alumbrado_neto_lag4,v5_alumbrado_neto_lag5,v5_alumbrado_neto_lag6,v5_americo_neto_lag1,v5_americo_neto_lag2,v5_americo_neto_lag3,v5_americo_neto_lag4,v5_americo_neto_lag5,v5_americo_neto_lag6,v5_basura_neto_lag1,v5_basura_neto_lag2,v5_basura_neto_lag3,v5_basura_neto_lag4,v5_basura_neto_lag5,v5_basura_neto_lag6,v5_corrupcion_neto_lag1,v5_corrupcion_neto_lag2,v5_corrupcion_neto_lag3,v5_corrupcion_neto_lag4,v5_corrupcion_neto_lag5,v5_corrupcion_neto_lag6,v5_delitos_neto_lag1,v5_delitos_neto_lag2,v5_delitos_neto_lag3,v5_delitos_neto_lag4,v5_delitos_neto_lag5,v5_delitos_neto_lag6,v5_morena_neto_lag1,v5_morena_neto_lag2,v5_morena_neto_lag3,v5_morena_neto_lag4,v5_morena_neto_lag5,v5_morena_neto_lag6,v5_obras_neto_lag1,v5_obras_neto_lag2,v5_obras_neto_lag3,v5_obras_neto_lag4,v5_obras_neto_lag5,v5_obras_neto_lag6,v5_prevencion_neto_lag1,v5_prevencion_neto_lag2,v5_prevencion_neto_lag3,v5_prevencion_neto_lag4,v5_prevencion_neto_lag5,v5_prevencion_neto_lag6,v5_vialidad_neto_lag1,v5_vialidad_neto_lag2,v5_vialidad_neto_lag3,v5_vialidad_neto_lag4,v5_vialidad_neto_lag5,v5_vialidad_neto_lag6",4,nivel,all,,E3_v2_clean,random_forest_regressor
2025-10-27,0.134823580717908,0.12751595957534,0.13819410197235404,0.12751595957534,0.13819410197235404,0.010678142397014034,83,"sentimiento_medios,v5_agua_neto,v5_alumbrado_neto,v5_americo_neto,v5_basura_neto,v5_corrupcion_neto,v5_delitos_neto,v5_morena_neto,v5_obras_neto,v5_prevencion_neto,v5_vialidad_neto,y_t_aceptacion_digital_lag1,y_t_aceptacion_digital_lag2,y_t_aceptacion_digital_lag3,y_t_aceptacion_digital_lag4,y_t_aceptacion_digital_lag5,y_t_aceptacion_digital_lag6,sentimiento_medios_lag1,sentimiento_medios_lag2,sentimiento_medios_lag3,sentimiento_medios_lag4,sentimiento_medios_lag5,sentimiento_medios_lag6,v5_agua_neto_lag1,v5_agua_neto_lag2,v5_agua_neto_lag3,v5_agua_neto_lag4,v5_agua_neto_lag5,v5_agua_neto_lag6,v5_alumbrado_neto_lag1,v5_alumbrado_neto_lag2,v5_alumbrado_neto_lag3,v5_alumbrado_neto_lag4,v5_alumbrado_neto_lag5,v5_alumbrado_neto_lag6,v5_americo_neto_lag1,v5_americo_neto_lag2,v5_americo_neto_lag3,v5_americo_neto_lag4,v5_americo_neto_lag5,v5_americo_neto_lag6,v5_basura_neto_lag1,v5_basura_neto_lag2,v5_basura_neto_lag3,v5_basura_neto_lag4,v5_basura_neto_lag5,v5_basura_neto_lag6,v5_corrupcion_neto_lag1,v5_corrupcion_neto_lag2,v5_corrupcion_neto_lag3,v5_corrupcion_neto_lag4,v5_corrupcion_neto_lag5,v5_corrupcion_neto_lag6,v5_delitos_neto_lag1,v5_delitos_neto_lag2,v5_delitos_neto_lag3,v5_delitos_neto_lag4,v5_delitos_neto_lag5,v5_delitos_neto_lag6,v5_morena_neto_lag1,v5_morena_neto_lag2,v5_morena_neto_lag3,v5_morena_neto_lag4,v5_morena_neto_lag5,v5_morena_neto_lag6,v5_obras_neto_lag1,v5_obras_neto_lag2,v5_obras_neto_lag3,v5_obras_neto_lag4,v5_obras_neto_lag5,v5_obras_neto_lag6,v5_prevencion_neto_lag1,v5_prevencion_neto_lag2,v5_prevencion_neto_lag3,v5_prevencion_neto_lag4,v5_prevencion_neto_lag5,v5_prevencion_neto_lag6,v5_vialidad_neto_lag1,v5_vialidad_neto_lag2,v5_vialidad_neto_lag3,v5_vialidad_neto_lag4,v5_vialidad_neto_lag5,v5_vialidad_neto_lag6",4,nivel,all,,E3_v2_clean,random_forest_regressor
2025-11-03,0.170657905569605,0.279605962079427,0.10948043873719852,0.279605962079427,0.10948043873719852,-0.17012552334222847,83,"sentimiento_medios,v5_agua_neto,v5_alumbrado_neto,v5_americo_neto,v5_basura_neto,v5_corrupcion_neto,v5_delitos_neto,v5_morena_neto,v5_obras_neto,v5_prevencion_neto,v5_vialidad_neto,y_t_aceptacion_digital_lag1,y_t_aceptacion_digital_lag2,y_t_aceptacion_digital_lag3,y_t_aceptacion_digital_lag4,y_t_aceptacion_digital_lag5,y_t_aceptacion_digital_lag6,sentimiento_medios_lag1,sentimiento_medios_lag2,sentimiento_medios_lag3,sentimiento_medios_lag4,sentimiento_medios_lag5,sentimiento_medios_lag6,v5_agua_neto_lag1,v5_agua_neto_lag2,v5_agua_neto_lag3,v5_agua_neto_lag4,v5_agua_neto_lag5,v5_agua_neto_lag6,v5_alumbrado_neto_lag1,v5_alumbrado_neto_lag2,v5_alumbrado_neto_lag3,v5_alumbrado_neto_lag4,v5_alumbrado_neto_lag5,v5_alumbrado_neto_lag6,v5_americo_neto_lag1,v5_americo_neto_lag2,v5_americo_neto_lag3,v5_americo_neto_lag4,v5_americo_neto_lag5,v5_americo_neto_lag6,v5_basura_neto_lag1,v5_basura_neto_lag2,v5_basura_neto_lag3,v5_basura_neto_lag4,v5_basura_neto_lag5,v5_basura_neto_lag6,v5_corrupcion_neto_lag1,v5_corrupcion_neto_lag2,v5_corrupcion_neto_lag3,v5_corrupcion_neto_lag4,v5_corrupcion_neto_lag5,v5_corrupcion_neto_lag6,v5_delitos_neto_lag1,v5_delitos_neto_lag2,v5_delitos_neto_lag3,v5_delitos_neto_lag4,v5_delitos_neto_lag5,v5_delitos_neto_lag6,v5_morena_neto_lag1,v5_morena_neto_lag2,v5_morena_neto_lag3,v5_morena_neto_lag4,v5_morena_neto_lag5,v5_morena_neto_lag6,v5_obras_neto_lag1,v5_obras_neto_lag2,v5_obras_neto_lag3,v5_obras_neto_lag4,v5_obras_neto_lag5,v5_obras_neto_lag6,v5_prevencion_neto_lag1,v5_prevencion_neto_lag2,v5_prevencion_neto_lag3,v5_prevencion_neto_lag4,v5_prevencion_neto_lag5,v5_prevencion_neto_lag6,v5_vialidad_neto_lag1,v5_vialidad_neto_lag2,v5_vialidad_neto_lag3,v5_vialidad_neto_lag4,v5_vialidad_neto_lag5,v5_vialidad_neto_lag6",4,nivel,all,,E3_v2_clean,random_forest_regressor
2025-11-10,0.0692562741764684,0.0821158156091689,0.1123089741876265,0.0821158156091689,0.1123089741876265,0.0301931585784576,83,"sentimiento_medios,v5_agua_neto,v5_alumbrado_neto,v5_americo_neto,v5_basura_neto,v5_corrupcion_neto,v5_delitos_neto,v5_morena_neto,v5_obras_neto,v5_prevencion_neto,v5_vialidad_neto,y_t_aceptacion_digital_lag1,y_t_aceptacion_digital_lag2,y_t_aceptacion_digital_lag3,y_t_aceptacion_digital_lag4,y_t_aceptacion_digital_lag5,y_t_aceptacion_digital_lag6,sentimiento_medios_lag1,sentimiento_medios_lag2,sentimiento_medios_lag3,sentimiento_medios_lag4,sentimiento_medios_lag5,sentimiento_medios_lag6,v5_agua_neto_lag1,v5_agua_neto_lag2,v5_agua_neto_lag3,v5_agua_neto_lag4,v5_agua_neto_lag5,v5_agua_neto_lag6,v5_alumbrado_neto_lag1,v5_alumbrado_neto_lag2,v5_alumbrado_neto_lag3,v5_alumbrado_neto_lag4,v5_alumbrado_neto_lag5,v5_alumbrado_neto_lag6,v5_americo_neto_lag1,v5_americo_neto_lag2,v5_americo_neto_lag3,v5_americo_neto_lag4,v5_americo_neto_lag5,v5_americo_neto_lag6,v5_basura_neto_lag1,v5_basura_neto_lag2,v5_basura_neto_lag3,v5_basura_neto_lag4,v5_basura_neto_lag5,v5_basura_neto_lag6,v5_corrupcion_neto_lag1,v5_corrupcion_neto_lag2,v5_corrupcion_neto_lag3,v5_corrupcion_neto_lag4,v5_corrupcion_neto_lag5,v5_corrupcion_neto_lag6,v5_delitos_neto_lag1,v5_delitos_neto_lag2,v5_delitos_neto_lag3,v5_delitos_neto_lag4,v5_delitos_neto_lag5,v5_delitos_neto_lag6,v5_morena_neto_lag1,v5_morena_neto_lag2,v5_morena_neto_lag3,v5_morena_neto_lag4,v5_morena_neto_lag5,v5_morena_neto_lag6,v5_obras_neto_lag1,v5_obras_neto_lag2,v5_obras_neto_lag3,v5_obras_neto_lag4,v5_obras_neto_lag5,v5_obras_neto_lag6,v5_prevencion_neto_lag1,v5_prevencion_neto_lag2,v5_prevencion_neto_lag3,v5_prevencion_neto_lag4,v5_prevencion_neto_lag5,v5_prevencion_neto_lag6,v5_vialidad_neto_lag1,v5_vialidad_neto_lag2,v5_vialidad_neto_lag3,v5_vialidad_neto_lag4,v5_vialidad_neto_lag5,v5_vialidad_neto_lag6",4,nivel,all,,E3_v2_clean,random_forest_regressor
2025-11-17,0.218016998769719,0.303813076524669,0.10761044900174968,0.303813076524669,0.10761044900174968,-0.1962026275229193,83,"sentimiento_medios,v5_agua_neto,v5_alumbrado_neto,v5_americo_neto,v5_basura_neto,v5_corrupcion_neto,v5_delitos_neto,v5_morena_neto,v5_obras_neto,v5_prevencion_neto,v5_vialidad_neto,y_t_aceptacion_digital_lag1,y_t_aceptacion_digital_lag2,y_t_aceptacion_digital_lag3,y_t_aceptacion_digital_lag4,y_t_aceptacion_digital_lag5,y_t_aceptacion_digital_lag6,sentimiento_medios_lag1,sentimiento_medios_lag2,sentimiento_medios_lag3,sentimiento_medios_lag4,sentimiento_medios_lag5,sentimiento_medios_lag6,v5_agua_neto_lag1,v5_agua_neto_lag2,v5_agua_neto_lag3,v5_agua_neto_lag4,v5_agua_neto_lag5,v5_agua_neto_lag6,v5_alumbrado_neto_lag1,v5_alumbrado_neto_lag2,v5_alumbrado_neto_lag3,v5_alumbrado_neto_lag4,v5_alumbrado_neto_lag5,v5_alumbrado_neto_lag6,v5_americo_neto_lag1,v5_americo_neto_lag2,v5_americo_neto_lag3,v5_americo_neto_lag4,v5_americo_neto_lag5,v5_americo_neto_lag6,v5_basura_neto_lag1,v5_basura_neto_lag2,v5_basura_neto_lag3,v5_basura_neto_lag4,v5_basura_neto_lag5,v5_basura_neto_lag6,v5_corrupcion_neto_lag1,v5_corrupcion_neto_lag2,v5_corrupcion_neto_lag3,v5_corrupcion_neto_lag4,v5_corrupcion_neto_lag5,v5_corrupcion_neto_lag6,v5_delitos_neto_lag1,v5_delitos_neto_lag2,v5_delitos_neto_lag3,v5_delitos_neto_lag4,v5_delitos_neto_lag5,v5_delitos_neto_lag6,v5_morena_neto_lag1,v5_morena_neto_lag2,v5_morena_neto_lag3,v5_morena_neto_lag4,v5_morena_neto_lag5,v5_morena_neto_lag6,v5_obras_neto_lag1,v5_obras_neto_lag2,v5_obras_neto_lag3,v5_obras_neto_lag4,v5_obras_neto_lag5,v5_obras_neto_lag6,v5_prevencion_neto_lag1,v5_prevencion_neto_lag2,v5_prevencion_neto_lag3,v5_prevencion_neto_lag4,v5_prevencion_neto_lag5,v5_prevencion_neto_lag6,v5_vialidad_neto_lag1,v5_vialidad_neto_lag2,v5_vialidad_neto_lag3,v5_vialidad_neto_lag4,v5_vialidad_neto_lag5,v5_vialidad_neto_lag6",4,nivel,all,,E3_v2_clean,random_forest_regressor
2025-11-24,0.12751595957534,0.0677012815654136,0.12436276857923662,0.0677012815654136,0.12436276857923662,0.05666148701382301,83,"sentimiento_medios,v5_agua_neto,v5_alumbrado_neto,v5_americo_neto,v5_basura_neto,v5_corrupcion_neto,v5_delitos_neto,v5_morena_neto,v5_obras_neto,v5_prevencion_neto,v5_vialidad_neto,y_t_aceptacion_digital_lag1,y_t_aceptacion_digital_lag2,y_t_aceptacion_digital_lag3,y_t_aceptacion_digital_lag4,y_t_aceptacion_digital_lag5,y_t_aceptacion_digital_lag6,sentimiento_medios_lag1,sentimiento_medios_lag2,sentimiento_medios_lag3,sentimiento_medios_lag4,sentimiento_medios_lag5,sentimiento_medios_lag6,v5_agua_neto_lag1,v5_agua_neto_lag2,v5_agua_neto_lag3,v5_agua_neto_lag4,v5_agua_neto_lag5,v5_agua_neto_lag6,v5_alumbrado_neto_lag1,v5_alumbrado_neto_lag2,v5_alumbrado_neto_lag3,v5_alumbrado_neto_lag4,v5_alumbrado_neto_lag5,v5_alumbrado_neto_lag6,v5_americo_neto_lag1,v5_americo_neto_lag2,v5_americo_neto_lag3,v5_americo_neto_lag4,v5_americo_neto_lag5,v5_americo_neto_lag6,v5_basura_neto_lag1,v5_basura_neto_lag2,v5_basura_neto_lag3,v5_basura_neto_lag4,v5_basura_neto_lag5,v5_basura_neto_lag6,v5_corrupcion_neto_lag1,v5_corrupcion_neto_lag2,v5_corrupcion_neto_lag3,v5_corrupcion_neto_lag4,v5_corrupcion_neto_lag5,v5_corrupcion_neto_lag6,v5_delitos_neto_lag1,v5_delitos_neto_lag2,v5_delitos_neto_lag3,v5_delitos_neto_lag4,v5_delitos_neto_lag5,v5_delitos_neto_lag6,v5_morena_neto_lag1,v5_morena_neto_lag2,v5_morena_neto_lag3,v5_morena_neto_lag4,v5_morena_neto_lag5,v5_morena_neto_lag6,v5_obras_neto_lag1,v5_obras_neto_lag2,v5_obras_neto_lag3,v5_obras_neto_lag4,v5_obras_neto_lag5,v5_obras_neto_lag6,v5_prevencion_neto_lag1,v5_prevencion_neto_lag2,v5_prevencion_neto_lag3,v5_prevencion_neto_lag4,v5_prevencion_neto_lag5,v5_prevencion_neto_lag6,v5_vialidad_neto_lag1,v5_vialidad_neto_lag2,v5_vialidad_neto_lag3,v5_vialidad_neto_lag4,v5_vialidad_neto_lag5,v5_vialidad_neto_lag6",4,nivel,all,,E3_v2_clean,random_forest_regressor
2025-12-01,0.279605962079427,0.583621878201202,0.11352320503586524,0.583621878201202,0.11352320503586524,-0.4700986731653368,83,"sentimiento_medios,v5_agua_neto,v5_alumbrado_neto,v5_americo_neto,v5_basura_neto,v5_corrupcion_neto,v5_delitos_neto,v5_morena_neto,v5_obras_neto,v5_prevencion_neto,v5_vialidad_neto,y_t_aceptacion_digital_lag1,y_t_aceptacion_digital_lag2,y_t_aceptacion_digital_lag3,y_t_aceptacion_digital_lag4,y_t_aceptacion_digital_lag5,y_t_aceptacion_digital_lag6,sentimiento_medios_lag1,sentimiento_medios_lag2,sentimiento_medios_lag3,sentimiento_medios_lag4,sentimiento_medios_lag5,sentimiento_medios_lag6,v5_agua_neto_lag1,v5_agua_neto_lag2,v5_agua_neto_lag3,v5_agua_neto_lag4,v5_agua_neto_lag5,v5_agua_neto_lag6,v5_alumbrado_neto_lag1,v5_alumbrado_neto_lag2,v5_alumbrado_neto_lag3,v5_alumbrado_neto_lag4,v5_alumbrado_neto_lag5,v5_alumbrado_neto_lag6,v5_americo_neto_lag1,v5_americo_neto_lag2,v5_americo_neto_lag3,v5_americo_neto_lag4,v5_americo_neto_lag5,v5_americo_neto_lag6,v5_basura_neto_lag1,v5_basura_neto_lag2,v5_basura_neto_lag3,v5_basura_neto_lag4,v5_basura_neto_lag5,v5_basura_neto_lag6,v5_corrupcion_neto_lag1,v5_corrupcion_neto_lag2,v5_corrupcion_neto_lag3,v5_corrupcion_neto_lag4,v5_corrupcion_neto_lag5,v5_corrupcion_neto_lag6,v5_delitos_neto_lag1,v5_delitos_neto_lag2,v5_delitos_neto_lag3,v5_delitos_neto_lag4,v5_delitos_neto_lag5,v5_delitos_neto_lag6,v5_morena_neto_lag1,v5_morena_neto_lag2,v5_morena_neto_lag3,v5_morena_neto_lag4,v5_morena_neto_lag5,v5_morena_neto_lag6,v5_obras_neto_lag1,v5_obras_neto_lag2,v5_obras_neto_lag3,v5_obras_neto_lag4,v5_obras_neto_lag5,v5_obras_neto_lag6,v5_prevencion_neto_lag1,v5_prevencion_neto_lag2,v5_prevencion_neto_lag3,v5_prevencion_neto_lag4,v5_prevencion_neto_lag5,v5_prevencion_neto_lag6,v5_vialidad_neto_lag1,v5_vialidad_neto_lag2,v5_vialidad_neto_lag3,v5_vialidad_neto_lag4,v5_vialidad_neto_lag5,v5_vialidad_neto_lag6",4,nivel,all,,E3_v2_clean,random_forest_regressor
2025-12-08,0.0821158156091689,0.108341978085893,0.12616220496022154,0.108341978085893,0.12616220496022154,0.017820226874328535,83,"sentimiento_medios,v5_agua_neto,v5_alumbrado_neto,v5_americo_neto,v5_basura_neto,v5_corrupcion_neto,v5_delitos_neto,v5_morena_neto,v5_obras_neto,v5_prevencion_neto,v5_vialidad_neto,y_t_aceptacion_digital_lag1,y_t_aceptacion_digital_lag2,y_t_aceptacion_digital_lag3,y_t_aceptacion_digital_lag4,y_t_aceptacion_digital_lag5,y_t_aceptacion_digital_lag6,sentimiento_medios_lag1,sentimiento_medios_lag2,sentimiento_medios_lag3,sentimiento_medios_lag4,sentimiento_medios_lag5,sentimiento_medios_lag6,v5_agua_neto_lag1,v5_agua_neto_lag2,v5_agua_neto_lag3,v5_agua_neto_lag4,v5_agua_neto_lag5,v5_agua_neto_lag6,v5_alumbrado_neto_lag1,v5_alumbrado_neto_lag2,v5_alumbrado_neto_lag3,v5_alumbrado_neto_lag4,v5_alumbrado_neto_lag5,v5_alumbrado_neto_lag6,v5_americo_neto_lag1,v5_americo_neto_lag2,v5_americo_neto_lag3,v5_americo_neto_lag4,v5_americo_neto_lag5,v5_americo_neto_lag6,v5_basura_neto_lag1,v5_basura_neto_lag2,v5_basura_neto_lag3,v5_basura_neto_lag4,v5_basura_neto_lag5,v5_basura_neto_lag6,v5_corrupcion_neto_lag1,v5_corrupcion_neto_lag2,v5_corrupcion_neto_lag3,v5_corrupcion_neto_lag4,v5_corrupcion_neto_lag5,v5_corrupcion_neto_lag6,v5_delitos_neto_lag1,v5_delitos_neto_lag2,v5_delitos_neto_lag3,v5_delitos_neto_lag4,v5_delitos_neto_lag5,v5_delitos_neto_lag6,v5_morena_neto_lag1,v5_morena_neto_lag2,v5_morena_neto_lag3,v5_morena_neto_lag4,v5_morena_neto_lag5,v5_morena_neto_lag6,v5_obras_neto_lag1,v5_obras_neto_lag2,v5_obras_neto_lag3,v5_obras_neto_lag4,v5_obras_neto_lag5,v5_obras_neto_lag6,v5_prevencion_neto_lag1,v5_prevencion_neto_lag2,v5_prevencion_neto_lag3,v5_prevencion_neto_lag4,v5_prevencion_neto_lag5,v5_prevencion_neto_lag6,v5_vialidad_neto_lag1,v5_vialidad_neto_lag2,v5_vialidad_neto_lag3,v5_vialidad_neto_lag4,v5_vialidad_neto_lag5,v5_vialidad_neto_lag6",4,nivel,all,,E3_v2_clean,random_forest_regressor
2025-12-15,0.303813076524669,0.0687870202028637,0.143587113752917,0.0687870202028637,0.143587113752917,0.07480009355005329,83,"sentimiento_medios,v5_agua_neto,v5_alumbrado_neto,v5_americo_neto,v5_basura_neto,v5_corrupcion_neto,v5_delitos_neto,v5_morena_neto,v5_obras_neto,v5_prevencion_neto,v5_vialidad_neto,y_t_aceptacion_digital_lag1,y_t_aceptacion_digital_lag2,y_t_aceptacion_digital_lag3,y_t_aceptacion_digital_lag4,y_t_aceptacion_digital_lag5,y_t_aceptacion_digital_lag6,sentimiento_medios_lag1,sentimiento_medios_lag2,sentimiento_medios_lag3,sentimiento_medios_lag4,sentimiento_medios_lag5,sentimiento_medios_lag6,v5_agua_neto_lag1,v5_agua_neto_lag2,v5_agua_neto_lag3,v5_agua_neto_lag4,v5_agua_neto_lag5,v5_agua_neto_lag6,v5_alumbrado_neto_lag1,v5_alumbrado_neto_lag2,v5_alumbrado_neto_lag3,v5_alumbrado_neto_lag4,v5_alumbrado_neto_lag5,v5_alumbrado_neto_lag6,v5_americo_neto_lag1,v5_americo_neto_lag2,v5_americo_neto_lag3,v5_americo_neto_lag4,v5_americo_neto_lag5,v5_americo_neto_lag6,v5_basura_neto_lag1,v5_basura_neto_lag2,v5_basura_neto_lag3,v5_basura_neto_lag4,v5_basura_neto_lag5,v5_basura_neto_lag6,v5_corrupcion_neto_lag1,v5_corrupcion_neto_lag2,v5_corrupcion_neto_lag3,v5_corrupcion_neto_lag4,v5_corrupcion_neto_lag5,v5_corrupcion_neto_lag6,v5_delitos_neto_lag1,v5_delitos_neto_lag2,v5_delitos_neto_lag3,v5_delitos_neto_lag4,v5_delitos_neto_lag5,v5_delitos_neto_lag6,v5_morena_neto_lag1,v5_morena_neto_lag2,v5_morena_neto_lag3,v5_morena_neto_lag4,v5_morena_neto_lag5,v5_morena_neto_lag6,v5_obras_neto_lag1,v5_obras_neto_lag2,v5_obras_neto_lag3,v5_obras_neto_lag4,v5_obras_neto_lag5,v5_obras_neto_lag6,v5_prevencion_neto_lag1,v5_prevencion_neto_lag2,v5_prevencion_neto_lag3,v5_prevencion_neto_lag4,v5_prevencion_neto_lag5,v5_prevencion_neto_lag6,v5_vialidad_neto_lag1,v5_vialidad_neto_lag2,v5_vialidad_neto_lag3,v5_vialidad_neto_lag4,v5_vialidad_neto_lag5,v5_vialidad_neto_lag6",4,nivel,all,,E3_v2_clean,random_forest_regressor
2025-12-22,0.0677012815654136,0.245426229585526,0.12467464915836068,0.245426229585526,0.12467464915836068,-0.12075158042716533,83,"sentimiento_medios,v5_agua_neto,v5_alumbrado_neto,v5_americo_neto,v5_basura_neto,v5_corrupcion_neto,v5_delitos_neto,v5_morena_neto,v5_obras_neto,v5_prevencion_neto,v5_vialidad_neto,y_t_aceptacion_digital_lag1,y_t_aceptacion_digital_lag2,y_t_aceptacion_digital_lag3,y_t_aceptacion_digital_lag4,y_t_aceptacion_digital_lag5,y_t_aceptacion_digital_lag6,sentimiento_medios_lag1,sentimiento_medios_lag2,sentimiento_medios_lag3,sentimiento_medios_lag4,sentimiento_medios_lag5,sentimiento_medios_lag6,v5_agua_neto_lag1,v5_agua_neto_lag2,v5_agua_neto_lag3,v5_agua_neto_lag4,v5_agua_neto_lag5,v5_agua_neto_lag6,v5_alumbrado_neto_lag1,v5_alumbrado_neto_lag2,v5_alumbrado_neto_lag3,v5_alumbrado_neto_lag4,v5_alumbrado_neto_lag5,v5_alumbrado_neto_lag6,v5_americo_neto_lag1,v5_americo_neto_lag2,v5_americo_neto_lag3,v5_americo_neto_lag4,v5_americo_neto_lag5,v5_americo_neto_lag6,v5_basura_neto_lag1,v5_basura_neto_lag2,v5_basura_neto_lag3,v5_basura_neto_lag4,v5_basura_neto_lag5,v5_basura_neto_lag6,v5_corrupcion_neto_lag1,v5_corrupcion_neto_lag2,v5_corrupcion_neto_lag3,v5_corrupcion_neto_lag4,v5_corrupcion_neto_lag5,v5_corrupcion_neto_lag6,v5_delitos_neto_lag1,v5_delitos_neto_lag2,v5_delitos_neto_lag3,v5_delitos_neto_lag4,v5_delitos_neto_lag5,v5_delitos_neto_lag6,v5_morena_neto_lag1,v5_morena_neto_lag2,v5_morena_neto_lag3,v5_morena_neto_lag4,v5_morena_neto_lag5,v5_morena_neto_lag6,v5_obras_neto_lag1,v5_obras_neto_lag2,v5_obras_neto_lag3,v5_obras_neto_lag4,v5_obras_neto_lag5,v5_obras_neto_lag6,v5_prevencion_neto_lag1,v5_prevencion_neto_lag2,v5_prevencion_neto_lag3,v5_prevencion_neto_lag4,v5_prevencion_neto_lag5,v5_prevencion_neto_lag6,v5_vialidad_neto_lag1,v5_vialidad_neto_lag2,v5_vialidad_neto_lag3,v5_vialidad_neto_lag4,v5_vialidad_neto_lag5,v5_vialidad_neto_lag6",4,nivel,all,,E3_v2_clean,random_forest_regressor
2025-12-29,0.583621878201202,0.320565191490885,0.13407284740117406,0.320565191490885,0.13407284740117406,-0.18649234408971097,83,"sentimiento_medios,v5_agua_neto,v5_alumbrado_neto,v5_americo_neto,v5_basura_neto,v5_corrupcion_neto,v5_delitos_neto,v5_morena_neto,v5_obras_neto,v5_prevencion_neto,v5_vialidad_neto,y_t_aceptacion_digital_lag1,y_t_aceptacion_digital_lag2,y_t_aceptacion_digital_lag3,y_t_aceptacion_digital_lag4,y_t_aceptacion_digital_lag5,y_t_aceptacion_digital_lag6,sentimiento_medios_lag1,sentimiento_medios_lag2,sentimiento_medios_lag3,sentimiento_medios_lag4,sentimiento_medios_lag5,sentimiento_medios_lag6,v5_agua_neto_lag1,v5_agua_neto_lag2,v5_agua_neto_lag3,v5_agua_neto_lag4,v5_agua_neto_lag5,v5_agua_neto_lag6,v5_alumbrado_neto_lag1,v5_alumbrado_neto_lag2,v5_alumbrado_neto_lag3,v5_alumbrado_neto_lag4,v5_alumbrado_neto_lag5,v5_alumbrado_neto_lag6,v5_americo_neto_lag1,v5_americo_neto_lag2,v5_americo_neto_lag3,v5_americo_neto_lag4,v5_americo_neto_lag5,v5_americo_neto_lag6,v5_basura_neto_lag1,v5_basura_neto_lag2,v5_basura_neto_lag3,v5_basura_neto_lag4,v5_basura_neto_lag5,v5_basura_neto_lag6,v5_corrupcion_neto_lag1,v5_corrupcion_neto_lag2,v5_corrupcion_neto_lag3,v5_corrupcion_neto_lag4,v5_corrupcion_neto_lag5,v5_corrupcion_neto_lag6,v5_delitos_neto_lag1,v5_delitos_neto_lag2,v5_delitos_neto_lag3,v5_delitos_neto_lag4,v5_delitos_neto_lag5,v5_delitos_neto_lag6,v5_morena_neto_lag1,v5_morena_neto_lag2,v5_morena_neto_lag3,v5_morena_neto_lag4,v5_morena_neto_lag5,v5_morena_neto_lag6,v5_obras_neto_lag1,v5_obras_neto_lag2,v5_obras_neto_lag3,v5_obras_neto_lag4,v5_obras_neto_lag5,v5_obras_neto_lag6,v5_prevencion_neto_lag1,v5_prevencion_neto_lag2,v5_prevencion_neto_lag3,v5_prevencion_neto_lag4,v5_prevencion_neto_lag5,v5_prevencion_neto_lag6,v5_vialidad_neto_lag1,v5_vialidad_neto_lag2,v5_vialidad_neto_lag3,v5_vialidad_neto_lag4,v5_vialidad_neto_lag5,v5_vialidad_neto_lag6",4,nivel,all,,E3_v2_clean,random_forest_regressor
2026-01-05,0.108341978085893,0.170007405822799,0.17457775374447998,0.170007405822799,0.17457775374447998,0.004570347921680984,83,"sentimiento_medios,v5_agua_neto,v5_alumbrado_neto,v5_americo_neto,v5_basura_neto,v5_corrupcion_neto,v5_delitos_neto,v5_morena_neto,v5_obras_neto,v5_prevencion_neto,v5_vialidad_neto,y_t_aceptacion_digital_lag1,y_t_aceptacion_digital_lag2,y_t_aceptacion_digital_lag3,y_t_aceptacion_digital_lag4,y_t_aceptacion_digital_lag5,y_t_aceptacion_digital_lag6,sentimiento_medios_lag1,sentimiento_medios_lag2,sentimiento_medios_lag3,sentimiento_medios_lag4,sentimiento_medios_lag5,sentimiento_medios_lag6,v5_agua_neto_lag1,v5_agua_neto_lag2,v5_agua_neto_lag3,v5_agua_neto_lag4,v5_agua_neto_lag5,v5_agua_neto_lag6,v5_alumbrado_neto_lag1,v5_alumbrado_neto_lag2,v5_alumbrado_neto_lag3,v5_alumbrado_neto_lag4,v5_alumbrado_neto_lag5,v5_alumbrado_neto_lag6,v5_americo_neto_lag1,v5_americo_neto_lag2,v5_americo_neto_lag3,v5_americo_neto_lag4,v5_americo_neto_lag5,v5_americo_neto_lag6,v5_basura_neto_lag1,v5_basura_neto_lag2,v5_basura_neto_lag3,v5_basura_neto_lag4,v5_basura_neto_lag5,v5_basura_neto_lag6,v5_corrupcion_neto_lag1,v5_corrupcion_neto_lag2,v5_corrupcion_neto_lag3,v5_corrupcion_neto_lag4,v5_corrupcion_neto_lag5,v5_corrupcion_neto_lag6,v5_delitos_neto_lag1,v5_delitos_neto_lag2,v5_delitos_neto_lag3,v5_delitos_neto_lag4,v5_delitos_neto_lag5,v5_delitos_neto_lag6,v5_morena_neto_lag1,v5_morena_neto_lag2,v5_morena_neto_lag3,v5_morena_neto_lag4,v5_morena_neto_lag5,v5_morena_neto_lag6,v5_obras_neto_lag1,v5_obras_neto_lag2,v5_obras_neto_lag3,v5_obras_neto_lag4,v5_obras_neto_lag5,v5_obras_neto_lag6,v5_prevencion_neto_lag1,v5_prevencion_neto_lag2,v5_prevencion_neto_lag3,v5_prevencion_neto_lag4,v5_prevencion_neto_lag5,v5_prevencion_neto_lag6,v5_vialidad_neto_lag1,v5_vialidad_neto_lag2,v5_vialidad_neto_lag3,v5_vialidad_neto_lag4,v5_vialidad_neto_lag5,v5_vialidad_neto_lag6",4,nivel,all,,E3_v2_clean,random_forest_regressor
2026-01-12,0.0687870202028637,-0.0198367240853288,0.15140716413935273,-0.0198367240853288,0.15140716413935273,0.17124388822468153,83,"sentimiento_medios,v5_agua_neto,v5_alumbrado_neto,v5_americo_neto,v5_basura_neto,v5_corrupcion_neto,v5_delitos_neto,v5_morena_neto,v5_obras_neto,v5_prevencion_neto,v5_vialidad_neto,y_t_aceptacion_digital_lag1,y_t_aceptacion_digital_lag2,y_t_aceptacion_digital_lag3,y_t_aceptacion_digital_lag4,y_t_aceptacion_digital_lag5,y_t_aceptacion_digital_lag6,sentimiento_medios_lag1,sentimiento_medios_lag2,sentimiento_medios_lag3,sentimiento_medios_lag4,sentimiento_medios_lag5,sentimiento_medios_lag6,v5_agua_neto_lag1,v5_agua_neto_lag2,v5_agua_neto_lag3,v5_agua_neto_lag4,v5_agua_neto_lag5,v5_agua_neto_lag6,v5_alumbrado_neto_lag1,v5_alumbrado_neto_lag2,v5_alumbrado_neto_lag3,v5_alumbrado_neto_lag4,v5_alumbrado_neto_lag5,v5_alumbrado_neto_lag6,v5_americo_neto_lag1,v5_americo_neto_lag2,v5_americo_neto_lag3,v5_americo_neto_lag4,v5_americo_neto_lag5,v5_americo_neto_lag6,v5_basura_neto_lag1,v5_basura_neto_lag2,v5_basura_neto_lag3,v5_basura_neto_lag4,v5_basura_neto_lag5,v5_basura_neto_lag6,v5_corrupcion_neto_lag1,v5_corrupcion_neto_lag2,v5_corrupcion_neto_lag3,v5_corrupcion_neto_lag4,v5_corrupcion_neto_lag5,v5_corrupcion_neto_lag6,v5_delitos_neto_lag1,v5_delitos_neto_lag2,v5_delitos_neto_lag3,v5_delitos_neto_lag4,v5_delitos_neto_lag5,v5_delitos_neto_lag6,v5_morena_neto_lag1,v5_morena_neto_lag2,v5_morena_neto_lag3,v5_morena_neto_lag4,v5_morena_neto_lag5,v5_morena_neto_lag6,v5_obras_neto_lag1,v5_obras_neto_lag2,v5_obras_neto_lag3,v5_obras_neto_lag4,v5_obras_neto_lag5,v5_obras_neto_lag6,v5_prevencion_neto_lag1,v5_prevencion_neto_lag2,v5_prevencion_neto_lag3,v5_prevencion_neto_lag4,v5_prevencion_neto_lag5,v5_prevencion_neto_lag6,v5_vialidad_neto_lag1,v5_vialidad_neto_lag2,v5_vialidad_neto_lag3,v5_vialidad_neto_lag4,v5_vialidad_neto_lag5,v5_vialidad_neto_lag6",4,nivel,all,,E3_v2_clean,random_forest_regressor
2026-01-19,0.245426229585526,0.0960196886446368,0.15206982323836893,0.0960196886446368,0.15206982323836893,0.056050134593732134,83,"sentimiento_medios,v5_agua_neto,v5_alumbrado_neto,v5_americo_neto,v5_basura_neto,v5_corrupcion_neto,v5_delitos_neto,v5_morena_neto,v5_obras_neto,v5_prevencion_neto,v5_vialidad_neto,y_t_aceptacion_digital_lag1,y_t_aceptacion_digital_lag2,y_t_aceptacion_digital_lag3,y_t_aceptacion_digital_lag4,y_t_aceptacion_digital_lag5,y_t_aceptacion_digital_lag6,sentimiento_medios_lag1,sentimiento_medios_lag2,sentimiento_medios_lag3,sentimiento_medios_lag4,sentimiento_medios_lag5,sentimiento_medios_lag6,v5_agua_neto_lag1,v5_agua_neto_lag2,v5_agua_neto_lag3,v5_agua_neto_lag4,v5_agua_neto_lag5,v5_agua_neto_lag6,v5_alumbrado_neto_lag1,v5_alumbrado_neto_lag2,v5_alumbrado_neto_lag3,v5_alumbrado_neto_lag4,v5_alumbrado_neto_lag5,v5_alumbrado_neto_lag6,v5_americo_neto_lag1,v5_americo_neto_lag2,v5_americo_neto_lag3,v5_americo_neto_lag4,v5_americo_neto_lag5,v5_americo_neto_lag6,v5_basura_neto_lag1,v5_basura_neto_lag2,v5_basura_neto_lag3,v5_basura_neto_lag4,v5_basura_neto_lag5,v5_basura_neto_lag6,v5_corrupcion_neto_lag1,v5_corrupcion_neto_lag2,v5_corrupcion_neto_lag3,v5_corrupcion_neto_lag4,v5_corrupcion_neto_lag5,v5_corrupcion_neto_lag6,v5_delitos_neto_lag1,v5_delitos_neto_lag2,v5_delitos_neto_lag3,v5_delitos_neto_lag4,v5_delitos_neto_lag5,v5_delitos_neto_lag6,v5_morena_neto_lag1,v5_morena_neto_lag2,v5_morena_neto_lag3,v5_morena_neto_lag4,v5_morena_neto_lag5,v5_morena_neto_lag6,v5_obras_neto_lag1,v5_obras_neto_lag2,v5_obras_neto_lag3,v5_obras_neto_lag4,v5_obras_neto_lag5,v5_obras_neto_lag6,v5_prevencion_neto_lag1,v5_prevencion_neto_lag2,v5_prevencion_neto_lag3,v5_prevencion_neto_lag4,v5_prevencion_neto_lag5,v5_prevencion_neto_lag6,v5_vialidad_neto_lag1,v5_vialidad_neto_lag2,v5_vialidad_neto_lag3,v5_vialidad_neto_lag4,v5_vialidad_neto_lag5,v5_vialidad_neto_lag6",4,nivel,all,,E3_v2_clean,random_forest_regressor
2026-01-26,0.320565191490885,0.27725068164164,0.12348076623487847,0.27725068164164,0.12348076623487847,-0.15376991540676155,83,"sentimiento_medios,v5_agua_neto,v5_alumbrado_neto,v5_americo_neto,v5_basura_neto,v5_corrupcion_neto,v5_delitos_neto,v5_morena_neto,v5_obras_neto,v5_prevencion_neto,v5_vialidad_neto,y_t_aceptacion_digital_lag1,y_t_aceptacion_digital_lag2,y_t_aceptacion_digital_lag3,y_t_aceptacion_digital_lag4,y_t_aceptacion_digital_lag5,y_t_aceptacion_digital_lag6,sentimiento_medios_lag1,sentimiento_medios_lag2,sentimiento_medios_lag3,sentimiento_medios_lag4,sentimiento_medios_lag5,sentimiento_medios_lag6,v5_agua_neto_lag1,v5_agua_neto_lag2,v5_agua_neto_lag3,v5_agua_neto_lag4,v5_agua_neto_lag5,v5_agua_neto_lag6,v5_alumbrado_neto_lag1,v5_alumbrado_neto_lag2,v5_alumbrado_neto_lag3,v5_alumbrado_neto_lag4,v5_alumbrado_neto_lag5,v5_alumbrado_neto_lag6,v5_americo_neto_lag1,v5_americo_neto_lag2,v5_americo_neto_lag3,v5_americo_neto_lag4,v5_americo_neto_lag5,v5_americo_neto_lag6,v5_basura_neto_lag1,v5_basura_neto_lag2,v5_basura_neto_lag3,v5_basura_neto_lag4,v5_basura_neto_lag5,v5_basura_neto_lag6,v5_corrupcion_neto_lag1,v5_corrupcion_neto_lag2,v5_corrupcion_neto_lag3,v5_corrupcion_neto_lag4,v5_corrupcion_neto_lag5,v5_corrupcion_neto_lag6,v5_delitos_neto_lag1,v5_delitos_neto_lag2,v5_delitos_neto_lag3,v5_delitos_neto_lag4,v5_delitos_neto_lag5,v5_delitos_neto_lag6,v5_morena_neto_lag1,v5_morena_neto_lag2,v5_morena_neto_lag3,v5_morena_neto_lag4,v5_morena_neto_lag5,v5_morena_neto_lag6,v5_obras_neto_lag1,v5_obras_neto_lag2,v5_obras_neto_lag3,v5_obras_neto_lag4,v5_obras_neto_lag5,v5_obras_neto_lag6,v5_prevencion_neto_lag1,v5_prevencion_neto_lag2,v5_prevencion_neto_lag3,v5_prevencion_neto_lag4,v5_prevencion_neto_lag5,v5_prevencion_neto_lag6,v5_vialidad_neto_lag1,v5_vialidad_neto_lag2,v5_vialidad_neto_lag3,v5_vialidad_neto_lag4,v5_vialidad_neto_lag5,v5_vialidad_neto_lag6",4,nivel,all,,E3_v2_clean,random_forest_regressor
2026-02-02,0.170007405822799,0.210058588277401,0.1915389740337396,0.210058588277401,0.1915389740337396,-0.018519614243661414,83,"sentimiento_medios,v5_agua_neto,v5_alumbrado_neto,v5_americo_neto,v5_basura_neto,v5_corrupcion_neto,v5_delitos_neto,v5_morena_neto,v5_obras_neto,v5_prevencion_neto,v5_vialidad_neto,y_t_aceptacion_digital_lag1,y_t_aceptacion_digital_lag2,y_t_aceptacion_digital_lag3,y_t_aceptacion_digital_lag4,y_t_aceptacion_digital_lag5,y_t_aceptacion_digital_lag6,sentimiento_medios_lag1,sentimiento_medios_lag2,sentimiento_medios_lag3,sentimiento_medios_lag4,sentimiento_medios_lag5,sentimiento_medios_lag6,v5_agua_neto_lag1,v5_agua_neto_lag2,v5_agua_neto_lag3,v5_agua_neto_lag4,v5_agua_neto_lag5,v5_agua_neto_lag6,v5_alumbrado_neto_lag1,v5_alumbrado_neto_lag2,v5_alumbrado_neto_lag3,v5_alumbrado_neto_lag4,v5_alumbrado_neto_lag5,v5_alumbrado_neto_lag6,v5_americo_neto_lag1,v5_americo_neto_lag2,v5_americo_neto_lag3,v5_americo_neto_lag4,v5_americo_neto_lag5,v5_americo_neto_lag6,v5_basura_neto_lag1,v5_basura_neto_lag2,v5_basura_neto_lag3,v5_basura_neto_lag4,v5_basura_neto_lag5,v5_basura_neto_lag6,v5_corrupcion_neto_lag1,v5_corrupcion_neto_lag2,v5_corrupcion_neto_lag3,v5_corrupcion_neto_lag4,v5_corrupcion_neto_lag5,v5_corrupcion_neto_lag6,v5_delitos_neto_lag1,v5_delitos_neto_lag2,v5_delitos_neto_lag3,v5_delitos_neto_lag4,v5_delitos_neto_lag5,v5_delitos_neto_lag6,v5_morena_neto_lag1,v5_morena_neto_lag2,v5_morena_neto_lag3,v5_morena_neto_lag4,v5_morena_neto_lag5,v5_morena_neto_lag6,v5_obras_neto_lag1,v5_obras_neto_lag2,v5_obras_neto_lag3,v5_obras_neto_lag4,v5_obras_neto_lag5,v5_obras_neto_lag6,v5_prevencion_neto_lag1,v5_prevencion_neto_lag2,v5_prevencion_neto_lag3,v5_prevencion_neto_lag4,v5_prevencion_neto_lag5,v5_prevencion_neto_lag6,v5_vialidad_neto_lag1,v5_vialidad_neto_lag2,v5_vialidad_neto_lag3,v5_vialidad_neto_lag4,v5_vialidad_neto_lag5,v5_vialidad_neto_lag6",4,nivel,all,,E3_v2_clean,random_forest_regressor
