fecha_semana,nombre_semana,author,datetime,datetime_parsed_utc,url,text,replies,retweets,likes,bookmarks,views,query_used,is_reply,in_reply_to_url
,2026-04-06_semana_06abril_12abril_26,@55Arguelles,2026-04-08T21:26:42.000Z,2026-04-08T21:26:42+00:00,https://x.com/55Arguelles/status/2041991146935603508,"estupendo trabajo Alcaldesa, felicidades",0,0,0,0,0,to:MonicaVTampico since:2026-04-06 until:2026-04-12,False,
,2026-04-06_semana_06abril_12abril_26,@MonicaVTampico,2026-04-08T21:15:22.000Z,2026-04-08T21:15:22+00:00,https://x.com/MonicaVTampico/status/2041988293684859304,"Recibimos un reconocimiento por este avance, reflejo del compromiso de Tampico con la legalidad, la modernización y la confianza ciudadana. Seguimos construyendo un gobierno que rinde cuentas y actúa con integridad.",0,0,1,0,0,to:MonicaVTampico since:2026-04-06 until:2026-04-12,False,
,2026-04-06_semana_06abril_12abril_26,@MonicaVTampico,2026-04-08T21:15:19.000Z,2026-04-08T21:15:19+00:00,https://x.com/MonicaVTampico/status/2041988282410533169,"Hoy firmamos la integración de datos al Sistema Estatal Anticorrupción de Tamaulipas (S1), fortaleciendo la transparencia, la rendición de cuentas y el uso de herramientas digitales para un gobierno más eficiente.",2,1,1,0,0,reply_to:https://x.com/55Arguelles/status/2041991146935603508,True,https://x.com/55Arguelles/status/2041991146935603508
,2026-04-06_semana_06abril_12abril_26,@Jaume_Osante,2026-04-11T03:46:50.000Z,2026-04-11T03:46:50+00:00,https://x.com/Jaume_Osante/status/2042811587824590879,Mónica Villarreal inaugura diez calles en una semana impulsando desarrollo urbano y mejor movilidad @MonicaVTampico @TampicoGob #Tampico #RevistaDebate #nota,0,0,0,0,0,@TampicoGob since:2026-04-06 until:2026-04-12,False,
,2026-04-06_semana_06abril_12abril_26,@Jaume_Osante,2026-04-10T16:32:50.000Z,2026-04-10T16:32:50+00:00,https://x.com/Jaume_Osante/status/2042641967259992198,Mónica Villarreal refuerza estrategias de seguridad y paz en Tampico con coordinación interinstitucional efectiva @TampicoGob @MonicaVTampico #Tampico #RevistaDebate #nota,0,0,0,0,0,@TampicoGob since:2026-04-06 until:2026-04-12,False,
,2026-04-06_semana_06abril_12abril_26,@EjeConurbado,2026-04-08T12:59:40.000Z,2026-04-08T12:59:40+00:00,https://x.com/EjeConurbado/status/2041863550042349575,"Tu ruta diaria está por cambiar, mira cómo se transforma la movilidad en tu sector Con una inversión que supera los 5 millones de pesos, @TampicoGob acaba de poner en marcha nuevas obras viales #Tamaulipas #CdVictoria",0,0,1,0,0,@TampicoGob since:2026-04-06 until:2026-04-12,False,
,2026-04-06_semana_06abril_12abril_26,@soy24siete,2026-04-07T22:58:31.000Z,2026-04-07T22:58:31+00:00,https://x.com/soy24siete/status/2041651866790993934,"#Noticias24siete @MonicaVTampico anuncia inversión de más de 17 millones de pesos para pavimentación en #Tampico Se contempla pavimentar entre 4 mil y 5 mil metros cuadrados, priorizando calles con mayor rezago y mejorando la conectividad en la ciudad @TampicoGob",0,0,0,0,0,@TampicoGob since:2026-04-06 until:2026-04-12,False,
,2026-04-06_semana_06abril_12abril_26,@Jaume_Osante,2026-04-07T22:27:19.000Z,2026-04-07T22:27:19+00:00,https://x.com/Jaume_Osante/status/2041644015699865789,Mónica Villarreal inaugura reencarpetado en Diagonal Norte–Sur mejorando movilidad y conexión vial en Tampico @TampicoGob #Tampico #revistadebate #nota,0,0,0,0,0,@TampicoGob since:2026-04-06 until:2026-04-12,False,
,2026-04-06_semana_06abril_12abril_26,@Jaume_Osante,2026-04-07T03:07:39.000Z,2026-04-07T03:07:39+00:00,https://x.com/Jaume_Osante/status/2041352172839788582,Alcaldesa Mónica Villarreal impulsa pavimentación mejora movilidad y seguridad en Presas del Arenal con inversión histórica @MonicaVTampico @TampicoGob #Tampico #RevistaDebate #nota,0,0,0,0,0,@TampicoGob since:2026-04-06 until:2026-04-12,False,
,2026-04-06_semana_06abril_12abril_26,@soy24siete,2026-04-06T16:33:00.000Z,2026-04-06T16:33:00+00:00,https://x.com/soy24siete/status/2041192458751525153,"#Noticias24siete La alcaldesa de #Tampico, @MonicaVTampico presentó una estrategia para diversificar la experiencia de los visitantes con recorridos culturales, gastronómicos y naturales para esta #SemanaSanta. @TampicoGob Los detalles aquí https://noticias24siete.com/2026/04/tampico-ofrece-nuevas-rutas-turisticas-para-semana-santa/…",0,0,0,0,0,@TampicoGob since:2026-04-06 until:2026-04-12,False,
,2026-04-06_semana_06abril_12abril_26,@VoxPopuliNoti,2026-04-11T04:30:40.000Z,2026-04-11T04:30:40+00:00,https://x.com/VoxPopuliNoti/status/2042822619246837813,Inaugura Mónica Villarreal décima calle en una semana Reencarpetado y pavimentación elevan calidad de vida en colonias con más de 50 años de rezago https://voxpopulinoticias.com.mx/2026/04/monica-villarreal-avanza-con-calles-dignas-y-obra-publica/… #Tampico #Tamaulipas @MonicaVTampico,0,0,0,0,0,@MonicaVTampico since:2026-04-06 until:2026-04-12,False,
,2026-04-06_semana_06abril_12abril_26,@pepekann,2026-04-10T22:26:26.000Z,2026-04-10T22:26:26+00:00,https://x.com/pepekann/status/2042730957325697115,"Les guste o no, el #PAN en #tamaulipas le dió ese impulso a #tampico que tanto necesitaba, no como el estancamiento que está ofreciendo morena y la actual alcalde @MonicaVTampico ni modo , así las cosas",0,1,2,0,0,@MonicaVTampico since:2026-04-06 until:2026-04-12,False,
,2026-04-06_semana_06abril_12abril_26,@rosana_guerra,2026-04-10T08:13:37.000Z,2026-04-10T08:13:37+00:00,https://x.com/rosana_guerra/status/2042516336224469470,¿Seguridad Alcaldesa de Tampico? No Mienta! Los Tampiqueños estamos a merced de sus protegidos por usted y su Hermano. Que todo mundo se entere q estab involucrados con los Cárteles @FBI @POTUS45 come to #Tampico #México and they are living here.,0,0,0,0,0,@MonicaVTampico since:2026-04-06 until:2026-04-12,False,
,2026-04-06_semana_06abril_12abril_26,@erasmoglz,2026-04-10T05:59:26.000Z,2026-04-10T05:59:26+00:00,https://x.com/erasmoglz/status/2042482566544912773,"Seguimos trabajando todos los días con el liderazgo de nuestro Gobernador @Dr_AVillarreal en la mesa de construcción de la paz hoy reunida en #CdMadero, después en #Altamira donde acompañe junto con @MonicaVTampico a nuestro hermano @armando_4t a gira de trabajo, #aDarle!",0,2,2,0,0,@MonicaVTampico since:2026-04-06 until:2026-04-12,False,
,2026-04-06_semana_06abril_12abril_26,@VoxPopuliNoti,2026-04-10T03:58:37.000Z,2026-04-10T03:58:37+00:00,https://x.com/VoxPopuliNoti/status/2042452164165943373,"Refrenda Mónica Villarreal Compromiso con la Seguridad y la Paz en Tampico En Mesa de Paz, Gobierno de Tampico destaca coordinación con Estado y Federación para fortalecer seguridad https://voxpopulinoticias.com.mx/2026/04/monica-villarreal-impulsa-construccion-de-paz-en-tampico/… #Tamaulipas #Tampico @MonicaVTampico @Dr_Avillareal",1,0,0,0,0,@MonicaVTampico since:2026-04-06 until:2026-04-12,False,
,2026-04-06_semana_06abril_12abril_26,@VoxPopuliNoti,2026-04-09T03:19:55.000Z,2026-04-09T03:19:55+00:00,https://x.com/VoxPopuliNoti/status/2042080037764051254,Cumple Mónica Villarreal con obra esperada por más de 50 años Gobierno municipal avanza en la transformación de vialidades y atención a rezagos históricos https://voxpopulinoticias.com.mx/2026/04/cumple-monica-villarreal-con-obra-esperada-por-mas-de-50-anos/… #Tampico #Tamaulipas @MonicaVTampico,0,0,0,0,0,@MonicaVTampico since:2026-04-06 until:2026-04-12,False,
,2026-04-06_semana_06abril_12abril_26,@VoxPopuliNoti,2026-04-08T04:14:14.000Z,2026-04-08T04:14:14+00:00,https://x.com/VoxPopuliNoti/status/2041731320364073340,Mónica Villarreal inaugura reencarpetado en Diagonal Norte–Sur La alcaldesa destaca el impacto positivo de las obras para la comunidad y el comercio local https://voxpopulinoticias.com.mx/2026/04/monica-villarreal-inaugura-reencarpetado-en-diagonal-norte-sur/… #Tampico #Tamaulipas @MonicaVTampico,0,0,0,0,0,@MonicaVTampico since:2026-04-06 until:2026-04-12,False,
,2026-04-06_semana_06abril_12abril_26,@danielberl3,2026-04-07T15:26:17.000Z,2026-04-07T15:26:17+00:00,https://x.com/danielberl3/status/2041538058407821529,"#comapasur @comapasur tenemos los de la calle inguazo col smith mas de un mes asi, que tenemos que hacer? Se va arreglar? @MonicaVTampico @DraVillareal",0,0,0,0,0,@MonicaVTampico since:2026-04-06 until:2026-04-12,False,
,2026-04-06_semana_06abril_12abril_26,@TheNapolitans,2026-04-06T16:00:00.000Z,2026-04-06T16:00:00+00:00,https://x.com/TheNapolitans/status/2041184155644358734,Napolitans 2025 - Campaña del Año: Movilización de Bases / Campaña de Tierra / Activismo Monica Villarreal @MonicaVTampico | @solidmedia_c México #NAPOLITANS,0,0,3,0,0,@MonicaVTampico since:2026-04-06 until:2026-04-12,False,
,2026-04-06_semana_06abril_12abril_26,@ElLiberal_mx,2026-04-06T13:54:40.000Z,2026-04-06T13:54:40+00:00,https://x.com/ElLiberal_mx/status/2041152614373490718,"¡EXTRA EXTRA! Mujeres referentes lideran encuestas de presidencias municipales en Tamaulipas @MagalyDeandar, @Blanca_Anzaldua y @MonicaVTampico son las mujeres más destacables para los respectivos municipios de Reynosa, Ciudad Victoria y Tampico. #reynosa #cdvictoria #tampico",0,0,1,0,0,@MonicaVTampico since:2026-04-06 until:2026-04-12,False,
,2026-04-06_semana_06abril_12abril_26,@VoxPopuliNoti,2026-04-06T02:31:16.000Z,2026-04-06T02:31:16+00:00,https://x.com/VoxPopuliNoti/status/2040980631308415337,"Tampico rompe récord turístico y se consolida como referente del noreste de México El destino tamaulipeco mantiene su impulso con más visitantes, nuevas rutas y fuerte derrama económica https://voxpopulinoticias.com.mx/2026/04/tampico-rompe-record-turistico/… #Tampico #Tamaulipas @MonicaVTampico",1,0,0,0,0,@MonicaVTampico since:2026-04-06 until:2026-04-12,False,
,2026-04-06_semana_06abril_12abril_26,@outsidermex,2026-04-10T15:07:19.000Z,2026-04-10T15:07:19+00:00,https://x.com/outsidermex/status/2042620448312050122,Dile a Monica Villarreal que no sea tan rata..,0,0,0,0,0,"""monica villarreal"" since:2026-04-06 until:2026-04-12",False,
,2026-04-06_semana_06abril_12abril_26,@LaRedAltamiraMx,2026-04-08T09:29:58.000Z,2026-04-08T09:29:58+00:00,https://x.com/LaRedAltamiraMx/status/2041810777288450308,LA RED: Inaugura Mónica Villarreal reencarpertado en Diagonal Norte–Sur con inversión de 2.3 mdp Click para leer más WEB: https://laredmultimedia.com/inaugura-monica-villarreal-reencarpertado-en-diagonal-norte-sur-con-inversion-de-2-3-mdp/… #SomosLARED #EstamosEnTodasPartes #RED58TeInforma,0,0,0,0,0,"""monica villarreal"" since:2026-04-06 until:2026-04-12",False,
,2026-04-06_semana_06abril_12abril_26,@gruponoticiaspc,2026-04-08T06:17:06.000Z,2026-04-08T06:17:06+00:00,https://x.com/gruponoticiaspc/status/2041762240425021926,"#Tampico #impulsa #turismo con nueva oferta #comercial y #cultural En una apuesta por reactivar su vocación turística y fortalecer la economía local, el gobierno municipal encabezado por la alcaldesa Mónica Villarreal... [ Leer Más ] https://noticiaspc.com.mx/2026/04/07/tampico-impulsa-turismo-con-nueva-oferta-comercial-y-cultural/…",0,0,0,0,0,"""monica villarreal"" since:2026-04-06 until:2026-04-12",False,
,2026-04-06_semana_06abril_12abril_26,@laexpresionmx,2026-04-08T03:30:06.000Z,2026-04-08T03:30:06+00:00,https://x.com/laexpresionmx/status/2041720212731445713,Inaugura Mónica Villarreal recarpeteado en Diagonal Norte-Sur; invirtió 2.3 mdp https://laexpresion.com.mx/2026/04/07/inaugura-monica-villarreal-recarpeteado-en-diagonal-norte-sur-invirtio-2-3-mdp… #Tamaulipas #CdVictoria,0,0,0,0,0,"""monica villarreal"" since:2026-04-06 until:2026-04-12",False,
,2026-04-06_semana_06abril_12abril_26,@elgraficotamps,2026-04-08T00:15:13.000Z,2026-04-08T00:15:13+00:00,https://x.com/elgraficotamps/status/2041671168625717573,Mónica Villarreal inaugura reencarpetado en Diagonal Norte–Sur con inversión de 2.3 mdp,0,0,0,0,0,"""monica villarreal"" since:2026-04-06 until:2026-04-12",False,
,2026-04-06_semana_06abril_12abril_26,@ARNColombia,2026-04-07T23:26:02.000Z,2026-04-07T23:26:02+00:00,https://x.com/ARNColombia/status/2041658789833691469,"Las #MujeresSoberanas y su rol en la construcción de paz Mónica Villarreal, firmante de paz de #Nariño",0,0,0,0,0,"""monica villarreal"" since:2026-04-06 until:2026-04-12",False,
,2026-04-06_semana_06abril_12abril_26,@EleeseNoticias,2026-04-07T23:24:12.000Z,2026-04-07T23:24:12+00:00,https://x.com/EleeseNoticias/status/2041658330813210682,Mónica Villarreal inaugura reencarpetado en Diagonal Norte–Sur con inversión de 2.3 mdp,0,0,7,0,0,"""monica villarreal"" since:2026-04-06 until:2026-04-12",False,
,2026-04-06_semana_06abril_12abril_26,@EContre17,2026-04-07T23:21:06.000Z,2026-04-07T23:21:06+00:00,https://x.com/EContre17/status/2041657549125038549,,0,0,0,0,0,"""monica villarreal"" since:2026-04-06 until:2026-04-12",False,
,2026-04-06_semana_06abril_12abril_26,@HoyTamaulipas1,2026-04-07T22:42:46.000Z,2026-04-07T22:42:46+00:00,https://x.com/HoyTamaulipas1/status/2041647903261786499,Mónica Villarreal inaugura reencarpetado en Diagonal Norte–Sur con inversión de 2.3 mdp,0,0,0,0,0,"""monica villarreal"" since:2026-04-06 until:2026-04-12",False,
,2026-04-06_semana_06abril_12abril_26,@gruponoticiaspc,2026-04-07T22:42:08.000Z,2026-04-07T22:42:08+00:00,https://x.com/gruponoticiaspc/status/2041647740921286848,"Mónica Villarreal inaugura reencarpetado en Diagonal Norte–Sur con inversión de 2.3 mdp La alcaldesa Mónica Villarreal inauguró, este día, el reencarpetado asfáltico en la avenida Diagonal Norte–Sur... [ Leer Más ] https://noticiaspc.com.mx/2026/04/07/monica-villarreal-inaugura-reencarpetado-en-diagonal-norte-sur-con-inversion-de-2-3-mdp/…",0,0,0,0,0,"""monica villarreal"" since:2026-04-06 until:2026-04-12",False,
,2026-04-06_semana_06abril_12abril_26,@Reporteroszona,2026-04-07T17:53:28.000Z,2026-04-07T17:53:28+00:00,https://x.com/Reporteroszona/status/2041575096859390418,"Inaugura la alcaldesa Mónica Villarreal el reencarpetado asfáltico de la avenida Diagonal Norte-Sur en la colonia Tampico, una vialidad clave que hoy luce renovada, segura y más funcional para todas y todos. #TampicoVaconTodos #TampicoteCuida",0,0,1,0,0,"""monica villarreal"" since:2026-04-06 until:2026-04-12",False,
,2026-04-06_semana_06abril_12abril_26,@LaRedAltamiraMx,2026-04-07T16:07:46.000Z,2026-04-07T16:07:46+00:00,https://x.com/LaRedAltamiraMx/status/2041548497451618370,LA RED: Fortalece Mónica Villarreal la movilidad y la seguridad Click para leer más WEB: https://laredmultimedia.com/fortalece-monica-villarreal-la-movilidad-y-la-seguridad/… #SomosLARED #EstamosEnTodasPartes #RED58TeInforma,0,0,0,0,0,"""monica villarreal"" since:2026-04-06 until:2026-04-12",False,
,2026-04-06_semana_06abril_12abril_26,@EleeseNoticias,2026-04-07T04:38:00.000Z,2026-04-07T04:38:00+00:00,https://x.com/EleeseNoticias/status/2041374912258949162,La alcaldes Mónica Villarreal fortalece la movilidad y la seguridad con obra de pavimentación en la colonia Presas del Arenal,0,1,7,0,0,"""monica villarreal"" since:2026-04-06 until:2026-04-12",False,
,2026-04-06_semana_06abril_12abril_26,@EContre17,2026-04-07T04:27:37.000Z,2026-04-07T04:27:37+00:00,https://x.com/EContre17/status/2041372296699380138,,0,0,0,0,0,"""monica villarreal"" since:2026-04-06 until:2026-04-12",False,
,2026-04-06_semana_06abril_12abril_26,@EContre17,2026-04-07T04:26:57.000Z,2026-04-07T04:26:57+00:00,https://x.com/EContre17/status/2041372132039360893,,0,0,0,0,0,"""monica villarreal"" since:2026-04-06 until:2026-04-12",False,
,2026-04-06_semana_06abril_12abril_26,@VoxPopuliNoti,2026-04-07T04:16:53.000Z,2026-04-07T04:16:53+00:00,https://x.com/VoxPopuliNoti/status/2041369595680821540,La alcaldesa Mónica Villarreal fortalece la movilidad y la seguridad con obra de pavimentación en la colonia Presas del Arenal Se reafirma el compromiso de atender rezagos históricos y anuncia ampliación de inversión por más de 17.8 millones de pesos en pavimentación https://voxpopulinoticias.com.mx/2026/04/tampico-inaugura-nueva-pavimentacion/… #Tampico #Tamaulipas @MonicaVTampico,0,0,0,0,0,"""monica villarreal"" since:2026-04-06 until:2026-04-12",False,
,2026-04-06_semana_06abril_12abril_26,@gruponoticiaspc,2026-04-07T03:15:20.000Z,2026-04-07T03:15:20+00:00,https://x.com/gruponoticiaspc/status/2041354106107793524,La alcaldesa Mónica Villarreal fortalece la movilidad y la seguridad con obra de pavimentación en la colonia Presas del Arenal E infraestructura hidrosanitaria en la calle Prolongación Niños Héroes... [ Leer Más ] https://noticiaspc.com.mx/2026/04/06/la-alcaldesa-monica-villarreal-fortalece-la-movilidad-y-la-seguridad-con-obra-de-pavimentacion-en-la-colonia-presas-del-arenal/…,0,0,0,0,0,"""monica villarreal"" since:2026-04-06 until:2026-04-12",False,
,2026-04-06_semana_06abril_12abril_26,@VoxPopuliNoti,2026-04-07T00:35:24.000Z,2026-04-07T00:35:24+00:00,https://x.com/VoxPopuliNoti/status/2041313860108333495,"Viuda de Ezequiel pide justicia; confirma detención de presunto cómplice en Tampico, Tamaulipas Eneri Balleza agradeció el respaldo recibido por parte del gobierno municipal, encabezado por Mónica Villarreal Anaya https://voxpopulinoticias.com.mx/2026/04/avanza-proceso-por-muerte-de-ezequiel-en-tampico/… #Tampico #Tamaulipas #LaRoja",0,0,1,0,0,"""monica villarreal"" since:2026-04-06 until:2026-04-12",False,
,2026-04-06_semana_06abril_12abril_26,@olgapsosa,2026-04-10T13:42:21.000Z,2026-04-10T13:42:21+00:00,https://x.com/olgapsosa/status/2042599064043151842,Feliz de estar en la tierra que me vio nacer Bonito día para todas y todos,7,7,29,0,0,reply_to:https://x.com/outsidermex/status/2042620448312050122,True,https://x.com/outsidermex/status/2042620448312050122
,2026-04-06_semana_06abril_12abril_26,@anafertorres,2026-04-11T23:59:20.000Z,2026-04-11T23:59:20+00:00,https://x.com/anafertorres/status/2043116720353673470,"Primera vez en mi vida, con más de diez años viviendo fuera, que lloro porque ya tengo que irme de Tampico.",0,0,4,0,0,tampico since:2026-04-06 until:2026-04-12,False,
,2026-04-06_semana_06abril_12abril_26,@Nightwing_six,2026-04-11T23:58:40.000Z,2026-04-11T23:58:40+00:00,https://x.com/Nightwing_six/status/2043116554791817441,Ah caray donde lo viste? Soy de Tampico y jamás había escuchado de ello,0,0,0,0,0,tampico since:2026-04-06 until:2026-04-12,False,
,2026-04-06_semana_06abril_12abril_26,@Grettagj,2026-04-11T23:44:10.000Z,2026-04-11T23:44:10+00:00,https://x.com/Grettagj/status/2043112904531083333,Quisiera saber por qué Frida gl siempre está en el centro de Tampico,0,0,0,0,0,tampico since:2026-04-06 until:2026-04-12,False,
,2026-04-06_semana_06abril_12abril_26,@Dianaopalite13,2026-04-11T23:41:08.000Z,2026-04-11T23:41:08+00:00,https://x.com/Dianaopalite13/status/2043112141461291237,Hoy tenemos reunión Mercuriaaal con mis amiguitas de Tampico @MayraRo28100 @silviagsm1120 #AaronMercury,12,14,103,0,0,tampico since:2026-04-06 until:2026-04-12,False,
,2026-04-06_semana_06abril_12abril_26,@pepillo2739,2026-04-11T23:37:00.000Z,2026-04-11T23:37:00+00:00,https://x.com/pepillo2739/status/2043111102335107295,"HENRY,,,SI VIVIERAS UNOS TRES MESES EN CUAUTLA,CUERNAVACA, TAMPICO, MICHOACAN, PUEBLOS DE VERACRUZ, GUERRERO, JALISCO, TAL VEZ ENTENDERIAS LO Q TRATO DE EXPLICAR,,, ESTAN MUCHISIMO PEOR Q NOSOTROS EN SEGURIDAD,,,NADA MAS IMAGINA LA DIMENSION DE LO Q ACABO DE DECIRTE, ESMUY TRISTE",0,0,0,0,0,tampico since:2026-04-06 until:2026-04-12,False,
,2026-04-06_semana_06abril_12abril_26,@pepillo2739,2026-04-11T23:34:24.000Z,2026-04-11T23:34:24+00:00,https://x.com/pepillo2739/status/2043110445435814264,"ERES BARRIO...QUIZA ESA ES LA CAUSA....MIRA EXILIADO, SI VIVIERAS....NO VIAJAR,,,VIVIR EN ACAPULCO,TAMPICO,SILAO, MICHOACAN, CUAUTLA, CUERNAVACA,,,Y MUCHAS MAS CIUDADES Q EN PROVINCIA YA ESTAN UN SEÑORON DESMADRE,,,TAL VEZ ENTENDERIAS LO TRATO DE EXPLICAR...ES TRISTE PERO REAL",0,0,0,0,0,tampico since:2026-04-06 until:2026-04-12,False,
,2026-04-06_semana_06abril_12abril_26,@elsolde_tampico,2026-04-11T23:30:00.000Z,2026-04-11T23:30:00+00:00,https://x.com/elsolde_tampico/status/2043109339930722726,"Sin papeles, no circulas #Tampico mantiene operativos constantes que ya suman 53 motos retiradas por incumplir requisitos básicos de circulación",0,1,0,0,0,tampico since:2026-04-06 until:2026-04-12,False,
,2026-04-06_semana_06abril_12abril_26,@erikcapitain,2026-04-11T23:29:03.000Z,2026-04-11T23:29:03+00:00,https://x.com/erikcapitain/status/2043109102218309934,El Tampico-madero de Chetos sigue estando 10/10,0,0,0,0,0,tampico since:2026-04-06 until:2026-04-12,False,
,2026-04-06_semana_06abril_12abril_26,@Ya_tengo_redes,2026-04-11T23:20:01.000Z,2026-04-11T23:20:01+00:00,https://x.com/Ya_tengo_redes/status/2043106825839460426,"Nunca me gustó la Isla, lugar muy sobrevalorado. No es más que Tampico, ni Playa Miramar",0,0,1,0,0,tampico since:2026-04-06 until:2026-04-12,False,
,2026-04-06_semana_06abril_12abril_26,@SMendez21696,2026-04-11T23:19:58.000Z,2026-04-11T23:19:58+00:00,https://x.com/SMendez21696/status/2043106815395717416,saludos amigo prestala soy de tampico,0,0,0,0,0,tampico since:2026-04-06 until:2026-04-12,False,
,2026-04-06_semana_06abril_12abril_26,@poiremariana,2026-04-11T23:00:08.000Z,2026-04-11T23:00:08+00:00,https://x.com/poiremariana/status/2043101823662199269,"Aquí los compañeros sin saber donde es y quieren ubicación exacta cuando hay video y el tuit anterior lo dice… Parece que la unidad de contacto está en Veracruz o Tampico y no se ubican en CDMX Buenas tardes, agradecemos nos proporcione ubicación exacta.",0,0,0,0,0,tampico since:2026-04-06 until:2026-04-12,False,
,2026-04-06_semana_06abril_12abril_26,@ReginaWong158,2026-04-11T22:44:33.000Z,2026-04-11T22:44:33+00:00,https://x.com/ReginaWong158/status/2043097903707693528,ay si vamos a tampico,0,0,0,0,0,tampico since:2026-04-06 until:2026-04-12,False,
,2026-04-06_semana_06abril_12abril_26,@Missael323661,2026-04-11T22:42:18.000Z,2026-04-11T22:42:18+00:00,https://x.com/Missael323661/status/2043097334565806504,Alguien de Tampico? Dm,0,0,2,0,0,tampico since:2026-04-06 until:2026-04-12,False,
,2026-04-06_semana_06abril_12abril_26,@elsolde_tampico,2026-04-11T22:37:19.000Z,2026-04-11T22:37:19+00:00,https://x.com/elsolde_tampico/status/2043096083509727265,"¡Toma precauciones! Por el aniversario de #Tampico, habrá cierre vial en la avenida Hidalgo. Los detalles en la nota...",0,1,1,0,0,tampico since:2026-04-06 until:2026-04-12,False,
,2026-04-06_semana_06abril_12abril_26,@luchoveracruz,2026-04-11T22:27:42.000Z,2026-04-11T22:27:42+00:00,https://x.com/luchoveracruz/status/2043093662133846206,Luciano Cáceres Cel: 2214 210445 Mail: Luciano.caceres@konfio.mx https://konfio.mx/mi/solicitud/registro?utm_source=offline&utm_medium=kam&utm_campaign=kam_cdmx_lhcs… #tamaulipas #reynosa #matamoros #nuevolaredo #tampico #tampicotamaulipas #tampicomadero #ciudadmadero #ciudadvictoria #ciudadvictoriatamaulipas #altamira #altamiratamaulipas #canacovictoria,0,0,0,0,0,tampico since:2026-04-06 until:2026-04-12,False,
,2026-04-06_semana_06abril_12abril_26,@elsolde_tampico,2026-04-11T22:00:00.000Z,2026-04-11T22:00:00+00:00,https://x.com/elsolde_tampico/status/2043086689988485482,"#Tampico, tierra de fortuna Cae otro premio mayor y ya suman 4 este año",0,1,0,0,0,tampico since:2026-04-06 until:2026-04-12,False,
,2026-04-06_semana_06abril_12abril_26,@MVRNoticias,2026-04-11T21:51:29.000Z,2026-04-11T21:51:29+00:00,https://x.com/MVRNoticias/status/2043084548527751188,Deportes || Atlético La Paz deja escapar triunfo y Tampico Madero se mete a zona de Liguilla,0,0,0,0,0,tampico since:2026-04-06 until:2026-04-12,False,
,2026-04-06_semana_06abril_12abril_26,@MohammedMu66092,2026-04-11T21:49:24.000Z,2026-04-11T21:49:24+00:00,https://x.com/MohammedMu66092/status/2043084024155931009,Tampico,0,0,3,0,0,tampico since:2026-04-06 until:2026-04-12,False,
,2026-04-06_semana_06abril_12abril_26,@lacapital2006,2026-04-11T21:43:37.000Z,2026-04-11T21:43:37+00:00,https://x.com/lacapital2006/status/2043082569973969129,INE inicia recomposición de la estructura electoral https://lacapital.com.mx/noticia/112472-INE_inicia_recomposicion_de_la_estructura_electoral… #INE #OrganismosElectorales #OPL #ConsejerosElectorales #NL #Chih #Veracruz #Jalisco #Querétaro #Monterrey #Tampico #Coah #CdVictoria #Tamaulipas #SLP #NuevoLaredo #Reynosa #Guadalajara #cdmx #MX_NOTICE,0,0,0,0,0,tampico since:2026-04-06 until:2026-04-12,False,
,2026-04-06_semana_06abril_12abril_26,@San_Dinero823,2026-04-11T21:42:50.000Z,2026-04-11T21:42:50+00:00,https://x.com/San_Dinero823/status/2043082372023775432,Tampico and Hawaiian punch takes long to get cold because they have oil in it,0,0,0,0,0,tampico since:2026-04-06 until:2026-04-12,False,
,2026-04-06_semana_06abril_12abril_26,@lacapital2006,2026-04-11T21:28:30.000Z,2026-04-11T21:28:30+00:00,https://x.com/lacapital2006/status/2043078765455036662,Clásico Joven es el plato fuerte de la Liga Mx este sábado https://lacapital.com.mx/noticia/112465-Clasico_Joven_es_el_plato_fuerte_de_la_Liga_Mx_este_sabado… #ClásicoJoven #TigresVsChivas #DirectoALaLiguilla #LigaMx #Jornada14 #CdJuárez #Puebla #SLP #Querétaro #Pachuca #Tampico #Monterrey #Toluca #Tamaulipas #Torreón #León #Guadalajara #Ags #cdmx #Mx,0,0,0,0,0,tampico since:2026-04-06 until:2026-04-12,False,
,2026-04-06_semana_06abril_12abril_26,@rosana_guerra,2026-04-11T21:27:47.000Z,2026-04-11T21:27:47+00:00,https://x.com/rosana_guerra/status/2043078583380304097,"#Tampico la Cosa Ruin me tiene bloqueada, ¿Y si la dejan en el Psiquiátrico??",3,1,4,0,0,tampico since:2026-04-06 until:2026-04-12,False,
,2026-04-06_semana_06abril_12abril_26,@eljockeis,2026-04-11T21:25:38.000Z,2026-04-11T21:25:38+00:00,https://x.com/eljockeis/status/2043078043208655071,"Pidete unos tacos de costilla de camarón, esos son los buenos de Tampico",1,0,1,0,0,tampico since:2026-04-06 until:2026-04-12,False,
,2026-04-06_semana_06abril_12abril_26,@ReporteraDaisy,2026-04-11T21:04:45.000Z,2026-04-11T21:04:45+00:00,https://x.com/ReporteraDaisy/status/2043072786042696112,#ElPuntoEs Por fin Plan B Opinión de Leticia Santoyo #Tamaulipas #Reynosa #Matamoros #Tampico #Madero #Altamira #NuevoLaredo #CdVictoria https://daisyherrera.com/las-agendas-83/,0,0,0,0,0,tampico since:2026-04-06 until:2026-04-12,False,
,2026-04-06_semana_06abril_12abril_26,@TamaulipasHabla,2026-04-11T21:01:31.000Z,2026-04-11T21:01:31+00:00,https://x.com/TamaulipasHabla/status/2043071972712513692,"#CdVictoria |La @UAT_mx abrió la carrera de Ingeniería en Ciencia de Datos e Inteligencia Artificial, una nueva carrera enfocada en formar expertos en tecnología LA INFO #Tampico #CdMadero #Altamira #Matamoros #Reynosa #NuevoLaredo #Tamaulipas",0,0,0,0,0,tampico since:2026-04-06 until:2026-04-12,False,
,2026-04-06_semana_06abril_12abril_26,@TamaulipasHabla,2026-04-11T20:59:29.000Z,2026-04-11T20:59:29+00:00,https://x.com/TamaulipasHabla/status/2043071462873931862,#CdVictoria |¿Campaña disfrazada? El diputado @Betoprietoh anduvo de gira en #Reynosa visitando colonias y entregando apoyos... LA INFO #Tampico #CdMadero #Altamira #Matamoros #NuevoLaredo #RioBravo #ValleHermoso #SanFernando #Tamaulipas,0,0,0,0,0,tampico since:2026-04-06 until:2026-04-12,False,
,2026-04-06_semana_06abril_12abril_26,@AbbysMorr,2026-04-11T20:57:57.000Z,2026-04-11T20:57:57+00:00,https://x.com/AbbysMorr/status/2043071076628824203,Toma tu refresco Tampico en 12 y listo Truchita fin caput end,0,0,0,0,0,tampico since:2026-04-06 until:2026-04-12,False,
,2026-04-06_semana_06abril_12abril_26,@ReporteraDaisy,2026-04-11T20:54:26.000Z,2026-04-11T20:54:26+00:00,https://x.com/ReporteraDaisy/status/2043070192230523355,"#ElPuntoEs Humberto Prieto Herrera, realizó una gira en colonias de Reynosa donde entregó apoyos funcionales y escuchó directamente las necesidades de las familias. Información de Daisy Herrera Medrano #Tamaulipas #Reynosa #Matamoros #Tampico #Madero #Altamira #NuevoLaredo #CdVictoria https://daisyherrera.com/prieto-lleva-apoyos-y-atencion-medica-a-familias/…",0,0,0,0,0,tampico since:2026-04-06 until:2026-04-12,False,
,2026-04-06_semana_06abril_12abril_26,@jsustaita_rdz,2026-04-11T20:54:15.000Z,2026-04-11T20:54:15+00:00,https://x.com/jsustaita_rdz/status/2043070143027147117,Regrésate a Tampico !,0,0,0,0,0,tampico since:2026-04-06 until:2026-04-12,False,
,2026-04-06_semana_06abril_12abril_26,@MuroPoliticoMX,2026-04-11T20:53:32.000Z,2026-04-11T20:53:32+00:00,https://x.com/MuroPoliticoMX/status/2043069963368337611,#Tamaulipas |La UAT ofrece la carrera de Ingeniería en Ciencia de Datos e Inteligencia Artificial LA NOTA #CdVictoria #Tampico #CdMadero #Altamira #Matamoros #Reynosa #NuevoLaredo #RioBravo #ValleHermoso #SanFernando,0,0,0,0,0,tampico since:2026-04-06 until:2026-04-12,False,
,2026-04-06_semana_06abril_12abril_26,@MuroPoliticoMX,2026-04-11T20:53:07.000Z,2026-04-11T20:53:07+00:00,https://x.com/MuroPoliticoMX/status/2043069860918296609,#Tamaulipas |​El Gobierno Municipal El Mante convoca a todas las mujeres de ejidos y comunidades agrarias a participar en este encuentro integral. LA NOTA #CdVictoria #Tampico #CdMadero #Altamira #Matamoros #Reynosa #NuevoLaredo #RioBravo,0,0,0,0,0,tampico since:2026-04-06 until:2026-04-12,False,
,2026-04-06_semana_06abril_12abril_26,@olgapsosa,2026-04-11T20:53:05.000Z,2026-04-11T20:53:05+00:00,https://x.com/olgapsosa/status/2043069852366061899,Donativo de materiales de salud en los hospitales Carlos Canseco y Psiquiátrico en #Tampico,1,5,16,0,0,tampico since:2026-04-06 until:2026-04-12,False,
,2026-04-06_semana_06abril_12abril_26,@jeanfbridges,2026-04-11T20:51:39.000Z,2026-04-11T20:51:39+00:00,https://x.com/jeanfbridges/status/2043069490871562273,"Bien por ella pero acá la ciencia sigue por el piso, y Tampico creo que ustedes le hallan ayudado mucho que digamos",0,0,0,0,0,tampico since:2026-04-06 until:2026-04-12,False,
,2026-04-06_semana_06abril_12abril_26,@MuroPoliticoMX,2026-04-11T20:49:57.000Z,2026-04-11T20:49:57+00:00,https://x.com/MuroPoliticoMX/status/2043069063195222119,"#Tamaulipas |En medio del relevo sindical en la Sección 30 del SNTE, surgió la exigencia de abrir espacios de confrontación directa entre aspirantes LA NOTA #CdVictoria #Tampico #CdMadero #Altamira #Matamoros #Reynosa #NuevoLaredo #RioBravo",0,0,0,0,0,tampico since:2026-04-06 until:2026-04-12,False,
,2026-04-06_semana_06abril_12abril_26,@Pakofree,2026-04-11T20:48:48.000Z,2026-04-11T20:48:48+00:00,https://x.com/Pakofree/status/2043068774111121806,"Que piensan ustedes campeones? Hoy 4 campeones internacionales, estarán en la misma competencia. Alguien Renovará campeonato? #mexico #redbull #Tampico #batalladegallos #chile",0,0,0,0,0,tampico since:2026-04-06 until:2026-04-12,False,
,2026-04-06_semana_06abril_12abril_26,@MuroPoliticoMX,2026-04-11T20:48:14.000Z,2026-04-11T20:48:14+00:00,https://x.com/MuroPoliticoMX/status/2043068631945269420,#Tamaulipas |El Instituto Electoral de Tamaulipas activó un proceso interno de análisis para dimensionar los efectos operativos derivados de la reciente reforma electoral federal LA NOTA #CdVictoria #Tampico #CdMadero #Altamira #Matamoros #Reynosa,0,0,0,0,0,tampico since:2026-04-06 until:2026-04-12,False,
,2026-04-06_semana_06abril_12abril_26,@ladonastewart,2026-04-11T20:41:53.000Z,2026-04-11T20:41:53+00:00,https://x.com/ladonastewart/status/2043067033961586876,ahora necesito ir ! pan con queso como en tampico !,3,0,3,0,0,tampico since:2026-04-06 until:2026-04-12,False,
,2026-04-06_semana_06abril_12abril_26,@MilenioTam,2026-04-11T20:40:00.000Z,2026-04-11T20:40:00+00:00,https://x.com/MilenioTam/status/2043066557111177405,"Entre enero y marzo, cifra de hoyancos tanto en Tampico y Cuidad Madero se redujo a diferencia del 2025",0,0,0,0,0,tampico since:2026-04-06 until:2026-04-12,False,
,2026-04-06_semana_06abril_12abril_26,@jackelaino,2026-04-11T20:38:51.000Z,2026-04-11T20:38:51+00:00,https://x.com/jackelaino/status/2043066270166204741,"Saludos desde Tampico, Tamaulipas, Mexico !!!!",0,0,0,0,0,tampico since:2026-04-06 until:2026-04-12,False,
,2026-04-06_semana_06abril_12abril_26,@InSalonmx,2026-04-11T20:36:09.000Z,2026-04-11T20:36:09+00:00,https://x.com/InSalonmx/status/2043065588285596102,Tampico todo es “híper gracia” pues la fe sin obras está muerta y las obras sin fe igual.,0,0,0,0,0,tampico since:2026-04-06 until:2026-04-12,False,
,2026-04-06_semana_06abril_12abril_26,@ReporteraDaisy,2026-04-11T20:35:27.000Z,2026-04-11T20:35:27+00:00,https://x.com/ReporteraDaisy/status/2043065414675239218,"#ElPuntoEs Con una inversión superior a los 12 millones de pesos, Carmen Lilia entregó nuevas obras de pavimentación en las colonias 150 Aniversario, Cavazos Lerma y Los Álamos. Información de Daisy Herrera Medrano #Tamaulipas #Reynosa #Matamoros #Tampico #Madero #Altamira #NuevoLaredo #CdVictoria http://daisyherrera.com/carmen-lilia-pavimenta-colonias-con-inversion-historica/…",0,0,0,0,0,tampico since:2026-04-06 until:2026-04-12,False,
,2026-04-06_semana_06abril_12abril_26,@Pakofree,2026-04-11T20:34:11.000Z,2026-04-11T20:34:11+00:00,https://x.com/Pakofree/status/2043065094200778984,Hay les va un dato. Gazir es el único de los competidores de esta edición que ha obtenido los 3 podios en la Red Bull Batalla internacional. 1⁰ en 2024 España 2⁰ en 2022 México 3⁰ en 2021 Chile Es un crack @GazirGPS #mexico #redbull #Tampico,0,0,0,0,0,tampico since:2026-04-06 until:2026-04-12,False,
,2026-04-06_semana_06abril_12abril_26,@GilbertBarrn1,2026-04-11T20:25:18.000Z,2026-04-11T20:25:18+00:00,https://x.com/GilbertBarrn1/status/2043062860805251172,HOLA YO VENTE A MADERO Y VAMOS QL CINEMEX DE TAMPICO,1,0,0,0,0,tampico since:2026-04-06 until:2026-04-12,False,
,2026-04-06_semana_06abril_12abril_26,@Mants_96,2026-04-11T20:16:13.000Z,2026-04-11T20:16:13+00:00,https://x.com/Mants_96/status/2043060571486974442,Oooh senior. Then times you drink tampico aah you dey feel the orange for inside. Fan ice dey slap then ibi full now ibi half ooo,0,0,0,0,0,tampico since:2026-04-06 until:2026-04-12,False,
,2026-04-06_semana_06abril_12abril_26,@elmercuriotam,2026-04-11T20:00:00.000Z,2026-04-11T20:00:00+00:00,https://x.com/elmercuriotam/status/2043056493616939489,#Region https://n9.cl/78tnf #aduana #ASIPONA #Tampico #Tamaulipas,0,0,0,0,0,tampico since:2026-04-06 until:2026-04-12,False,
,2026-04-06_semana_06abril_12abril_26,@Holmosapiens,2026-04-11T18:53:40.000Z,2026-04-11T18:53:40+00:00,https://x.com/Holmosapiens/status/2043039800681259381,"No, te equivocaste los narcos apoyan a AMLO están en puestos como Morelia, Baja California, Oaxaca, Tampico. Ya lo dijo tu compañera Laida hay que ser narco para poder ser candidato y tener mucho dinero y de narco candidatos @PartidoMorenaMx sabe",1,0,0,0,0,tampico since:2026-04-06 until:2026-04-12,False,
,2026-04-06_semana_06abril_12abril_26,@AltamiraBrilla,2026-04-11T18:49:34.000Z,2026-04-11T18:49:34+00:00,https://x.com/AltamiraBrilla/status/2043038766328070313,"GRUP0 de P4CKS de T3L4GR4M “Altamira Brilla” de TAMPICO, MADERO, y ALTAMIRA #PacksTampico #PacksMadero #PacksAltamira Interesados mandar msj por DM $$$$$",1,0,0,0,0,tampico since:2026-04-06 until:2026-04-12,False,
,2026-04-06_semana_06abril_12abril_26,@ReporteraDaisy,2026-04-11T19:58:17.000Z,2026-04-11T19:58:17+00:00,https://x.com/ReporteraDaisy/status/2043056060496572880,#ElPuntoEs Carlos Peña Ortiz participó como invitado de honor en la premiación del concurso “Cómo ser Mejor Ciudadano” de la Mesa Redonda Panamericana de Reynosa. Información de Daisy Herrera Medrano #Tamaulipas #Reynosa #Matamoros #Tampico #Madero #Altamira #NuevoLaredo #CdVictoria https://daisyherrera.com/reconocen-a-carlos-pena-en-concurso-ciudadano/…,0,0,0,0,0,tampico since:2026-04-06 until:2026-04-12,False,
,2026-04-06_semana_06abril_12abril_26,@karlillosV20,2026-04-11T19:54:47.000Z,2026-04-11T19:54:47+00:00,https://x.com/karlillosV20/status/2043055177192603946,Solecito lindo #Tampico,0,0,0,0,0,tampico since:2026-04-06 until:2026-04-12,False,
,2026-04-06_semana_06abril_12abril_26,@NOTIVER,2026-04-11T19:21:51.000Z,2026-04-11T19:21:51+00:00,https://x.com/NOTIVER/status/2043046890690732125,"¡A #GARROTAZOS ! - RUDEZA INNECESARIA... #Elementos #antimotines de la #Secretaría de #Seguridad #Pública de #Veracruz #ejecutaron #operativo de #desalojo este #viernes para liberar la #carretera #federal #Tuxpan - #Tampico, a la altura de #Potrero",0,0,0,0,0,tampico since:2026-04-06 until:2026-04-12,False,
,2026-04-06_semana_06abril_12abril_26,@fifththirdAro,2026-04-11T19:21:07.000Z,2026-04-11T19:21:07+00:00,https://x.com/fifththirdAro/status/2043046705289949678,Anybody who drink Tampico in the year of 2026 can’t talk to me about nothing food or drink related..,0,1,0,0,0,tampico since:2026-04-06 until:2026-04-12,False,
,2026-04-06_semana_06abril_12abril_26,@NannaClawthorne,2026-04-11T19:09:50.000Z,2026-04-11T19:09:50+00:00,https://x.com/NannaClawthorne/status/2043043866849222799,"Extraño aquella época en la que pasaba de que 65 kg, pero la neta estaba solita en Tampico, pasé por uno de mis peores episodios depresivos, comía una vez al día, sufría de acoso laboral por una enfermera cuando yo estaba en el ss y todo eso me hizo bajar de peso",1,0,0,0,0,tampico since:2026-04-06 until:2026-04-12,False,
,2026-04-06_semana_06abril_12abril_26,@Hilena947256,2026-04-11T19:09:14.000Z,2026-04-11T19:09:14+00:00,https://x.com/Hilena947256/status/2043043714440761436,Gracias a Alberto cobran eso con la fórmula de Macri estarían cobrando $800mil. Tampico era mucho pero es casi el triple de lo que cobran hoy,0,0,0,0,0,tampico since:2026-04-06 until:2026-04-12,False,
,2026-04-06_semana_06abril_12abril_26,@markzmontalvoo,2026-04-11T19:04:41.000Z,2026-04-11T19:04:41+00:00,https://x.com/markzmontalvoo/status/2043042570897350984,El grupo Tampico-madero se une a la pena que embarga ala fam Mireles Sáenz de nuestro querido amigo Martiniano Mireles QEPD . QEPD,0,5,4,0,0,tampico since:2026-04-06 until:2026-04-12,False,
,2026-04-06_semana_06abril_12abril_26,@elsolde_tampico,2026-04-11T18:45:36.000Z,2026-04-11T18:45:36+00:00,https://x.com/elsolde_tampico/status/2043037767110652300,#Tampico retira 53 motos sin documentos en tres meses Las motocicletas ya son el 15% del parque vehicular en el municipio,0,0,0,0,0,tampico since:2026-04-06 until:2026-04-12,False,
,2026-04-06_semana_06abril_12abril_26,@mrkarlomagno,2026-04-11T18:40:00.000Z,2026-04-11T18:40:00+00:00,https://x.com/mrkarlomagno/status/2043036358336483381,"Huachicol CJNG: la megaestafa que nadie quiere mencionar Una sola empresa fantasma (Marlaya, ligada al CJNG) evadió $29,000 millones de pesos en impuestos. 4 veces La Estafa Maestra 2 veces el desfalco de Segalmex El buque Challenge Procyon en Tampico (2025) destapó la red protegida por mandos navales. El huachicol ya representa entre 16% y 27% del combustible que se consume en México. Y el gobierno sigue en silencio. La corrupción duele al bolsillo de todos. https://contralacorrupcion.mx/huachicolera-ligada-al-cjng-defraudo-29-mil-millones-equivale-a-4-veces-la-estafa-maestra/… #HuachicolCJNG #CorrupcionMexico #MCCI #HuachicolFiscal",0,0,0,0,0,tampico since:2026-04-06 until:2026-04-12,False,
,2026-04-06_semana_06abril_12abril_26,@Jj05294351,2026-04-11T18:38:06.000Z,2026-04-11T18:38:06+00:00,https://x.com/Jj05294351/status/2043035881691398184,Vou estourar o tampico,0,0,0,0,0,tampico since:2026-04-06 until:2026-04-12,False,
,2026-04-06_semana_06abril_12abril_26,@DocUbaldo,2026-04-11T18:23:15.000Z,2026-04-11T18:23:15+00:00,https://x.com/DocUbaldo/status/2043032142507041111,"La idea es simple: que el zapato te quede cómodo desde el primer uso, no provoque puntos de presión y puedas alternar pares sin problema. #Tampico #diabetes",0,0,0,0,0,tampico since:2026-04-06 until:2026-04-12,False,
,2026-04-06_semana_06abril_12abril_26,@elsolde_tampico,2026-04-11T18:15:24.000Z,2026-04-11T18:15:24+00:00,https://x.com/elsolde_tampico/status/2043030169598787945,¡De nuevo #Tampico! cae otro premio millonario y crece la fiebre por los “cachitos” https://tinyurl.com/yhw64s7y,0,0,0,0,0,tampico since:2026-04-06 until:2026-04-12,False,
,2026-04-06_semana_06abril_12abril_26,@anselmo_mp,2026-04-11T18:15:16.000Z,2026-04-11T18:15:16+00:00,https://x.com/anselmo_mp/status/2043030135574520159,"De hecho en la segunda guerra lo volvieron a intentar, en Morelos hay una finca con la suastica nazi y en Tampico tube la oportunidad de ver un mini sub alemán para espinonaje",2,0,1,0,0,tampico since:2026-04-06 until:2026-04-12,False,
,2026-04-06_semana_06abril_12abril_26,@banspeedru85817,2026-04-11T18:07:20.000Z,2026-04-11T18:07:20+00:00,https://x.com/banspeedru85817/status/2043028137592717369,Te vienes a tampico,0,0,0,0,0,tampico since:2026-04-06 until:2026-04-12,False,
,2026-04-06_semana_06abril_12abril_26,@olgapsosa,2026-04-11T18:06:44.000Z,2026-04-11T18:06:44+00:00,https://x.com/olgapsosa/status/2043027988628017614,"Acudí al Hospital General Dr. Carlos Canseco, en Tampico para entregar insumos médicos como cubrebocas, guantes de látex y desinfectante, para apoyar al personal de salud en su importante labor. Conversamos con el director Dr. Juárez Duran y su personal de las acciones desarrolladas para fortalecer el derecho a la salud.",2,12,17,0,0,tampico since:2026-04-06 until:2026-04-12,False,
,2026-04-06_semana_06abril_12abril_26,@buenanoticiamx_,2026-04-11T18:00:17.000Z,2026-04-11T18:00:17+00:00,https://x.com/buenanoticiamx_/status/2043026363980902857,Rescatan el Canal de la Cortadura: van por corredor gastronómico en Tampico #noticias #mexico #buenasnoticias,0,0,0,0,0,tampico since:2026-04-06 until:2026-04-12,False,
,2026-04-06_semana_06abril_12abril_26,@sunsolutions1,2026-04-11T17:29:42.000Z,2026-04-11T17:29:42+00:00,https://x.com/sunsolutions1/status/2043018667651158282,¡Protege a tus trabajadores y equipos de trabajo con nuestros estudios de arco eléctrico y corto circuito! ¡Contáctanos para mas inf.! 833 210 41 53 servicioaclientes@sunsolutionsdemexico.com #seguridadelectrica #arcoelectrico #Cortocircuito #proteccion #Tamaulipas #Tampico,0,0,0,0,0,tampico since:2026-04-06 until:2026-04-12,False,
,2026-04-06_semana_06abril_12abril_26,@EstradeGer37305,2026-04-11T17:28:02.000Z,2026-04-11T17:28:02+00:00,https://x.com/EstradeGer37305/status/2043018247595819102,Expliqueles lo que es resistencia. Tampico entenderan pero aprenderan algo mas. Jajaja,0,0,1,0,0,tampico since:2026-04-06 until:2026-04-12,False,
,2026-04-06_semana_06abril_12abril_26,@HectorVillarri,2026-04-11T17:19:18.000Z,2026-04-11T17:19:18+00:00,https://x.com/HectorVillarri/status/2043016050652897726,"Ah mascarita sagrada, si la lucha libre no es real, como explican esto #FelizSabado #CdVictoria #Reynosa #NuevoLaredo #Matamoros #Tampico #Tamaulipas #Mexico #CDMX",0,2,3,0,0,tampico since:2026-04-06 until:2026-04-12,False,
,2026-04-06_semana_06abril_12abril_26,@Sato_Tontito,2026-04-11T17:17:08.000Z,2026-04-11T17:17:08+00:00,https://x.com/Sato_Tontito/status/2043015504088973612,Tampico los Viltrumitax se necesitan 3 más el arma de space racer para destruir un planeta y mencionan que pudieron morir,0,0,0,0,0,tampico since:2026-04-06 until:2026-04-12,False,
,2026-04-06_semana_06abril_12abril_26,@erickramonh,2026-04-11T16:59:18.000Z,2026-04-11T16:59:18+00:00,https://x.com/erickramonh/status/2043011017219727372,"Estos trolls son muy chistosos. Claro, porque podemos importar gas iraní y que sus barcos contenedores lleguen a Tampico o a Tijuana. Los gringos nunca les permitirían hacer eso cuando estuvieran en aguas internacionales. Empezando porque están sancionados. Hola cerebro? https://x.com/CM3PW/status/2/CM3PW/status/2042985715491819715…",1,0,8,0,0,tampico since:2026-04-06 until:2026-04-12,False,
,2026-04-06_semana_06abril_12abril_26,@HOYTamaulipas,2026-04-11T16:51:36.000Z,2026-04-11T16:51:36+00:00,https://x.com/HOYTamaulipas/status/2043009079136674159,#Tamaulipas Grupo Liberación llena de romanticismo el Teatro del Pueblo en la Feria de #Tampico Entérate,0,1,0,0,0,tampico since:2026-04-06 until:2026-04-12,False,
,2026-04-06_semana_06abril_12abril_26,@caiobafelip,2026-04-11T16:49:47.000Z,2026-04-11T16:49:47+00:00,https://x.com/caiobafelip/status/2043008621668163988,"Tampico com Red Label, KKKKKKKKKKKKKKKKKKKKKKKKK Speedboat and ATV: Man arrested for biggest heist in MT flaunted it on the web Images posted on a social network show Pablo Henrique Franco, arrested last Thursday (9/4), flaunting on social media Read in the Na Mira column, by @carloscarone78",0,0,2,0,0,tampico since:2026-04-06 until:2026-04-12,False,
,2026-04-06_semana_06abril_12abril_26,@hellosoyiliana,2026-04-11T16:40:59.000Z,2026-04-11T16:40:59+00:00,https://x.com/hellosoyiliana/status/2043006408740753600,"Mañana regreso a correr con el equipo de entrenamiento, a vencer un miedo, el puente Tampico.",0,0,0,0,0,tampico since:2026-04-06 until:2026-04-12,False,
,2026-04-06_semana_06abril_12abril_26,@TampicoViral,2026-04-11T16:36:19.000Z,2026-04-11T16:36:19+00:00,https://x.com/TampicoViral/status/2043005232955675066,Conductor enloqueció en el centro histórico de Tampico y causó destrozos a un automóvil. Brincó sobre el cofre y amenazó a una mujer. #Tampico #Tamaulipas Noticias,0,0,0,0,0,tampico since:2026-04-06 until:2026-04-12,False,
,2026-04-06_semana_06abril_12abril_26,@BjxNoticias,2026-04-11T16:30:07.000Z,2026-04-11T16:30:07+00:00,https://x.com/BjxNoticias/status/2043003671772889372,"Con gases lacrimógenos, desalojan a manifestantes en carretera Tuxpan-Tampico, Veracruz",0,0,6,0,0,tampico since:2026-04-06 until:2026-04-12,False,
,2026-04-06_semana_06abril_12abril_26,@Reporteroszona,2026-04-11T16:29:59.000Z,2026-04-11T16:29:59+00:00,https://x.com/Reporteroszona/status/2043003639313178742,Sacando el estrés de la semana con una rodadita tranquis con los Lentos Bikers Tampico,0,0,4,0,0,tampico since:2026-04-06 until:2026-04-12,False,
,2026-04-06_semana_06abril_12abril_26,@DonPorfirioDiaz,2026-04-11T15:00:00.000Z,2026-04-11T15:00:00+00:00,https://x.com/DonPorfirioDiaz/status/2042980995209777608,"En enero de 1917, Alemania envió un telegrama cifrado al gobierno de Venustiano Carranza con una propuesta que, si hubiera funcionado, habría cambiado el mapa de América del Norte para siempre. El ministro de Asuntos Exteriores alemán Arthur Zimmermann le proponía a México una alianza militar: si Estados Unidos entraba en la Primera Guerra Mundial contra el Imperio alemán, México atacaría a su vecino del norte y, a cambio, recuperaría Texas, Arizona y Nuevo México, los territorios perdidos en el Tratado de Guadalupe-Hidalgo de 1848. El plan tenía su lógica retorcida: Alemania necesitaba mantener a Estados Unidos ocupado en su propio continente para que no mandara tropas a Europa. México tenía agravios históricos reales contra Washington y en 1916 los norteamericanos todavía tenían al general Pershing persiguiendo a Pancho Villa en Chihuahua. Pero lo que Zimmermann no calculó fue que los ingleses llevaban años espiando los cables diplomáticos alemanes: los criptógrafos Nigel de Grey y William Montgomery, del servicio de inteligencia conocido como Habitación 40, interceptaron y descifraron el telegrama porque tenían conocimiento del código 0075 que usaba Alemania. Ahí empezó el problema. Los ingleses tenían el telegrama descifrado en sus manos desde enero, pero publicarlo era un dilema enorme: si lo hacían, los alemanes cambiarían sus códigos y perderían su ventaja de espionaje. Si no lo hacían, perdían la oportunidad perfecta de arrastrar a Estados Unidos a la guerra de su lado. El Gobierno británico sabía que si publicaba el telegrama, los alemanes cambiarían a un código nuevo, pero si no lo publicaba, perdería la ocasión de impulsar a los Estados Unidos a entrar en la guerra junto a Reino Unido. El Debate Al final decidieron publicarlo y el 1 de marzo de 1917 la prensa estadounidense explotó. Mucha gente creyó que era un invento británico para meterlos en la guerra, hasta que Zimmermann en persona, en una decisión que los historiadores todavía no terminan de entender, confirmó públicamente que el telegrama era auténtico. Del telegrama se desprenderían dos efectos de enorme trascendencia: la derrota de Alemania en la Primera Guerra Mundial y la conversión de Estados Unidos en la primera potencia económica y militar del orbe. Carranza, por su parte, declinó la oferta el 14 de abril. Para entonces Estados Unidos ya había declarado la guerra. México se salvó de un desastre. Alemania se hundió. Y todo por 162 palabras en un telegrama que nunca debió existir. Fuentes: Wikipedia, Archivos Nacionales de Estados Unidos, El Debate, México Desconocido, Relatos e Historias en México, Confabulario El Universal, Imagen Radio.",3,43,150,0,0,reply_to:https://x.com/Nightwing_six/status/2043116554791817441,True,https://x.com/Nightwing_six/status/2043116554791817441
,2026-04-06_semana_06abril_12abril_26,@Dianaopalite13,2026-04-11T23:44:11.000Z,2026-04-11T23:44:11+00:00,https://x.com/Dianaopalite13/status/2043112910575043021,@MayraRo28100 me imprimió mi fotito de perfil,1,6,48,0,0,reply_to:https://x.com/Dianaopalite13/status/2043112141461291237,True,https://x.com/Dianaopalite13/status/2043112141461291237
,2026-04-06_semana_06abril_12abril_26,@silviagsm1120,2026-04-12T03:10:59.000Z,2026-04-12T03:10:59+00:00,https://x.com/silviagsm1120/status/2043164950718263560,Las quiero mucho hermosas,1,0,1,0,0,reply_to:https://x.com/Dianaopalite13/status/2043112141461291237,True,https://x.com/Dianaopalite13/status/2043112141461291237
,2026-04-06_semana_06abril_12abril_26,@Dianaopalite13,2026-04-12T14:14:51.000Z,2026-04-12T14:14:51+00:00,https://x.com/Dianaopalite13/status/2043332018029633989,,0,0,1,0,0,reply_to:https://x.com/Dianaopalite13/status/2043112141461291237,True,https://x.com/Dianaopalite13/status/2043112141461291237
,2026-04-06_semana_06abril_12abril_26,@MayraRo28100,2026-04-12T03:35:26.000Z,2026-04-12T03:35:26+00:00,https://x.com/MayraRo28100/status/2043171107134435636,Las quiero mucho,1,0,3,0,0,reply_to:https://x.com/Dianaopalite13/status/2043112141461291237,True,https://x.com/Dianaopalite13/status/2043112141461291237
,2026-04-06_semana_06abril_12abril_26,@Dianaopalite13,2026-04-12T14:15:13.000Z,2026-04-12T14:15:13+00:00,https://x.com/Dianaopalite13/status/2043332110874824788,Yo a ti,0,0,1,0,0,reply_to:https://x.com/Dianaopalite13/status/2043112141461291237,True,https://x.com/Dianaopalite13/status/2043112141461291237
,2026-04-06_semana_06abril_12abril_26,@Only_youAa,2026-04-12T03:37:11.000Z,2026-04-12T03:37:11+00:00,https://x.com/Only_youAa/status/2043171547620262341,Disfruten,1,0,3,0,0,reply_to:https://x.com/Dianaopalite13/status/2043112141461291237,True,https://x.com/Dianaopalite13/status/2043112141461291237
,2026-04-06_semana_06abril_12abril_26,@Dianaopalite13,2026-04-12T14:16:10.000Z,2026-04-12T14:16:10+00:00,https://x.com/Dianaopalite13/status/2043332350692454835,Jajajaja gracias,0,0,1,0,0,reply_to:https://x.com/Dianaopalite13/status/2043112141461291237,True,https://x.com/Dianaopalite13/status/2043112141461291237
,2026-04-06_semana_06abril_12abril_26,@mishellyss,2026-04-12T04:20:13.000Z,2026-04-12T04:20:13+00:00,https://x.com/mishellyss/status/2043182374209671177,yo tratando de fingir que no me da como ver como todas las mercurials se reúnen y yo nadota,1,0,3,0,0,reply_to:https://x.com/Dianaopalite13/status/2043112141461291237,True,https://x.com/Dianaopalite13/status/2043112141461291237
,2026-04-06_semana_06abril_12abril_26,@Dianaopalite13,2026-04-12T14:17:55.000Z,2026-04-12T14:17:55+00:00,https://x.com/Dianaopalite13/status/2043332791509647696,En supernova nos juntamos,0,0,2,0,0,reply_to:https://x.com/Dianaopalite13/status/2043112141461291237,True,https://x.com/Dianaopalite13/status/2043112141461291237
,2026-04-06_semana_06abril_12abril_26,@oxuoou,2026-04-12T04:26:16.000Z,2026-04-12T04:26:16+00:00,https://x.com/oxuoou/status/2043183896678773133,yo quieroooo invitenmeeeeee,1,0,3,0,0,reply_to:https://x.com/Dianaopalite13/status/2043112141461291237,True,https://x.com/Dianaopalite13/status/2043112141461291237
,2026-04-06_semana_06abril_12abril_26,@Dianaopalite13,2026-04-12T14:17:03.000Z,2026-04-12T14:17:03+00:00,https://x.com/Dianaopalite13/status/2043332574257328284,Ventee,0,0,2,0,0,reply_to:https://x.com/Dianaopalite13/status/2043112141461291237,True,https://x.com/Dianaopalite13/status/2043112141461291237
,2026-04-06_semana_06abril_12abril_26,@ErikaRey024,2026-04-11T23:43:56.000Z,2026-04-11T23:43:56+00:00,https://x.com/ErikaRey024/status/2043112846054011098,Disfruten muchoooo,1,0,2,0,0,reply_to:https://x.com/Dianaopalite13/status/2043112141461291237,True,https://x.com/Dianaopalite13/status/2043112141461291237
,2026-04-06_semana_06abril_12abril_26,@pinkmoon_cool,2026-04-11T23:53:42.000Z,2026-04-11T23:53:42+00:00,https://x.com/pinkmoon_cool/status/2043115302909587485,Que lindas,1,0,3,0,0,reply_to:https://x.com/Dianaopalite13/status/2043112141461291237,True,https://x.com/Dianaopalite13/status/2043112141461291237
,2026-04-06_semana_06abril_12abril_26,@Dianaopalite13,2026-04-12T14:16:24.000Z,2026-04-12T14:16:24+00:00,https://x.com/Dianaopalite13/status/2043332409354055760,,0,0,1,0,0,reply_to:https://x.com/Dianaopalite13/status/2043112141461291237,True,https://x.com/Dianaopalite13/status/2043112141461291237
,2026-04-06_semana_06abril_12abril_26,@lupjim94,2026-04-12T00:27:56.000Z,2026-04-12T00:27:56+00:00,https://x.com/lupjim94/status/2043123919394103564,"Hay que bonito, disfruten",1,0,2,0,0,reply_to:https://x.com/Dianaopalite13/status/2043112141461291237,True,https://x.com/Dianaopalite13/status/2043112141461291237
,2026-04-06_semana_06abril_12abril_26,@Dianaopalite13,2026-04-12T14:17:37.000Z,2026-04-12T14:17:37+00:00,https://x.com/Dianaopalite13/status/2043332718050619515,"Gracias, Lupita",0,0,1,0,0,reply_to:https://x.com/Dianaopalite13/status/2043112141461291237,True,https://x.com/Dianaopalite13/status/2043112141461291237
,2026-04-06_semana_06abril_12abril_26,@Dianaopalite13,2026-04-12T14:15:29.000Z,2026-04-12T14:15:29+00:00,https://x.com/Dianaopalite13/status/2043332180890276218,Gracias Ale,0,0,1,0,0,reply_to:https://x.com/Dianaopalite13/status/2043112141461291237,True,https://x.com/Dianaopalite13/status/2043112141461291237
,2026-04-06_semana_06abril_12abril_26,@roxmery_94,2026-04-12T00:08:04.000Z,2026-04-12T00:08:04+00:00,https://x.com/roxmery_94/status/2043118920760983572,Que fomo guardenme una fotito please pásenla increíble las quiero,1,0,2,0,0,reply_to:https://x.com/Dianaopalite13/status/2043112141461291237,True,https://x.com/Dianaopalite13/status/2043112141461291237
,2026-04-06_semana_06abril_12abril_26,@Dianaopalite13,2026-04-12T14:15:55.000Z,2026-04-12T14:15:55+00:00,https://x.com/Dianaopalite13/status/2043332287064875212,Te esperamos en la siguiente Rosy,0,0,1,0,0,reply_to:https://x.com/Dianaopalite13/status/2043112141461291237,True,https://x.com/Dianaopalite13/status/2043112141461291237
,2026-04-06_semana_06abril_12abril_26,@Sinya298593248,2026-04-11T23:46:01.000Z,2026-04-11T23:46:01+00:00,https://x.com/Sinya298593248/status/2043113372648951927,Aawww que bello! que lo pasen bonito,1,0,2,0,0,reply_to:https://x.com/Dianaopalite13/status/2043112141461291237,True,https://x.com/Dianaopalite13/status/2043112141461291237
,2026-04-06_semana_06abril_12abril_26,@Dianaopalite13,2026-04-12T14:16:44.000Z,2026-04-12T14:16:44+00:00,https://x.com/Dianaopalite13/status/2043332494506819845,Gracias Steph,0,0,2,0,0,reply_to:https://x.com/Dianaopalite13/status/2043112141461291237,True,https://x.com/Dianaopalite13/status/2043112141461291237
,2026-04-06_semana_06abril_12abril_26,@mnhzp,2026-04-12T00:05:31.000Z,2026-04-12T00:05:31+00:00,https://x.com/mnhzp/status/2043118279108034813,Disfruten mucho Dianita,1,0,2,0,0,reply_to:https://x.com/Dianaopalite13/status/2043112141461291237,True,https://x.com/Dianaopalite13/status/2043112141461291237
,2026-04-06_semana_06abril_12abril_26,@Dianaopalite13,2026-04-12T14:17:25.000Z,2026-04-12T14:17:25+00:00,https://x.com/Dianaopalite13/status/2043332666175398031,Gracias Mariana si disfrutamos,0,0,0,0,0,reply_to:https://x.com/Dianaopalite13/status/2043112141461291237,True,https://x.com/Dianaopalite13/status/2043112141461291237
,2026-04-06_semana_06abril_12abril_26,@ImagenTVMex,2026-04-10T13:37:39.000Z,2026-04-10T13:37:39+00:00,https://x.com/ImagenTVMex/status/2042597884504186962,"No es nuevo, incluso hay canciones que hablan de ello, policías sembrando droga a jóvenes para detenerlos. Jordy, un cantante de género urbano e influencer conocido en redes sociales como “Tu Bellako Favorito”, lo sufrió en carne propia. @BrendaDanielaV5 #NoticiasImagen",113,654,7387,0,0,reply_to:https://x.com/pepillo2739/status/2043111102335107295,True,https://x.com/pepillo2739/status/2043111102335107295
,2026-04-06_semana_06abril_12abril_26,@pepillo2739,2026-04-10T18:58:50.000Z,2026-04-10T18:58:50+00:00,https://x.com/pepillo2739/status/2042678711229526133,"TAMBIEN SON CHAVOS GANDALLAS Q HUMILLAN ALOS POLICIAS...EN PEDIR ESTA EL DAR....SON CHACALONES,GROSEROS, VENTAJOSOS ,SABEN COMO VOLTEARSELA ALOS POLIS , PORQUE SE DEDICAN AL DESMADRE....NO SON BLANCAS PALOMITAS, SE DROGAN EN LA CALLE Y T AVIENTAN LA DROGA EN LA CARA ASISEANNIÑOS",9,1,16,0,0,reply_to:https://x.com/pepillo2739/status/2043111102335107295,True,https://x.com/pepillo2739/status/2043111102335107295
,2026-04-06_semana_06abril_12abril_26,@Henry9s0v,2026-04-11T12:18:23.000Z,2026-04-11T12:18:23+00:00,https://x.com/Henry9s0v/status/2042940324054544674,"Y PPP a por eso se justifica que te siembren drogas pinche imbécil. Neta pinche gente analfabeta que tiene acceso a internet, desde cuando creen que su opinión es importante. Maldita sea la hora que Twitter les dio un ápice de esperanza de que lean sus opiniones pendejas.",1,0,8,0,0,reply_to:https://x.com/pepillo2739/status/2043111102335107295,True,https://x.com/pepillo2739/status/2043111102335107295
,2026-04-06_semana_06abril_12abril_26,@pepillo2739,2026-04-11T14:55:34.000Z,2026-04-11T14:55:34+00:00,https://x.com/pepillo2739/status/2042979879054921757,"SI DEJAN CRECER LA CHACA EN CDMX,,,,AL RATO CAMOS A ESTAR COMO JALISCO, GUERRERO ZACATECAS TAMAULIPAS CHIHUAHUA SONORA MICHOACAN....AQUI EN CDMX LA MAYORIA DE LOS POLICIAS LUCHA POR SER HONESTOS,,,Y NO LO DIGO YOO....LO DICEN LAS ESTADISTICAS...SENTIDO COMUN MEXICANOS",1,0,0,0,0,reply_to:https://x.com/pepillo2739/status/2043111102335107295,True,https://x.com/pepillo2739/status/2043111102335107295
,2026-04-06_semana_06abril_12abril_26,@Henry9s0v,2026-04-11T15:46:39.000Z,2026-04-11T15:46:39+00:00,https://x.com/Henry9s0v/status/2042992735402017218,"Parece que no ves las putas noticias ni los ratas de los policías que en su mayoría lo único que buscan es chingar a la gente, no solo policías de seguridad, de tránsito ni se diga, y muchos menos de fuerzas de seguridad especial. Primero investiga y después escribes mierdas wey.",2,0,3,0,0,reply_to:https://x.com/pepillo2739/status/2043111102335107295,True,https://x.com/pepillo2739/status/2043111102335107295
,2026-04-06_semana_06abril_12abril_26,@pepillo2739,2026-04-11T17:23:37.000Z,2026-04-11T17:23:37+00:00,https://x.com/pepillo2739/status/2043017138307211772,"NO ES NADA COMPARABLE CON TODO Y TODO, CAMINAR AQUI Q EN TAMAULIPAS, ACAPULCO, CUERNAVACA, CUAUTLA, MICHOACAN, ETC",1,0,0,0,0,reply_to:https://x.com/pepillo2739/status/2043111102335107295,True,https://x.com/pepillo2739/status/2043111102335107295
,2026-04-06_semana_06abril_12abril_26,@Henry9s0v,2026-04-11T20:46:57.000Z,2026-04-11T20:46:57+00:00,https://x.com/Henry9s0v/status/2043068305561288879,"Wey regrésate a la primaria a aprender a hilar tus Putas ideas jajajaja. No mames, me da dolor de cabeza tratar de entender las mamadas que escribes.",2,0,1,0,0,reply_to:https://x.com/pepillo2739/status/2043111102335107295,True,https://x.com/pepillo2739/status/2043111102335107295
,2026-04-06_semana_06abril_12abril_26,@Ex1L14do,2026-04-11T23:18:21.000Z,2026-04-11T23:18:21+00:00,https://x.com/Ex1L14do/status/2043106410490122414,"Los policías en la CDMX son una maldita porquería, son personas horribles en todos los aspectos, la mayoría son ñeros y chacales con uniforme, he tenido peores experiencias con policías que con asaltantes...",1,0,1,0,0,reply_to:https://x.com/pepillo2739/status/2043110445435814264,True,https://x.com/pepillo2739/status/2043110445435814264
,2026-04-06_semana_06abril_12abril_26,@OscarDlGMty,2026-04-11T18:28:23.000Z,2026-04-11T18:28:23+00:00,https://x.com/OscarDlGMty/status/2043033434730172751,Solo los regios de sepa van a saber donde estoy.,37,3,100,0,0,reply_to:https://x.com/Ya_tengo_redes/status/2043106825839460426,True,https://x.com/Ya_tengo_redes/status/2043106825839460426
,2026-04-06_semana_06abril_12abril_26,@cornudotam,2026-04-11T10:51:21.000Z,2026-04-11T10:51:21+00:00,https://x.com/cornudotam/status/2042918419729932689,Algún maduro (50+) qué quisiera probar esto?,36,9,189,0,0,reply_to:https://x.com/SMendez21696/status/2043106815395717416,True,https://x.com/SMendez21696/status/2043106815395717416
,2026-04-06_semana_06abril_12abril_26,@poiremariana,2026-04-11T20:19:17.000Z,2026-04-11T20:19:17+00:00,,"Aquí los compañeros sin saber donde es y quieren ubicación exacta cuando hay video y el tuit anterior lo dice… Parece que la unidad de contacto está en Veracruz o Tampico y no se ubican en CDMX Buenas tardes, agradecemos nos proporcione ubicación exacta.",0,0,0,0,0,reply_to:https://x.com/poiremariana/status/2043101823662199269,True,https://x.com/poiremariana/status/2043101823662199269
,2026-04-06_semana_06abril_12abril_26,@NanaKof78032977,2026-04-11T21:30:20.000Z,2026-04-11T21:30:20+00:00,https://x.com/NanaKof78032977/status/2043079224408277414,"Mohammed Iddriss . for me, the best player of that year group. Just imagine him partnering Partey in our midfield. The vision, the quality, it would’ve been something special. If only his career had gone the way his talent deserved @thekingadjor @akomeahmessiah @garyalsmith Ibrahim Danlad John Otu Gideon Acquah Eric Ayiah Ibrahim Sulley Emmanuel Toku Gabriel Leveh Mohammed Kudus Mohammed Iddriss (10000% IQ!) Aminu Mohammed Abdul Yusif Ibrahim Sadiq Najeeb Yakubu They were so good! Herh x.com/nanakof7803297…",15,22,154,0,0,reply_to:https://x.com/MohammedMu66092/status/2043084024155931009,True,https://x.com/MohammedMu66092/status/2043084024155931009
,2026-04-06_semana_06abril_12abril_26,@ANA_LOPEZP,2026-04-12T15:30:40.000Z,2026-04-12T15:30:40+00:00,https://x.com/ANA_LOPEZP/status/2043351098774143360,"Si hubiera suficiente suministros no tendrían que hacer donaciones. Los familiares de los enfermos tienen que llevar desde alcohol, guantes, jeringas y medicamentos, el hospital no les otorga nada",1,1,1,0,0,reply_to:https://x.com/rosana_guerra/status/2043078583380304097,True,https://x.com/rosana_guerra/status/2043078583380304097
,2026-04-06_semana_06abril_12abril_26,@rosana_guerra,2026-04-12T19:01:54.000Z,2026-04-12T19:01:54+00:00,https://x.com/rosana_guerra/status/2043404256825213060,"Al Gobierno Estatal le vale Wilson, pero como andan empezando sus campañas los veremos haciendo donaciones que pagamos nosotros",0,0,0,0,0,reply_to:https://x.com/rosana_guerra/status/2043078583380304097,True,https://x.com/rosana_guerra/status/2043078583380304097
,2026-04-06_semana_06abril_12abril_26,@Ancho72,2026-04-11T21:38:16.000Z,2026-04-11T21:38:16+00:00,https://x.com/Ancho72/status/2043081222520283154,ya somos varios no le gustan que le digan sus verdades a la huachicolera de olga,0,1,1,0,0,reply_to:https://x.com/rosana_guerra/status/2043078583380304097,True,https://x.com/rosana_guerra/status/2043078583380304097
,2026-04-06_semana_06abril_12abril_26,@esauschz,2026-04-11T21:47:34.000Z,2026-04-11T21:47:34+00:00,https://x.com/esauschz/status/2043083560127475762,La reina del huachicol y no lo digo yo,0,1,1,0,0,reply_to:https://x.com/rosana_guerra/status/2043078583380304097,True,https://x.com/rosana_guerra/status/2043078583380304097
,2026-04-06_semana_06abril_12abril_26,@IrvingDibujito,2026-04-11T16:38:22.000Z,2026-04-11T16:38:22+00:00,https://x.com/IrvingDibujito/status/2043005747814957147,"Ayer me preguntaron ""¿No que ya habias dejado los streams?"" Pues si los deje por muchas cosas y no dejo de decir que es mil veces mejor hacer contenido, pero la neta me eh organizado mejor y hasta tiempo de dar tundas en LoL con mi Thresh 150 AD / 150 AP Basicos de 800. Perdón me emocione, pero a lo que voy es que puedo hacer streams avanzando en proyectos y dinamicas. Me gusta mucho platicar con la gentecita apesar de tardarme 3 hrs en un dibujito pero con tal de cotorrear, ese sera un dibujito bien in da world! Gracias a los que han mandado Raids en estos días, me levantan el animo, igual estoy tratando de pasar con la mayoria de amiguitos cuando los veo. En stream. Tengan un excelente fin de semana hoy voy a la feria de Tampico a comer tacos de carne de perro y caldo de medula de caballo, hahaha no es cierto pero parece que es lo que venden a 5 tacos por $500 mxn (25 UDS)",2,0,9,0,0,reply_to:https://x.com/eljockeis/status/2043078043208655071,True,https://x.com/eljockeis/status/2043078043208655071
,2026-04-06_semana_06abril_12abril_26,@IrvingDibujito,2026-04-11T21:26:39.000Z,2026-04-11T21:26:39+00:00,https://x.com/IrvingDibujito/status/2043078299815989667,"Hahaha es que voy a la feria, allí venden pura cosa pata.",0,0,1,0,0,reply_to:https://x.com/eljockeis/status/2043078043208655071,True,https://x.com/eljockeis/status/2043078043208655071
,2026-04-06_semana_06abril_12abril_26,@tammyarelav,2026-04-11T20:34:20.000Z,2026-04-11T20:34:20+00:00,https://x.com/tammyarelav/status/2043065132016627972,"Este tweet dio pie a que la gente opine de muchas cosas, q si voto por Belmont, Porky, etc. No diré explícitamente por quién voy a votar pero si me quejo de la política de siempre, no voy a votar por los mismos de SIEMPRE. Tengo que ser congruente no? No voy a votar por nieto oigannn",19,2,67,0,0,reply_to:https://x.com/AbbysMorr/status/2043071076628824203,True,https://x.com/AbbysMorr/status/2043071076628824203
,2026-04-06_semana_06abril_12abril_26,@QuePasaEnNL,2026-04-11T19:20:16.000Z,2026-04-11T19:20:16+00:00,https://x.com/LoQuePasaEnNL/status/2043046492848410894,No quiero ser agresivo ni mucho menos pero creo tenemos a el gobernador más inepto en la historia de Nuevo León.,117,78,547,0,0,reply_to:https://x.com/jsustaita_rdz/status/2043070143027147117,True,https://x.com/jsustaita_rdz/status/2043070143027147117
,2026-04-06_semana_06abril_12abril_26,@AMary42,2026-04-12T00:11:51.000Z,2026-04-12T00:11:51+00:00,https://x.com/AMary42/status/2043119871358087615,"Olga sosa pobre pndja, que les diste, a cuánto haciende el donativo, cuántos hospitales hay en tu región, a quien quieres engañar animal @olgapsosa",0,0,0,0,0,reply_to:https://x.com/olgapsosa/status/2043069852366061899,True,https://x.com/olgapsosa/status/2043069852366061899
,2026-04-06_semana_06abril_12abril_26,@MincienciasCo,2026-04-10T21:35:56.000Z,2026-04-10T21:35:56+00:00,https://x.com/MincienciasCo/status/2042718244742602940,"¡Orgullo para la ciencia colombiana! Desde @MincienciasCo reconocemos la labor de Liliana Villarreal, la ingeniera cartagenera que lidera el equipo de recuperación de la misión #ArtemisII de la @NASA. ​Su liderazgo en el amerizaje de la cápsula Orion es fundamental para el regreso de la humanidad al espacio profundo. ¡Liliana es inspiración pura para nuestras niñas, niños y jóvenes en la ciencia! ""El momento que podría ser el más desafiante de la misión para nosotros es esperar el amerizaje del vehículo después de entrar en la atmosfera"" ​""El momento que podría ser el más desafiante de la misión para nosotros es esperar el amerizaje del vehículo después de entrar en la atmósfera"". ​— Liliana Villarreal Liliana Villarreal, egresada de Georgia Tech, consolidó su trayectoria en Boeing y la NASA. Tras años liderando operaciones de carga para la Estación Espacial Internacional, hoy se posiciona como una de las figuras técnicas y operativas más influyentes en el Centro Espacial Kennedy, siendo referente mundial en materia aeroespacial. ""Yo lidero el equipo responsable de recuperar a la tritulación y la capsula tras su amerizaje en el Océano Pacifico al regreso de su viaje por la Luna. Nuestro equipo ha estado desarrollando el equipo terrestre, el marco conceptual de las operaciones y los procedimientos para garantizar el exito"". ​— Liliana Villarreal",174,1035,4250,0,0,reply_to:https://x.com/jeanfbridges/status/2043069490871562273,True,https://x.com/jeanfbridges/status/2043069490871562273
,2026-04-06_semana_06abril_12abril_26,@Pakofree,2026-04-12T20:26:15.000Z,2026-04-12T20:26:15+00:00,https://x.com/Pakofree/status/2043425485300933023,Después de todo el evento de Red Bull Batalla Quien fue: El mejor juez: El mejor participante: El mejor Flow: La mejor puesta en escena: El mejor punch: La decepción: La revelación: Quien merecía ser campeón: #mexico #redbull #chile #Tampico #batalladegallos,0,0,0,0,0,reply_to:https://x.com/Pakofree/status/2043068774111121806,True,https://x.com/Pakofree/status/2043068774111121806
,2026-04-06_semana_06abril_12abril_26,@feguz77,2026-04-11T15:13:02.000Z,2026-04-11T15:13:02+00:00,https://x.com/feguz77/status/2042984273117090272,"Sin competencia alguna, mi panadería preferida de la ciudad: pan huasteco tradicional, de queso y piloncillo. En la calle de Mixcalco, en pleno Centro Histórico. Seguro que al entrar al paraíso te dan tu pieza de pan de queso. Y al infierno también, para seguir pecando.",32,139,1126,0,0,reply_to:https://x.com/ladonastewart/status/2043067033961586876,True,https://x.com/ladonastewart/status/2043067033961586876
,2026-04-06_semana_06abril_12abril_26,@ANA_LOPEZP,2026-04-11T22:43:55.000Z,2026-04-11T22:43:55+00:00,https://x.com/ANA_LOPEZP/status/2043097742658965981,Tendrás cochinitos??,1,0,0,0,0,reply_to:https://x.com/ladonastewart/status/2043067033961586876,True,https://x.com/ladonastewart/status/2043067033961586876
,2026-04-06_semana_06abril_12abril_26,@algorebwb,2026-04-12T03:08:51.000Z,2026-04-12T03:08:51+00:00,https://x.com/algorebwb/status/2043164416003215641,"En Zacatlán, Puebla, también hacen pan con queso delicioso",0,0,2,0,0,reply_to:https://x.com/ladonastewart/status/2043067033961586876,True,https://x.com/ladonastewart/status/2043067033961586876
,2026-04-06_semana_06abril_12abril_26,@PIOrealtor,2026-04-11T22:56:03.000Z,2026-04-11T22:56:03+00:00,https://x.com/PIOrealtor/status/2043100798100357168,Es la CDMX?,0,0,0,0,0,reply_to:https://x.com/ladonastewart/status/2043067033961586876,True,https://x.com/ladonastewart/status/2043067033961586876
,2026-04-06_semana_06abril_12abril_26,@donguriweb,2026-04-10T20:58:38.000Z,2026-04-10T20:58:38+00:00,https://x.com/donguriweb/status/2042708860289585271,"It seems like it's reaching people in Mexico too. If you spot this post, I'd love it if you could let me know!",754,172,7359,0,0,reply_to:https://x.com/jackelaino/status/2043066270166204741,True,https://x.com/jackelaino/status/2043066270166204741
,2026-04-06_semana_06abril_12abril_26,@InSalonmx,2026-04-11T19:46:10.000Z,2026-04-11T19:46:10+00:00,https://x.com/InSalonmx/status/2043053009337225606,"Entre Dispensacionalismo pro sionista, dominionismo,reemplazo o plenitud tenemos que: 1/ El problema no es creer en profecía, ni en restauración, ni en el papel de Israel en la Escritura. El problema es confundir categorías distintas como si fueran una sola realidad continua.",1,1,0,0,0,reply_to:https://x.com/InSalonmx/status/2043065588285596102,True,https://x.com/InSalonmx/status/2043065588285596102
,2026-04-06_semana_06abril_12abril_26,@InSalonmx,2026-04-11T19:46:31.000Z,2026-04-11T19:46:31+00:00,https://x.com/InSalonmx/status/2043053099720294616,2/ Se está mezclando sin distinguir: •Israel bíblico (pacto en la Escritura) •Israel escatológico (Zion/restauración final) •Estado moderno de Israel (nación política actual) •interpretaciones rabínicas post-templo,1,0,0,0,0,reply_to:https://x.com/InSalonmx/status/2043065588285596102,True,https://x.com/InSalonmx/status/2043065588285596102
,2026-04-06_semana_06abril_12abril_26,@InSalonmx,2026-04-11T19:46:48.000Z,2026-04-11T19:46:48+00:00,https://x.com/InSalonmx/status/2043053171400970686,"3/ Cuando haces eso, la profecía deja de ser revelación y se convierte en geopolítica aplicada al presente. Ya no interpretas el texto: lo estás proyectando sobre el mundo actual.",1,0,0,0,0,reply_to:https://x.com/InSalonmx/status/2043065588285596102,True,https://x.com/InSalonmx/status/2043065588285596102
,2026-04-06_semana_06abril_12abril_26,@InSalonmx,2026-04-11T19:47:07.000Z,2026-04-11T19:47:07+00:00,https://x.com/InSalonmx/status/2043053250551656757,"4/ En el Mesías, la identidad de Israel no se reduce a un Estado ni a una etnicidad. La Escritura habla de un pueblo del pacto, un reino de sacerdotes, definidos por pertenencia al Mesías.",1,0,0,0,0,reply_to:https://x.com/InSalonmx/status/2043065588285596102,True,https://x.com/InSalonmx/status/2043065588285596102
,2026-04-06_semana_06abril_12abril_26,@InSalonmx,2026-04-11T19:47:31.000Z,2026-04-11T19:47:31+00:00,https://x.com/InSalonmx/status/2043053348492824900,"5/ No es teoría de reemplazo. Es continuidad del pacto en el Mesías: extranjeros, egipcios y naciones siempre han sido incluidos por fe, no por sangre o sistema político.",1,0,0,0,0,reply_to:https://x.com/InSalonmx/status/2043065588285596102,True,https://x.com/InSalonmx/status/2043065588285596102
,2026-04-06_semana_06abril_12abril_26,@InSalonmx,2026-04-11T19:48:22.000Z,2026-04-11T19:48:22+00:00,https://x.com/InSalonmx/status/2043053562448474493,"6/ El “templo” en la narrativa mesiánica no se limita a una estructura humana. Los creyentes son llamados templo, y la consumación final no es reconstrucción humana sino restauración divina. Cierto? @cesarvidal @Istarri1 ??",2,0,0,0,0,reply_to:https://x.com/InSalonmx/status/2043065588285596102,True,https://x.com/InSalonmx/status/2043065588285596102
,2026-04-06_semana_06abril_12abril_26,@Istarri1,2026-04-11T20:22:02.000Z,2026-04-11T20:22:02+00:00,https://x.com/Istarri1/status/2043062034820997138,El ISRAEL ESCATOLÓGICO abarcará no solo a los judíos que al final se conviertan a Jesucristo. También abarcará a los herejes que fueron dejando a la Santa Iglesia a lo largo de los siglos y a los apóstatas que piensan estar dentro y a los que se saben afuera.,2,0,0,0,0,reply_to:https://x.com/InSalonmx/status/2043065588285596102,True,https://x.com/InSalonmx/status/2043065588285596102
,2026-04-06_semana_06abril_12abril_26,@InSalonmx,2026-04-11T20:31:34.000Z,2026-04-11T20:31:34+00:00,https://x.com/InSalonmx/status/2043064436986904609,Claro… ahí tendríamos q definir si la Iglesia es una organización o un organismo vivo y si depende de una institución e instucionalidad o no.,1,0,0,0,0,reply_to:https://x.com/InSalonmx/status/2043065588285596102,True,https://x.com/InSalonmx/status/2043065588285596102
,2026-04-06_semana_06abril_12abril_26,@InSalonmx,2026-04-11T20:34:20.000Z,2026-04-11T20:34:20+00:00,https://x.com/InSalonmx/status/2043065134285718011,"Pues la Salvación es por Gracia y por el Don de fidelidad/ Fe q es otorgado por, a tavés y para la Gloria de Nuestro Señor. Sólo él puede juzgar quién es verdadero creyente y quien no mas allá de instituciones, órdenes o denominaciones religiosas, pues todas tiene contradicciones",1,0,0,0,0,reply_to:https://x.com/InSalonmx/status/2043065588285596102,True,https://x.com/InSalonmx/status/2043065588285596102
,2026-04-06_semana_06abril_12abril_26,@InSalonmx,2026-04-11T20:35:21.000Z,2026-04-11T20:35:21+00:00,https://x.com/InSalonmx/status/2043065388108271792,Si se pasan por el crisol de Las Escrituras y cada uno va comprendiendo conforme se va recibiendo luz a través de la oración y el estudio de Su Palabra.,1,0,0,0,0,reply_to:https://x.com/InSalonmx/status/2043065588285596102,True,https://x.com/InSalonmx/status/2043065588285596102
,2026-04-06_semana_06abril_12abril_26,@kobebiny1,2026-04-11T08:00:16.000Z,2026-04-11T08:00:16+00:00,https://x.com/kobebiny1/status/2042875365991805153,The greatest trio of all time !!!,51,160,389,0,0,reply_to:https://x.com/Mants_96/status/2043060571486974442,True,https://x.com/Mants_96/status/2043060571486974442
,2026-04-06_semana_06abril_12abril_26,@Mants_96,2026-04-11T12:48:16.000Z,2026-04-11T12:48:16+00:00,https://x.com/Mants_96/status/2042947841706872968,It doesn’t hit like before,1,0,1,0,0,reply_to:https://x.com/Mants_96/status/2043060571486974442,True,https://x.com/Mants_96/status/2043060571486974442
,2026-04-06_semana_06abril_12abril_26,@Nii_Nyavor,2026-04-11T19:43:03.000Z,2026-04-11T19:43:03+00:00,https://x.com/Nii_Nyavor/status/2043052226776531202,Oh Chale !! Last time I had one yogurt and I was Completely Disappointed I was like fanyogo used to be luxury sometime ago now SMH,1,0,1,0,0,reply_to:https://x.com/Mants_96/status/2043060571486974442,True,https://x.com/Mants_96/status/2043060571486974442
,2026-04-06_semana_06abril_12abril_26,@FreddyOliviery,2026-04-11T02:43:56.000Z,2026-04-11T02:43:56+00:00,https://x.com/FreddyOliviery/status/2042795759037223149,Solo los panistas y los narcos opinan igual que @EVerastegui. El 90% respaldamos y creemos que @lopezobrador_ ha sido el mejor presidente que ha tenido México,482,124,326,0,0,reply_to:https://x.com/Holmosapiens/status/2043039800681259381,True,https://x.com/Holmosapiens/status/2043039800681259381
,2026-04-06_semana_06abril_12abril_26,@AltamiraBrilla,2026-04-11T18:50:47.000Z,2026-04-11T18:50:47+00:00,https://x.com/AltamiraBrilla/status/2043039072218665177,,0,0,0,0,0,reply_to:https://x.com/AltamiraBrilla/status/2043038766328070313,True,https://x.com/AltamiraBrilla/status/2043038766328070313
,2026-04-06_semana_06abril_12abril_26,@NannaClawthorne,2026-04-11T19:11:00.000Z,2026-04-11T19:11:00+00:00,https://x.com/NannaClawthorne/status/2043044162287665180,"Así que como tal no extraño todos los factores que me llevaron a ese peso, como que es raro relacionar un momento donde me sentía cómoda cob mis físico pero todo lo demás estaba dlv",0,0,0,0,0,reply_to:https://x.com/NannaClawthorne/status/2043043866849222799,True,https://x.com/NannaClawthorne/status/2043043866849222799
,2026-04-06_semana_06abril_12abril_26,@JMilei,2026-04-10T22:33:08.000Z,2026-04-10T22:33:08+00:00,https://x.com/JMilei/status/2042732643330973969,Yo avisé... #DataBCRA | Encontrá la lista de #PrincipalesVariables en: https://bcra.gob.ar/estadisticas-indicadores/… #ReservasBCRA,1037,1661,12229,0,0,reply_to:https://x.com/Hilena947256/status/2043043714440761436,True,https://x.com/Hilena947256/status/2043043714440761436
,2026-04-06_semana_06abril_12abril_26,@carmen_tecce,2026-04-11T17:17:24.000Z,2026-04-11T17:17:24+00:00,https://x.com/carmen_tecce/status/2043015572737171580,"Yo también te aviso,segui boludiando ...los jubilados 300 mil y pico ...8 millones los hdeputa q calientan sillas y cuantas horas laburan ? Vos crees que serás reelecto?",7,0,8,0,0,reply_to:https://x.com/Hilena947256/status/2043043714440761436,True,https://x.com/Hilena947256/status/2043043714440761436
,2026-04-06_semana_06abril_12abril_26,@markzmontalvoo,2026-04-11T01:57:11.000Z,2026-04-11T01:57:11+00:00,,El grupo Tampico-madero se une a la pena que embarga ala fam Mireles Sáenz de nuestro querido amigo Martiniano Mireles QEPD . QEPD,0,5,4,0,0,reply_to:https://x.com/markzmontalvoo/status/2043042570897350984,True,https://x.com/markzmontalvoo/status/2043042570897350984
,2026-04-06_semana_06abril_12abril_26,@JuaneloPakal,2026-04-12T07:56:07.000Z,2026-04-12T07:56:07+00:00,https://x.com/JuaneloPakal/status/2043236707177201735,Asu tambien me interesa,0,0,0,0,0,reply_to:https://x.com/anselmo_mp/status/2043030135574520159,True,https://x.com/anselmo_mp/status/2043030135574520159
,2026-04-06_semana_06abril_12abril_26,@Cinemex,2026-04-11T14:00:58.000Z,2026-04-11T14:00:58+00:00,https://x.com/Cinemex/status/2042966137479270838,"PLAN DE LA SEMANA RESUELTO ¿Drama? ¿Acción? ¿Caos? ¿K-pop? Sí, todo eso",5,0,61,0,0,reply_to:https://x.com/banspeedru85817/status/2043028137592717369,True,https://x.com/banspeedru85817/status/2043028137592717369
,2026-04-06_semana_06abril_12abril_26,@Gabreistol,2026-04-11T14:51:40.000Z,2026-04-11T14:51:40+00:00,https://x.com/Gabreistol/status/2042978897688424736,"!HOLA! Cinemex pido amablemente la reapertura del cinemex de Poza Rica, En la plaza Gran Patio, Lleva cerrado desdes Noviembre y nos gustaria poder ver el estreno de Digital Circus el 4 de Junio",1,0,5,0,0,reply_to:https://x.com/banspeedru85817/status/2043028137592717369,True,https://x.com/banspeedru85817/status/2043028137592717369
,2026-04-06_semana_06abril_12abril_26,@AMary42,2026-04-12T00:29:59.000Z,2026-04-12T00:29:59+00:00,https://x.com/AMary42/status/2043124434752417989,"@olgapsosa Poor dude, just one hospital",0,0,0,0,0,reply_to:https://x.com/olgapsosa/status/2043027988628017614,True,https://x.com/olgapsosa/status/2043027988628017614
,2026-04-06_semana_06abril_12abril_26,@YZhong82183,2026-04-12T02:26:39.000Z,2026-04-12T02:26:39+00:00,https://x.com/YZhong82183/status/2043153795388154086,,0,0,0,0,0,reply_to:https://x.com/olgapsosa/status/2043027988628017614,True,https://x.com/olgapsosa/status/2043027988628017614
,2026-04-06_semana_06abril_12abril_26,@Alex_Diaz_68,2026-04-11T12:48:21.000Z,2026-04-11T12:48:21+00:00,https://x.com/Alex_Diaz_68/status/2042947864926605802,"Se supone que la cápsula lunar tiene una velocidad de entrada en la atmósfera de 40.000 Km hora, se supone que pesa 9000 Kg. Si la lanzáramos de un avión a 9000 m. de altura antes de estrellarse iría a 600 Km/h ¿Alguien me puede explicar cómo se puede frenar con unos paracaídas a 600 Km/h? ¿Alguien puede explicar a qué velocidad iría a 20.000 m si es que viene del espacio?",1065,640,2456,0,0,reply_to:https://x.com/EstradeGer37305/status/2043018247595819102,True,https://x.com/EstradeGer37305/status/2043018247595819102
,2026-04-06_semana_06abril_12abril_26,@VeraDieguito,2026-04-11T13:55:07.000Z,2026-04-11T13:55:07+00:00,https://x.com/VeraDieguito/status/2042964665290859003,Confundir velocidad de entrada con velocidad de despliegue es un nivel de ignorancia épico. La atmósfera hace el 99% del trabajo por fricción y calor. Los paracaídas son solo para el toque final. Menos hilos de conspiración y más libros de física de secundaria.,23,15,901,0,0,reply_to:https://x.com/EstradeGer37305/status/2043018247595819102,True,https://x.com/EstradeGer37305/status/2043018247595819102
,2026-04-06_semana_06abril_12abril_26,@ThorOdinJr,2026-04-11T16:54:19.000Z,2026-04-11T16:54:19+00:00,https://x.com/ThorOdinJr/status/2043009765316436466,(Para educarme) O sea que el “frenado mayor” se da cuando “choca” con la atmósfera ?,1,0,1,0,0,reply_to:https://x.com/EstradeGer37305/status/2043018247595819102,True,https://x.com/EstradeGer37305/status/2043018247595819102
,2026-04-06_semana_06abril_12abril_26,@VeraDieguito,2026-04-11T16:58:02.000Z,2026-04-11T16:58:02+00:00,https://x.com/VeraDieguito/status/2043010698238660815,"¡Exacto! El aire a 40,000 km/h se comporta como un muro. La cápsula frena por compresión adiabática: el aire no logra apartarse y se amontona, convirtiendo energía cinética en calor extremo. Es como saltar al agua a gran velocidad: el fluido se siente sólido.",1,0,8,0,0,reply_to:https://x.com/EstradeGer37305/status/2043018247595819102,True,https://x.com/EstradeGer37305/status/2043018247595819102
,2026-04-06_semana_06abril_12abril_26,@Rheypower,2026-04-11T13:03:23.000Z,2026-04-11T13:03:23+00:00,https://x.com/Rheypower/status/2042951646460686663,Gentil recordatorio el 98% de los Saiyans no llegaban a nivel planetario sin convertirse en Ozaru. Viltrumites vs Saiyans.,207,73,2098,0,0,reply_to:https://x.com/Sato_Tontito/status/2043015504088973612,True,https://x.com/Sato_Tontito/status/2043015504088973612
,2026-04-06_semana_06abril_12abril_26,@caiobafelip,2026-04-11T15:43:36.000Z,2026-04-11T15:43:36+00:00,,"Tampico com Red Label, KKKKKKKKKKKKKKKKKKKKKKKKK Speedboat and ATV: Man arrested for biggest heist in MT flaunted it on the web Images posted on a social network show Pablo Henrique Franco, arrested last Thursday (9/4), flaunting on social media Read in the Na Mira column, by @carloscarone78",0,0,2,0,0,reply_to:https://x.com/caiobafelip/status/2043008621668163988,True,https://x.com/caiobafelip/status/2043008621668163988
