tipo,url,post_url_padre,fecha,texto,num_comentarios
POST,https://www.facebook.com/monicavtampico/posts/pfbid0F3Ux9e6mjNVJpdmhcYWB3baxpnLkWhYy34GqHC9w876JcJVtgRD2AmixNQLQ8bzGl,,2026-03-16T02:31:38.000Z,"Hoy vivimos un momento muy especial en el Parque Lineal del Puente Tampico con la presentación de la obra testimonial “Las Despicadoras del Oro Rojo”, un homenaje lleno de orgullo para las mujeres que, con su trabajo y esfuerzo, han sostenido por generaciones una actividad que forma parte de la identidad de nuestro puerto. 🦐

Fue muy emotivo ver a muchas de las propias despicadoras arriba del escenario, compartiendo su historia a través del arte, acompañadas por más de 400 artistas que hicieron posible esta gran producción.

Me dio mucho gusto acompañar al gobernador, Dr. Américo Villarreal Anaya, a la presidenta del DIF Tamaulipas, Dra. María de Villarreal, y a la presidenta del DIF Tampico, Luz Adriana Villarreal Anaya. Además, se entregó equipamiento como playeras, delantales y botas para apoyar y fortalecer las condiciones en las que realizan su importante labor.

En Tampico vamos a seguir reconociendo su historia, dignificando su trabajo y abriendo más oportunidades para su bienestar.

#TampicoVaConTodos
#TampicoTeCuida",92
POST,https://www.facebook.com/monicavtampico/posts/pfbid0betvtonjpnkmxS8Cty2qfHBjYhxrLLEbcmr5EDKhhPw87h4ZBrggWMmYpQ6RzgSbl,,2026-03-16T19:38:53.000Z,[Contenido sin texto o solo multimedia],27
POST,https://www.facebook.com/monicavtampico/posts/pfbid02oUWtfw7ghPdCYgw8ZMMEhPiMtzXq4VrLawGSRyahtz6zp1a4fqiwzWpmDszgFCBjl,,2026-03-17T16:38:28.000Z,"Asistí a la reunión de la Mesa de Paz en Altamira, un espacio fundamental para fortalecer la coordinación entre autoridades y dar continuidad a las acciones que contribuyen a la seguridad en la zona sur de Tamaulipas.

En este marco, también se realizó el banderazo del programa “Heroínas y Héroes Paisanos”, Operativo Especial Semana Santa 2026, con el objetivo de brindar atención, orientación y seguridad a quienes transitan por nuestra región.

Contamos con la participación de representantes de los tres órdenes de gobierno, con quienes trabajamos de manera conjunta en favor de la ciudadanía.

Reafirmo mi compromiso de seguir sumando esfuerzos, con responsabilidad y diálogo, para brindar mayor tranquilidad a las familias de nuestra región.",27
POST,https://www.facebook.com/reel/1429893698802924/,,2026-03-18T02:38:10.000Z,"Esta tarde inauguramos el gran trabajo de rehabilitación del parque Baby Pérez en la colonia Jesús Elías Piña.

#TampicoVaconTodos.
#TampicoteCuida.",43
POST,https://www.facebook.com/monicavtampico/posts/pfbid02hJR6TPLgaHnLUBg7vbm9eEq4HhbuENnJK9nwJY3g8iTijRFatgG7JziZRgVZbaLHl,,2026-03-19T20:43:17.000Z,"Esta mañana Asisití al IV Foro Estatal del Agua: “Agua, motor de desarrollo en Tamaulipas”, un espacio donde gobierno, industria y sociedad suman esfuerzos por el futuro de nuestra región.

Durante este foro escuchamos propuestas como la economía circular con soluciones concretas, la irrigación regenerativa, el reúso de aguas y el proyecto Génesis impulsado por la Secretaría de Recursos Hidráulicos para el Desarrollo Social y AISTAC.

Como sociedad, nos toca corresponder a este esfuerzo: cuidar el agua, hacer un uso responsable y participar activamente en su preservación.

En Tampico seguimos trabajando con responsabilidad y visión a futuro, porque garantizar el agua es garantizar la vida de las próximas generaciones.

#TampicoVaConTodos
#TampicoTeCuida",32
POST,https://www.facebook.com/reel/785931874567154/,,2026-03-20T16:11:13.000Z,"¡Los esperamos en la zona sur para vivir una Semana Santa llena de alegría, tradición y momentos inolvidables! ☀️🌊

Tenemos preparadas muchas actividades para que todas las familias disfruten y se lleven lo mejor de Tampico. 🙌🏻

Gracias a nuestros amigos de Telediario Mty por la entrevista y por ayudarnos a compartir todo lo que nuestra zona conurbada tiene para ofrecer.

#TampicoVaConTodos
#TampicoTeCuida",42
POST,https://www.facebook.com/reel/901841016049759/,,2026-03-21T15:48:32.000Z,"Estamos listos para recibirlos en esta Semana Santa con historia, cultura, naturaleza y muchas experiencias para disfrutar en familia.

Los esperamos con los brazos abiertos para que vivan y se enamoren de nuestra ciudad. 

Gracias a Telediario Mty por este valioso espacio para compartir todo lo que Tampico tiene para ofrecer y llevar nuestra oferta turística a más personas.

#TampicoVaconTodos
#TampicoteCuida",76
POST,https://www.facebook.com/monicavtampico/posts/pfbid0bPPUY2cjzjdvNrAW7d2SYSs5B2dDuH66SWNW1fdepHF8bowggdtbvz5Pm1apPcbwl,,2026-03-21T23:52:01.000Z,"Todos los logros son colectivos, gracias Lic. Gracia Elena Medina por el trabajo dedicado y bien hecho a favor de la mediación. Tampico avanza y se fortalece en acciones que construyen paz Felicidades a todos los participantes.",14
COMENTARIO,https://www.facebook.com/monicavtampico/posts/pfbid0bPPUY2cjzjdvNrAW7d2SYSs5B2dDuH66SWNW1fdepHF8bowggdtbvz5Pm1apPcbwl?comment_id=1469854291397145,https://www.facebook.com/monicavtampico/posts/pfbid0bPPUY2cjzjdvNrAW7d2SYSs5B2dDuH66SWNW1fdepHF8bowggdtbvz5Pm1apPcbwl,2026-03-22T16:38:11.000Z,Excelente 👏,
COMENTARIO,https://www.facebook.com/monicavtampico/posts/pfbid0bPPUY2cjzjdvNrAW7d2SYSs5B2dDuH66SWNW1fdepHF8bowggdtbvz5Pm1apPcbwl?comment_id=1473064217518168,https://www.facebook.com/monicavtampico/posts/pfbid0bPPUY2cjzjdvNrAW7d2SYSs5B2dDuH66SWNW1fdepHF8bowggdtbvz5Pm1apPcbwl,2026-03-22T04:23:53.000Z,"Excelente trabajo, siempre bajo las directrices del Gobierno de Tampico MVA",
COMENTARIO,https://www.facebook.com/monicavtampico/posts/pfbid0bPPUY2cjzjdvNrAW7d2SYSs5B2dDuH66SWNW1fdepHF8bowggdtbvz5Pm1apPcbwl?comment_id=2327862844372417,https://www.facebook.com/monicavtampico/posts/pfbid0bPPUY2cjzjdvNrAW7d2SYSs5B2dDuH66SWNW1fdepHF8bowggdtbvz5Pm1apPcbwl,2026-03-22T04:04:02.000Z,Seguimos construyendo junt@s el camino de la paz.,
COMENTARIO,https://www.facebook.com/monicavtampico/posts/pfbid0bPPUY2cjzjdvNrAW7d2SYSs5B2dDuH66SWNW1fdepHF8bowggdtbvz5Pm1apPcbwl?comment_id=1923545448530557,https://www.facebook.com/monicavtampico/posts/pfbid0bPPUY2cjzjdvNrAW7d2SYSs5B2dDuH66SWNW1fdepHF8bowggdtbvz5Pm1apPcbwl,2026-03-22T03:54:42.000Z,"Construyendo una mejor sociedad, muchas felicidades a la coordinación Municipio -UAT enhorabuena",
COMENTARIO,https://www.facebook.com/reel/901841016049759/?comment_id=800081496476380,https://www.facebook.com/reel/901841016049759/,2026-03-22T19:55:57.000Z,🫶🏻🫂❤️,
COMENTARIO,https://www.facebook.com/reel/901841016049759/?comment_id=904823765658304,https://www.facebook.com/reel/901841016049759/,2026-03-22T17:55:03.000Z,Exelente trabajo presidenta,
COMENTARIO,https://www.facebook.com/reel/901841016049759/?comment_id=2841814636025645,https://www.facebook.com/reel/901841016049759/,2026-03-22T17:46:26.000Z,Tampico  hermoso😍💚 bello x todos sus lugares turísticos orgullo de mi tierra k me vio nacer#yoamotampico,
COMENTARIO,https://www.facebook.com/reel/901841016049759/?comment_id=3483100278521365,https://www.facebook.com/reel/901841016049759/,2026-03-22T16:24:14.000Z,Excelente 👏👏❤️,
COMENTARIO,https://www.facebook.com/reel/785931874567154/?comment_id=1251624779839469,https://www.facebook.com/reel/785931874567154/,2026-03-21T15:36:59.000Z,Playa Yupi gracias presidentes,
COMENTARIO,https://www.facebook.com/reel/785931874567154/?comment_id=986230340395175,https://www.facebook.com/reel/785931874567154/,2026-03-21T15:13:16.000Z,Hermoso nuestro puerto 🫶,
COMENTARIO,https://www.facebook.com/reel/785931874567154/?comment_id=1584992416124895,https://www.facebook.com/reel/785931874567154/,2026-03-21T04:49:11.000Z,Bienvenidos,
COMENTARIO,https://www.facebook.com/monicavtampico/posts/pfbid02hJR6TPLgaHnLUBg7vbm9eEq4HhbuENnJK9nwJY3g8iTijRFatgG7JziZRgVZbaLHl?comment_id=2012641259684990,https://www.facebook.com/monicavtampico/posts/pfbid02hJR6TPLgaHnLUBg7vbm9eEq4HhbuENnJK9nwJY3g8iTijRFatgG7JziZRgVZbaLHl,2026-03-21T22:57:27.000Z,Excelente,
COMENTARIO,https://www.facebook.com/monicavtampico/posts/pfbid02hJR6TPLgaHnLUBg7vbm9eEq4HhbuENnJK9nwJY3g8iTijRFatgG7JziZRgVZbaLHl?comment_id=1640595567079869,https://www.facebook.com/monicavtampico/posts/pfbid02hJR6TPLgaHnLUBg7vbm9eEq4HhbuENnJK9nwJY3g8iTijRFatgG7JziZRgVZbaLHl,2026-03-21T15:14:24.000Z,Excelente foro 👏,
COMENTARIO,https://www.facebook.com/monicavtampico/posts/pfbid02hJR6TPLgaHnLUBg7vbm9eEq4HhbuENnJK9nwJY3g8iTijRFatgG7JziZRgVZbaLHl?comment_id=1874260836557660,https://www.facebook.com/monicavtampico/posts/pfbid02hJR6TPLgaHnLUBg7vbm9eEq4HhbuENnJK9nwJY3g8iTijRFatgG7JziZRgVZbaLHl,2026-03-21T13:34:45.000Z,💯💯💯👏🏻👏🏻,
COMENTARIO,https://www.facebook.com/monicavtampico/posts/pfbid02hJR6TPLgaHnLUBg7vbm9eEq4HhbuENnJK9nwJY3g8iTijRFatgG7JziZRgVZbaLHl?comment_id=1570359597995193,https://www.facebook.com/monicavtampico/posts/pfbid02hJR6TPLgaHnLUBg7vbm9eEq4HhbuENnJK9nwJY3g8iTijRFatgG7JziZRgVZbaLHl,2026-03-21T04:25:37.000Z,PRODUCTOS PERSONALIZADOS ✨ PuntadArt,
COMENTARIO,https://www.facebook.com/monicavtampico/posts/pfbid02hJR6TPLgaHnLUBg7vbm9eEq4HhbuENnJK9nwJY3g8iTijRFatgG7JziZRgVZbaLHl?comment_id=3137767956425122,https://www.facebook.com/monicavtampico/posts/pfbid02hJR6TPLgaHnLUBg7vbm9eEq4HhbuENnJK9nwJY3g8iTijRFatgG7JziZRgVZbaLHl,2026-03-20T16:53:42.000Z,Eventazo 💯,
COMENTARIO,https://www.facebook.com/monicavtampico/posts/pfbid02hJR6TPLgaHnLUBg7vbm9eEq4HhbuENnJK9nwJY3g8iTijRFatgG7JziZRgVZbaLHl?comment_id=2321331288358582,https://www.facebook.com/monicavtampico/posts/pfbid02hJR6TPLgaHnLUBg7vbm9eEq4HhbuENnJK9nwJY3g8iTijRFatgG7JziZRgVZbaLHl,2026-03-20T05:05:48.000Z,Excelente Alcaldesa🌹,
COMENTARIO,https://www.facebook.com/reel/1429893698802924/?comment_id=1301768038807343,https://www.facebook.com/reel/1429893698802924/,2026-03-21T16:28:12.000Z,Que bello quedó,
COMENTARIO,https://www.facebook.com/reel/1429893698802924/?comment_id=1698585477971181,https://www.facebook.com/reel/1429893698802924/,2026-03-19T15:51:17.000Z,Muy merecido.... Quedó muy bonito el Parque,
COMENTARIO,https://www.facebook.com/reel/1429893698802924/?comment_id=1266308161577807,https://www.facebook.com/reel/1429893698802924/,2026-03-19T04:03:48.000Z,"Excelente corte de listón para un excelente parque 🎉, ahora a disfrutar y cuidar nuestro Baby Pérez. 🥳",
COMENTARIO,https://www.facebook.com/reel/1429893698802924/?comment_id=1406534447938540,https://www.facebook.com/reel/1429893698802924/,2026-03-18T19:03:59.000Z,Gracias por hacer su trabajo presi,
COMENTARIO,https://www.facebook.com/reel/1429893698802924/?comment_id=1285101637136037,https://www.facebook.com/reel/1429893698802924/,2026-03-18T16:03:31.000Z,Muchas felicidades!.,
COMENTARIO,https://www.facebook.com/reel/1429893698802924/?comment_id=4199292133734965,https://www.facebook.com/reel/1429893698802924/,2026-03-18T15:03:24.000Z,Súper bien!!!,
COMENTARIO,https://www.facebook.com/monicavtampico/posts/pfbid02oUWtfw7ghPdCYgw8ZMMEhPiMtzXq4VrLawGSRyahtz6zp1a4fqiwzWpmDszgFCBjl?comment_id=813828485073283,https://www.facebook.com/monicavtampico/posts/pfbid02oUWtfw7ghPdCYgw8ZMMEhPiMtzXq4VrLawGSRyahtz6zp1a4fqiwzWpmDszgFCBjl,2026-03-18T13:52:40.000Z,Importante actividad!,
COMENTARIO,https://www.facebook.com/monicavtampico/posts/pfbid02oUWtfw7ghPdCYgw8ZMMEhPiMtzXq4VrLawGSRyahtz6zp1a4fqiwzWpmDszgFCBjl?comment_id=1504940450963551,https://www.facebook.com/monicavtampico/posts/pfbid02oUWtfw7ghPdCYgw8ZMMEhPiMtzXq4VrLawGSRyahtz6zp1a4fqiwzWpmDszgFCBjl,2026-03-18T10:11:01.000Z,Excelente Laborrrr,
COMENTARIO,https://www.facebook.com/monicavtampico/posts/pfbid02oUWtfw7ghPdCYgw8ZMMEhPiMtzXq4VrLawGSRyahtz6zp1a4fqiwzWpmDszgFCBjl?comment_id=788486704323382,https://www.facebook.com/monicavtampico/posts/pfbid02oUWtfw7ghPdCYgw8ZMMEhPiMtzXq4VrLawGSRyahtz6zp1a4fqiwzWpmDszgFCBjl,2026-03-17T21:54:25.000Z,"Excelente inicio de semana, saludos y Bendiciones.",
COMENTARIO,https://www.facebook.com/monicavtampico/posts/pfbid02oUWtfw7ghPdCYgw8ZMMEhPiMtzXq4VrLawGSRyahtz6zp1a4fqiwzWpmDszgFCBjl?comment_id=2361327771037284,https://www.facebook.com/monicavtampico/posts/pfbid02oUWtfw7ghPdCYgw8ZMMEhPiMtzXq4VrLawGSRyahtz6zp1a4fqiwzWpmDszgFCBjl,2026-03-17T19:16:16.000Z,"feliz y productiva semana Alcaldesa, saludos cordiales",
COMENTARIO,https://www.facebook.com/monicavtampico/posts/pfbid0betvtonjpnkmxS8Cty2qfHBjYhxrLLEbcmr5EDKhhPw87h4ZBrggWMmYpQ6RzgSbl?comment_id=915096874754666,https://www.facebook.com/monicavtampico/posts/pfbid0betvtonjpnkmxS8Cty2qfHBjYhxrLLEbcmr5EDKhhPw87h4ZBrggWMmYpQ6RzgSbl,2026-03-18T22:07:27.000Z,"Excelente trabajo de un Gobierno Humanista comprometido con los Tampiqueños desde el primer día, continúen así.",
COMENTARIO,https://www.facebook.com/monicavtampico/posts/pfbid0betvtonjpnkmxS8Cty2qfHBjYhxrLLEbcmr5EDKhhPw87h4ZBrggWMmYpQ6RzgSbl?comment_id=1265338714925785,https://www.facebook.com/monicavtampico/posts/pfbid0betvtonjpnkmxS8Cty2qfHBjYhxrLLEbcmr5EDKhhPw87h4ZBrggWMmYpQ6RzgSbl,2026-03-18T15:51:59.000Z,Tampico te cuida ❤️,
COMENTARIO,https://www.facebook.com/monicavtampico/posts/pfbid0betvtonjpnkmxS8Cty2qfHBjYhxrLLEbcmr5EDKhhPw87h4ZBrggWMmYpQ6RzgSbl?comment_id=2477710362689115,https://www.facebook.com/monicavtampico/posts/pfbid0betvtonjpnkmxS8Cty2qfHBjYhxrLLEbcmr5EDKhhPw87h4ZBrggWMmYpQ6RzgSbl,2026-03-17T18:26:29.000Z,"""¡Seguimos trabajando! Bajo la coordinación de la presidenta municipal, nuestro equipo de Protección Civil, Bomberos, Servicios Públicos, obras públicas y Tránsito y Vialidad continúa apoyando a la ciudadanía.",
COMENTARIO,https://www.facebook.com/monicavtampico/posts/pfbid0betvtonjpnkmxS8Cty2qfHBjYhxrLLEbcmr5EDKhhPw87h4ZBrggWMmYpQ6RzgSbl?comment_id=2398034197380207,https://www.facebook.com/monicavtampico/posts/pfbid0betvtonjpnkmxS8Cty2qfHBjYhxrLLEbcmr5EDKhhPw87h4ZBrggWMmYpQ6RzgSbl,2026-03-17T17:16:38.000Z,Buen trabajo,
COMENTARIO,https://www.facebook.com/monicavtampico/posts/pfbid0betvtonjpnkmxS8Cty2qfHBjYhxrLLEbcmr5EDKhhPw87h4ZBrggWMmYpQ6RzgSbl?comment_id=908265635519340,https://www.facebook.com/monicavtampico/posts/pfbid0betvtonjpnkmxS8Cty2qfHBjYhxrLLEbcmr5EDKhhPw87h4ZBrggWMmYpQ6RzgSbl,2026-03-17T13:30:54.000Z,Muy bien,
COMENTARIO,https://www.facebook.com/monicavtampico/posts/pfbid0F3Ux9e6mjNVJpdmhcYWB3baxpnLkWhYy34GqHC9w876JcJVtgRD2AmixNQLQ8bzGl?comment_id=1293008272735585,https://www.facebook.com/monicavtampico/posts/pfbid0F3Ux9e6mjNVJpdmhcYWB3baxpnLkWhYy34GqHC9w876JcJVtgRD2AmixNQLQ8bzGl,2026-03-18T15:50:25.000Z,Excelente obra y muy emotiva ❤️❤️❤️,
COMENTARIO,https://www.facebook.com/monicavtampico/posts/pfbid0F3Ux9e6mjNVJpdmhcYWB3baxpnLkWhYy34GqHC9w876JcJVtgRD2AmixNQLQ8bzGl?comment_id=919878130777820,https://www.facebook.com/monicavtampico/posts/pfbid0F3Ux9e6mjNVJpdmhcYWB3baxpnLkWhYy34GqHC9w876JcJVtgRD2AmixNQLQ8bzGl,2026-03-18T03:18:00.000Z,Padrísimo realce a las despicadoras!!!,
COMENTARIO,https://www.facebook.com/monicavtampico/posts/pfbid0F3Ux9e6mjNVJpdmhcYWB3baxpnLkWhYy34GqHC9w876JcJVtgRD2AmixNQLQ8bzGl?comment_id=824258716601669,https://www.facebook.com/monicavtampico/posts/pfbid0F3Ux9e6mjNVJpdmhcYWB3baxpnLkWhYy34GqHC9w876JcJVtgRD2AmixNQLQ8bzGl,2026-03-18T00:23:56.000Z,Enhorabuena gran evento!!,
COMENTARIO,https://www.facebook.com/monicavtampico/posts/pfbid0F3Ux9e6mjNVJpdmhcYWB3baxpnLkWhYy34GqHC9w876JcJVtgRD2AmixNQLQ8bzGl?comment_id=965571376129752,https://www.facebook.com/monicavtampico/posts/pfbid0F3Ux9e6mjNVJpdmhcYWB3baxpnLkWhYy34GqHC9w876JcJVtgRD2AmixNQLQ8bzGl,2026-03-17T19:32:36.000Z,"Deben de darles un reconocimiento en efectivo, les servirá de aliciente para llevar algo a sus familias, ya que su paga es una miseria abusan de las necesidades de todas ellas las empresas que las contratan!.",
COMENTARIO,https://www.facebook.com/monicavtampico/posts/pfbid0F3Ux9e6mjNVJpdmhcYWB3baxpnLkWhYy34GqHC9w876JcJVtgRD2AmixNQLQ8bzGl?comment_id=1587962638923498,https://www.facebook.com/monicavtampico/posts/pfbid0F3Ux9e6mjNVJpdmhcYWB3baxpnLkWhYy34GqHC9w876JcJVtgRD2AmixNQLQ8bzGl,2026-03-17T17:17:16.000Z,👏🏻👏🏻👏🏻👏🏻,
COMENTARIO,https://www.facebook.com/monicavtampico/posts/pfbid0F3Ux9e6mjNVJpdmhcYWB3baxpnLkWhYy34GqHC9w876JcJVtgRD2AmixNQLQ8bzGl?comment_id=2200249374078673,https://www.facebook.com/monicavtampico/posts/pfbid0F3Ux9e6mjNVJpdmhcYWB3baxpnLkWhYy34GqHC9w876JcJVtgRD2AmixNQLQ8bzGl,2026-03-17T15:13:24.000Z,"Excelente obra de vida.  Reconocer a mujeres que rua a día trabajan incansablemente.    Las despicadoras.  Un orgullo de mujeres guerreras, lechonas.   Mi reconocimiento. Admiración.    Gracias Dra Luz Adriana Villarreal por su excelente trabajo 💜💜",
COMENTARIO,https://www.facebook.com/monicavtampico/posts/pfbid0F3Ux9e6mjNVJpdmhcYWB3baxpnLkWhYy34GqHC9w876JcJVtgRD2AmixNQLQ8bzGl?comment_id=1481675726861789,https://www.facebook.com/monicavtampico/posts/pfbid0F3Ux9e6mjNVJpdmhcYWB3baxpnLkWhYy34GqHC9w876JcJVtgRD2AmixNQLQ8bzGl,2026-03-17T04:54:13.000Z,"El arte, cultura con testimonio real de las despicadoras nos conmovieron con esta presentación. Enhorabuena para nuestra alcaldesa y nuestra presidenta de DIF Tampico .",
COMENTARIO,https://www.facebook.com/monicavtampico/posts/pfbid0F3Ux9e6mjNVJpdmhcYWB3baxpnLkWhYy34GqHC9w876JcJVtgRD2AmixNQLQ8bzGl?comment_id=1457422929507277,https://www.facebook.com/monicavtampico/posts/pfbid0F3Ux9e6mjNVJpdmhcYWB3baxpnLkWhYy34GqHC9w876JcJVtgRD2AmixNQLQ8bzGl,2026-03-17T03:39:22.000Z,"Todo,un,éxito saludos cordiales para todos ustedes y muchas Bendiciones",
COMENTARIO,https://www.facebook.com/monicavtampico/posts/pfbid0F3Ux9e6mjNVJpdmhcYWB3baxpnLkWhYy34GqHC9w876JcJVtgRD2AmixNQLQ8bzGl?comment_id=1693194641844769,https://www.facebook.com/monicavtampico/posts/pfbid0F3Ux9e6mjNVJpdmhcYWB3baxpnLkWhYy34GqHC9w876JcJVtgRD2AmixNQLQ8bzGl,2026-03-17T02:37:15.000Z,"Increíble, realista y muy emotiva.",
COMENTARIO,https://www.facebook.com/monicavtampico/posts/pfbid0F3Ux9e6mjNVJpdmhcYWB3baxpnLkWhYy34GqHC9w876JcJVtgRD2AmixNQLQ8bzGl?comment_id=1280851897506994,https://www.facebook.com/monicavtampico/posts/pfbid0F3Ux9e6mjNVJpdmhcYWB3baxpnLkWhYy34GqHC9w876JcJVtgRD2AmixNQLQ8bzGl,2026-03-16T21:15:59.000Z,Una inolvidable experiencia.,
POST,https://www.facebook.com/TampicoGob/posts/pfbid031nRU4mpRT91ScsyEukNgvL8G8yeviQHkhSATBg8nbnAmmNomCJ4uZvbwRw67n46ol,,2026-03-16T14:50:29.000Z,"Desde tempranas horas y por instrucciones de nuestra Presidenta Municipal,Mónica Villarreal, personal de la Dirección de Protección Civil Tampico, Bomberos, Servicios Públicos y Tránsito y Vialidad se encuentra atendiendo las diferentes solicitudes derivadas del evento meteorológico de “norte explosivo”. 🌬️⚠️

Nuestro equipo permanece desplegado en distintos puntos de la ciudad trabajando para salvaguardar la seguridad de la ciudadanía.

Invitamos a la población a reportar cualquier situación de riesgo o emergencia a los teléfonos 833 305 2624, 833 305 2625 o al 911.  📞",26
POST,https://www.facebook.com/ProteccionCivilTampico/posts/pfbid0saGUWN5DBy4NnYLSBBSXTmV3acxUgkxA8YEzSURWYvsvKtR2VH4LYkbPo5wWMPg2l,,2026-03-18T19:43:01.000Z,"👩‍🚒🦺 Capacitación de Primeros Auxilios🦺👩‍🚒

La Presidenta Municipal de Tampico, Lic. Mónica Zacil Villarreal Anaya en acuerdo con el Gobierno del Estado de Tamaulipas y el Lic. Benjamín Hernández Rodríguez de la Secretaria de Turismo del Estado, asistiendo en su representación la Mtra. María Amos Cavazos Bustamante, Subsecretaría de Infraestructura y Productos Turísticos. en conjunto con Protección Civil Regional, impartieron el día de hoy una Capacitación de Primeros Auxilios.

Impartiendo sus conocimientos de como actuar y que hacer ante una situación de riesgo y emergencia, teniendo como objetivo que el personal de Protección Civil, Bomberos y Turismo de Tampico, estén preparados para brindar una excelente atención a la ciudadanía y  a los que nos visiten en está Semana Santa ☀️🌊

¡Tampico Te Cuida Y Protección Civil Somos Todos! #ProteccionCivilTampico #TampicoTeCuida #TampicoSomosTodos #bomberostampico #turismotampico",6
POST,https://www.facebook.com/servpublicostampico/posts/pfbid0FGG2W7mJWcyYteEo93H1LEckRQKnFniU1rRgsm4T8y4NMo3B6Dq2bLqNtcqpbRodl,,2026-03-19T16:31:42.000Z,"⚠️ ATENTO AVISO ⚠️

💨🦟🪰 FUMIGACIÓN POR LAS NOCHES EN TU COLONIA‼️

Mónica Villarreal 
Tampico Gob 
Dirección de Salud Tampico   
#sincriaderosméxicoprotegesusaludyelmundial 
#PromociónDeLaSaludTampico
#DistritodeSaludParaElBienestarIITampico",3
POST,https://www.facebook.com/TampicoGob/posts/pfbid0r4u8GEHWVjkCMq9cyZACFYQNYh99UWrjS5PmNu42WqnHwW7Vvxddd8gMXihQuCNml,,2026-03-19T22:27:05.000Z,"AVISO DE CIERRE DE VIALIDADES 
Derivado de los trabajos subterráneos al canal pluvial que desemboca a la laguna del Chairel, a partir del viernes 20 de marzo desde las 22:00 hrs se llevarán a cabo labores de reposición de pavimento en la prol. de la avenida Hidalgo.

Por lo anterior, permanecerán cerrados los carriles de alta en sentido sur-norte, a la altura de Lomas de Rosales, debido a los trabajos realizados previamente por Comapa en la zona.

Estas acciones contemplan la apertura de caja, preparación de terracería y posterior colocación de carpeta asfáltica.

Se le invita a la ciudadanía a tomar rutas alternas a la avenida Hidalgo, con el fin de evitar congestionamiento vial y mantenerse atento a la señalización de obra.",12
POST,https://www.facebook.com/servpublicostampico/posts/pfbid02rrSRRX7NC8HohHJuDcLpwpSqm4YDUsAtkveiFhZZoVYqkeG7PJrBtiZ7CwewcWnrl,,2026-03-20T00:03:55.000Z,"⚠️ ATENTO AVISO ⚠️

💨🦟🪰 FUMIGACIÓN POR LAS NOCHES EN TU COLONIA‼️

@monicavtampico 
Mónica Villarreal 
Tampico Gob  
@tampicogob 
Dirección de Salud Tampico   
#sincriaderosméxicoprotegesusaludyelmundial 
#PromociónDeLaSaludTampico
#DistritodeSaludParaElBienestarIITampico",2
POST,https://www.facebook.com/DireccionDeportesTampico/posts/pfbid02jWX6V7eKYzMKAgwhoXzqH8ggdL1sXWpcURvutCeXUpYi3QMQFj3hyT5obvbo9Ncjl,,2026-03-20T14:28:47.000Z,"Siguiendo las indicaciones de nuestra alcaldesa, Mónica Villarreal, el director de Deportes, Ing. Jorge Lozano Ceceña, acompañado del regidor Edgar Treviño, recorrió las instalaciones de la Unidad Deportiva Borreguera. El objetivo fue convivir con alumnos y maestros, y hacer entrega de material deportivo para distintas disciplinas.

Entre el equipo entregado destacan guantes y costales de boxeo, así como balones de voleibol y básquetbol. Este material ayudará a mejorar el desarrollo de las clases y el rendimiento de los deportistas en la unidad.

#TampicoVaConTodos
#TampicoTeCuida",35
POST,https://www.facebook.com/reel/1206636431280313/,,2026-03-21T12:21:52.000Z,"🚦 Así se vivió la dinámica “Luz verde, luz roja” en el programa “Tampico. Mi ciudad, mi futuro” 🏙️

A través de esta actividad, las y los alumnos fortalecieron su capacidad de reacción, la atención y el autocontrol ante distintos estímulos, comprendiendo la importancia de tomar decisiones oportunas en situaciones reales de movilidad urbana.

Mediante el juego, interiorizaron conceptos como el tiempo de respuesta, la velocidad y el frenado, relacionándolos con acciones cotidianas como cruzar de manera segura y respetar las señales viales.

Esta dinámica promueve una cultura de respeto a las normas y fomenta una convivencia más segura en el espacio público, formando ciudadanos más conscientes y responsables.

Bajo la visión de nuestra alcaldesa Lic. Mónica Zacil Villarreal Anaya, seguimos impulsando el aprendizaje a través de experiencias que conectan con la vida diaria.

#TampicoVaConTodos 🚶‍♂️🚦",1
POST,https://www.facebook.com/TampicoGob/posts/pfbid0CDELQpyjTnrXkg5nBxDPXPoyQdH42MBUkS9xnKk7eRaeeKd9Y1P2osPAPE1sszc4l,,2026-03-21T23:01:39.000Z,[Contenido sin texto o solo multimedia],10
COMENTARIO,https://www.facebook.com/TampicoGob/posts/pfbid0CDELQpyjTnrXkg5nBxDPXPoyQdH42MBUkS9xnKk7eRaeeKd9Y1P2osPAPE1sszc4l?comment_id=1945134272762663,https://www.facebook.com/TampicoGob/posts/pfbid0CDELQpyjTnrXkg5nBxDPXPoyQdH42MBUkS9xnKk7eRaeeKd9Y1P2osPAPE1sszc4l,2026-03-22T06:13:55.000Z,Excelente,
COMENTARIO,https://www.facebook.com/TampicoGob/posts/pfbid0CDELQpyjTnrXkg5nBxDPXPoyQdH42MBUkS9xnKk7eRaeeKd9Y1P2osPAPE1sszc4l?comment_id=886275331114682,https://www.facebook.com/TampicoGob/posts/pfbid0CDELQpyjTnrXkg5nBxDPXPoyQdH42MBUkS9xnKk7eRaeeKd9Y1P2osPAPE1sszc4l,2026-03-22T00:51:47.000Z,Enhorabuena 👍,
COMENTARIO,https://www.facebook.com/TampicoGob/posts/pfbid0CDELQpyjTnrXkg5nBxDPXPoyQdH42MBUkS9xnKk7eRaeeKd9Y1P2osPAPE1sszc4l?comment_id=1833214684034757,https://www.facebook.com/TampicoGob/posts/pfbid0CDELQpyjTnrXkg5nBxDPXPoyQdH42MBUkS9xnKk7eRaeeKd9Y1P2osPAPE1sszc4l,2026-03-22T00:07:54.000Z,Exeñente,
COMENTARIO,https://www.facebook.com/TampicoGob/posts/pfbid0CDELQpyjTnrXkg5nBxDPXPoyQdH42MBUkS9xnKk7eRaeeKd9Y1P2osPAPE1sszc4l?comment_id=938475625332525,https://www.facebook.com/TampicoGob/posts/pfbid0CDELQpyjTnrXkg5nBxDPXPoyQdH42MBUkS9xnKk7eRaeeKd9Y1P2osPAPE1sszc4l,2026-03-21T23:30:04.000Z,Excelente trabajo 👌,
COMENTARIO,https://www.facebook.com/TampicoGob/posts/pfbid0CDELQpyjTnrXkg5nBxDPXPoyQdH42MBUkS9xnKk7eRaeeKd9Y1P2osPAPE1sszc4l?comment_id=925653066735154,https://www.facebook.com/TampicoGob/posts/pfbid0CDELQpyjTnrXkg5nBxDPXPoyQdH42MBUkS9xnKk7eRaeeKd9Y1P2osPAPE1sszc4l,2026-03-21T23:16:29.000Z,Excelente programa muy bien Secretaría de Bienestar Social Tampico  Mónica Villarreal,
COMENTARIO,https://www.facebook.com/DireccionDeportesTampico/posts/pfbid02jWX6V7eKYzMKAgwhoXzqH8ggdL1sXWpcURvutCeXUpYi3QMQFj3hyT5obvbo9Ncjl?comment_id=26138685099150324,https://www.facebook.com/DireccionDeportesTampico/posts/pfbid02jWX6V7eKYzMKAgwhoXzqH8ggdL1sXWpcURvutCeXUpYi3QMQFj3hyT5obvbo9Ncjl,2026-03-22T19:10:28.000Z,Excelente trabajo 👏🏻 #UDPC,
COMENTARIO,https://www.facebook.com/DireccionDeportesTampico/posts/pfbid02jWX6V7eKYzMKAgwhoXzqH8ggdL1sXWpcURvutCeXUpYi3QMQFj3hyT5obvbo9Ncjl?comment_id=1444527873715403,https://www.facebook.com/DireccionDeportesTampico/posts/pfbid02jWX6V7eKYzMKAgwhoXzqH8ggdL1sXWpcURvutCeXUpYi3QMQFj3hyT5obvbo9Ncjl,2026-03-21T04:35:31.000Z,SVT presente,
COMENTARIO,https://www.facebook.com/DireccionDeportesTampico/posts/pfbid02jWX6V7eKYzMKAgwhoXzqH8ggdL1sXWpcURvutCeXUpYi3QMQFj3hyT5obvbo9Ncjl?comment_id=1235498688704374,https://www.facebook.com/DireccionDeportesTampico/posts/pfbid02jWX6V7eKYzMKAgwhoXzqH8ggdL1sXWpcURvutCeXUpYi3QMQFj3hyT5obvbo9Ncjl,2026-03-20T22:27:45.000Z,Excelente trabajo👍,
COMENTARIO,https://www.facebook.com/DireccionDeportesTampico/posts/pfbid02jWX6V7eKYzMKAgwhoXzqH8ggdL1sXWpcURvutCeXUpYi3QMQFj3hyT5obvbo9Ncjl?comment_id=2121382738718944,https://www.facebook.com/DireccionDeportesTampico/posts/pfbid02jWX6V7eKYzMKAgwhoXzqH8ggdL1sXWpcURvutCeXUpYi3QMQFj3hyT5obvbo9Ncjl,2026-03-20T18:02:31.000Z,Exelente !!! UDSVT,
COMENTARIO,https://www.facebook.com/DireccionDeportesTampico/posts/pfbid02jWX6V7eKYzMKAgwhoXzqH8ggdL1sXWpcURvutCeXUpYi3QMQFj3hyT5obvbo9Ncjl?comment_id=801429999684203,https://www.facebook.com/DireccionDeportesTampico/posts/pfbid02jWX6V7eKYzMKAgwhoXzqH8ggdL1sXWpcURvutCeXUpYi3QMQFj3hyT5obvbo9Ncjl,2026-03-20T16:28:13.000Z,Valeria Rojas,
COMENTARIO,https://www.facebook.com/DireccionDeportesTampico/posts/pfbid02jWX6V7eKYzMKAgwhoXzqH8ggdL1sXWpcURvutCeXUpYi3QMQFj3hyT5obvbo9Ncjl?comment_id=1659669225078320,https://www.facebook.com/DireccionDeportesTampico/posts/pfbid02jWX6V7eKYzMKAgwhoXzqH8ggdL1sXWpcURvutCeXUpYi3QMQFj3hyT5obvbo9Ncjl,2026-03-20T16:20:13.000Z,Ya era justo y necesario que bueno que les llegó ese apoyo felicidades gracias presidenta Mónica Villarreal,
COMENTARIO,https://www.facebook.com/DireccionDeportesTampico/posts/pfbid02jWX6V7eKYzMKAgwhoXzqH8ggdL1sXWpcURvutCeXUpYi3QMQFj3hyT5obvbo9Ncjl?comment_id=2367621620395878,https://www.facebook.com/DireccionDeportesTampico/posts/pfbid02jWX6V7eKYzMKAgwhoXzqH8ggdL1sXWpcURvutCeXUpYi3QMQFj3hyT5obvbo9Ncjl,2026-03-20T15:11:01.000Z,Excelente acción en la entrega de equipo para las diferentes disciplinas deportivas que imparten en la unidad deportiva gracias alcaldesa Monica Villarreal por el apoyo al deporte#UDPC,
COMENTARIO,https://www.facebook.com/DireccionDeportesTampico/posts/pfbid02jWX6V7eKYzMKAgwhoXzqH8ggdL1sXWpcURvutCeXUpYi3QMQFj3hyT5obvbo9Ncjl?comment_id=26157794807203260,https://www.facebook.com/DireccionDeportesTampico/posts/pfbid02jWX6V7eKYzMKAgwhoXzqH8ggdL1sXWpcURvutCeXUpYi3QMQFj3hyT5obvbo9Ncjl,2026-03-20T13:52:02.000Z,SUPER #UDPC✨️,
COMENTARIO,https://www.facebook.com/servpublicostampico/posts/pfbid02rrSRRX7NC8HohHJuDcLpwpSqm4YDUsAtkveiFhZZoVYqkeG7PJrBtiZ7CwewcWnrl?comment_id=25989741254050888,https://www.facebook.com/servpublicostampico/posts/pfbid02rrSRRX7NC8HohHJuDcLpwpSqm4YDUsAtkveiFhZZoVYqkeG7PJrBtiZ7CwewcWnrl,2026-03-20T01:16:35.000Z,Buen trabajo,
COMENTARIO,https://www.facebook.com/TampicoGob/posts/pfbid0r4u8GEHWVjkCMq9cyZACFYQNYh99UWrjS5PmNu42WqnHwW7Vvxddd8gMXihQuCNml?comment_id=1495992155202096,https://www.facebook.com/TampicoGob/posts/pfbid0r4u8GEHWVjkCMq9cyZACFYQNYh99UWrjS5PmNu42WqnHwW7Vvxddd8gMXihQuCNml,2026-03-20T05:16:01.000Z,Gracias por la información,
COMENTARIO,https://www.facebook.com/TampicoGob/posts/pfbid0r4u8GEHWVjkCMq9cyZACFYQNYh99UWrjS5PmNu42WqnHwW7Vvxddd8gMXihQuCNml?comment_id=1442019960718615,https://www.facebook.com/TampicoGob/posts/pfbid0r4u8GEHWVjkCMq9cyZACFYQNYh99UWrjS5PmNu42WqnHwW7Vvxddd8gMXihQuCNml,2026-03-20T03:46:50.000Z,Neto Mendoza,
COMENTARIO,https://www.facebook.com/TampicoGob/posts/pfbid0r4u8GEHWVjkCMq9cyZACFYQNYh99UWrjS5PmNu42WqnHwW7Vvxddd8gMXihQuCNml?comment_id=937324482564169,https://www.facebook.com/TampicoGob/posts/pfbid0r4u8GEHWVjkCMq9cyZACFYQNYh99UWrjS5PmNu42WqnHwW7Vvxddd8gMXihQuCNml,2026-03-20T02:16:46.000Z,Excelente información alcaldesa gracias,
COMENTARIO,https://www.facebook.com/TampicoGob/posts/pfbid0r4u8GEHWVjkCMq9cyZACFYQNYh99UWrjS5PmNu42WqnHwW7Vvxddd8gMXihQuCNml?comment_id=1972184310338893,https://www.facebook.com/TampicoGob/posts/pfbid0r4u8GEHWVjkCMq9cyZACFYQNYh99UWrjS5PmNu42WqnHwW7Vvxddd8gMXihQuCNml,2026-03-20T00:16:07.000Z,El aviso preventivo en circulación vial es lo mejor. Excelente,
COMENTARIO,https://www.facebook.com/TampicoGob/posts/pfbid0r4u8GEHWVjkCMq9cyZACFYQNYh99UWrjS5PmNu42WqnHwW7Vvxddd8gMXihQuCNml?comment_id=794839959887669,https://www.facebook.com/TampicoGob/posts/pfbid0r4u8GEHWVjkCMq9cyZACFYQNYh99UWrjS5PmNu42WqnHwW7Vvxddd8gMXihQuCNml,2026-03-19T23:39:42.000Z,Isra D. Angel,
COMENTARIO,https://www.facebook.com/servpublicostampico/posts/pfbid0FGG2W7mJWcyYteEo93H1LEckRQKnFniU1rRgsm4T8y4NMo3B6Dq2bLqNtcqpbRodl?comment_id=3678441622298470,https://www.facebook.com/servpublicostampico/posts/pfbid0FGG2W7mJWcyYteEo93H1LEckRQKnFniU1rRgsm4T8y4NMo3B6Dq2bLqNtcqpbRodl,2026-03-19T16:47:35.000Z,"Por favor en el fraccionamiento Fernanda colonia san antonio, gracias",
COMENTARIO,https://www.facebook.com/ProteccionCivilTampico/posts/pfbid0saGUWN5DBy4NnYLSBBSXTmV3acxUgkxA8YEzSURWYvsvKtR2VH4LYkbPo5wWMPg2l?comment_id=953106547532977,https://www.facebook.com/ProteccionCivilTampico/posts/pfbid0saGUWN5DBy4NnYLSBBSXTmV3acxUgkxA8YEzSURWYvsvKtR2VH4LYkbPo5wWMPg2l,2026-03-18T04:52:36.000Z,Para nuestra presidenta municipal monica villarreal los tampiqueños son primero,
COMENTARIO,https://www.facebook.com/ProteccionCivilTampico/posts/pfbid0saGUWN5DBy4NnYLSBBSXTmV3acxUgkxA8YEzSURWYvsvKtR2VH4LYkbPo5wWMPg2l?comment_id=1810893582913668,https://www.facebook.com/ProteccionCivilTampico/posts/pfbid0saGUWN5DBy4NnYLSBBSXTmV3acxUgkxA8YEzSURWYvsvKtR2VH4LYkbPo5wWMPg2l,2026-03-18T04:28:20.000Z,de gran utilidad éstos cursos,
COMENTARIO,https://www.facebook.com/TampicoGob/posts/pfbid031nRU4mpRT91ScsyEukNgvL8G8yeviQHkhSATBg8nbnAmmNomCJ4uZvbwRw67n46ol?comment_id=1248802430162524,https://www.facebook.com/TampicoGob/posts/pfbid031nRU4mpRT91ScsyEukNgvL8G8yeviQHkhSATBg8nbnAmmNomCJ4uZvbwRw67n46ol,2026-03-17T00:10:22.000Z,Tampico te cuida,
COMENTARIO,https://www.facebook.com/TampicoGob/posts/pfbid031nRU4mpRT91ScsyEukNgvL8G8yeviQHkhSATBg8nbnAmmNomCJ4uZvbwRw67n46ol?comment_id=1468549694913242,https://www.facebook.com/TampicoGob/posts/pfbid031nRU4mpRT91ScsyEukNgvL8G8yeviQHkhSATBg8nbnAmmNomCJ4uZvbwRw67n46ol,2026-03-16T20:26:48.000Z,Que gran equipo de trabajo 👏🏻👏🏻👏🏻,
COMENTARIO,https://www.facebook.com/TampicoGob/posts/pfbid031nRU4mpRT91ScsyEukNgvL8G8yeviQHkhSATBg8nbnAmmNomCJ4uZvbwRw67n46ol?comment_id=1437264890563816,https://www.facebook.com/TampicoGob/posts/pfbid031nRU4mpRT91ScsyEukNgvL8G8yeviQHkhSATBg8nbnAmmNomCJ4uZvbwRw67n46ol,2026-03-16T19:26:06.000Z,"Excelente trabajo de los Bomberos de Tampico y Protección Civil, siempre atentos, siempre al pendiente de la ciudadanía✨🔝💯",
COMENTARIO,https://www.facebook.com/TampicoGob/posts/pfbid031nRU4mpRT91ScsyEukNgvL8G8yeviQHkhSATBg8nbnAmmNomCJ4uZvbwRw67n46ol?comment_id=1467169521462853,https://www.facebook.com/TampicoGob/posts/pfbid031nRU4mpRT91ScsyEukNgvL8G8yeviQHkhSATBg8nbnAmmNomCJ4uZvbwRw67n46ol,2026-03-16T18:36:58.000Z,Blanca Martinez,
COMENTARIO,https://www.facebook.com/TampicoGob/posts/pfbid031nRU4mpRT91ScsyEukNgvL8G8yeviQHkhSATBg8nbnAmmNomCJ4uZvbwRw67n46ol?comment_id=1251837137128071,https://www.facebook.com/TampicoGob/posts/pfbid031nRU4mpRT91ScsyEukNgvL8G8yeviQHkhSATBg8nbnAmmNomCJ4uZvbwRw67n46ol,2026-03-16T17:54:32.000Z,Gracias Excelente trabajo proteccion civil a atentos a cualquier situación de riesgo,
COMENTARIO,https://www.facebook.com/TampicoGob/posts/pfbid031nRU4mpRT91ScsyEukNgvL8G8yeviQHkhSATBg8nbnAmmNomCJ4uZvbwRw67n46ol?comment_id=2242091609928953,https://www.facebook.com/TampicoGob/posts/pfbid031nRU4mpRT91ScsyEukNgvL8G8yeviQHkhSATBg8nbnAmmNomCJ4uZvbwRw67n46ol,2026-03-16T17:32:10.000Z,Protección Civil Atentos a cualquier situación de riesgo en nuestra ciudad! Graciasss 🙏🏻🙏🏻🙏🏻👍🏻,
COMENTARIO,https://www.facebook.com/TampicoGob/posts/pfbid031nRU4mpRT91ScsyEukNgvL8G8yeviQHkhSATBg8nbnAmmNomCJ4uZvbwRw67n46ol?comment_id=964130965959844,https://www.facebook.com/TampicoGob/posts/pfbid031nRU4mpRT91ScsyEukNgvL8G8yeviQHkhSATBg8nbnAmmNomCJ4uZvbwRw67n46ol,2026-03-16T17:16:52.000Z,Si los ví aquí en la Petro.....muy bien,
COMENTARIO,https://www.facebook.com/TampicoGob/posts/pfbid031nRU4mpRT91ScsyEukNgvL8G8yeviQHkhSATBg8nbnAmmNomCJ4uZvbwRw67n46ol?comment_id=959921323363671,https://www.facebook.com/TampicoGob/posts/pfbid031nRU4mpRT91ScsyEukNgvL8G8yeviQHkhSATBg8nbnAmmNomCJ4uZvbwRw67n46ol,2026-03-16T16:45:20.000Z,"Si detectas alguna situación de riesgo, repórtala a los teléfonos:
833 305 2624
833 305 2625 o al 911.
📣📣📣📣📣",
COMENTARIO,https://www.facebook.com/TampicoGob/posts/pfbid031nRU4mpRT91ScsyEukNgvL8G8yeviQHkhSATBg8nbnAmmNomCJ4uZvbwRw67n46ol?comment_id=1480334033754194,https://www.facebook.com/TampicoGob/posts/pfbid031nRU4mpRT91ScsyEukNgvL8G8yeviQHkhSATBg8nbnAmmNomCJ4uZvbwRw67n46ol,2026-03-16T16:41:12.000Z,Gracias!! ✅️✅️,
COMENTARIO,https://www.facebook.com/TampicoGob/posts/pfbid031nRU4mpRT91ScsyEukNgvL8G8yeviQHkhSATBg8nbnAmmNomCJ4uZvbwRw67n46ol?comment_id=1414231719952664,https://www.facebook.com/TampicoGob/posts/pfbid031nRU4mpRT91ScsyEukNgvL8G8yeviQHkhSATBg8nbnAmmNomCJ4uZvbwRw67n46ol,2026-03-16T16:29:08.000Z,Majo Aguirre,
