video_id,comment_id,author,comment_text,published_at,like_count,query,video_title,channel_title,video_published_at,fecha_extraccion
QJQibYe8SZA,UgzcGlKUWGrTFtBbdwh4AaABAg,@angsv0,"Ufash, encontré mi nuevo canal favorito ❤ saluditos desde CD madero 👏🏻👏🏻",2026-05-03T16:02:53Z,2,Gobierno de Tampico,ENTRAMOS a la EX-PGJ ABANDONADA y NO CREERÁS lo que HABÍA,"𝙰𝚃𝚁𝙴𝚈𝚄 𝚄𝚁𝙱𝙴𝚇
",2026-05-03T00:00:22Z,2026-05-04 08:12:40
QJQibYe8SZA,UgyjSe6z7vesGVHX-4p4AaABAg,@conejozombiee,Paso a dejar like y viendo el inicio pero me regreso al anterior hermano que me quedé casi a la mitad 👋🏻😃 saludos,2026-05-03T07:43:38Z,2,Gobierno de Tampico,ENTRAMOS a la EX-PGJ ABANDONADA y NO CREERÁS lo que HABÍA,"𝙰𝚃𝚁𝙴𝚈𝚄 𝚄𝚁𝙱𝙴𝚇
",2026-05-03T00:00:22Z,2026-05-04 08:12:40
QJQibYe8SZA,Ugy4wqhlv2aaKHScION4AaABAg,@NormaCruz-h8k,Saludos Atreyu 🙌🏻 ya dejé mi like muy buena exploración,2026-05-03T02:51:48Z,2,Gobierno de Tampico,ENTRAMOS a la EX-PGJ ABANDONADA y NO CREERÁS lo que HABÍA,"𝙰𝚃𝚁𝙴𝚈𝚄 𝚄𝚁𝙱𝙴𝚇
",2026-05-03T00:00:22Z,2026-05-04 08:12:40
QJQibYe8SZA,UgxZrxabt_-ORJWJIHt4AaABAg,@ainhoaoficial,Saludos mi atreyu buena exploracion que cantidad de objetos ahi😮😮😮,2026-05-03T01:53:26Z,2,Gobierno de Tampico,ENTRAMOS a la EX-PGJ ABANDONADA y NO CREERÁS lo que HABÍA,"𝙰𝚃𝚁𝙴𝚈𝚄 𝚄𝚁𝙱𝙴𝚇
",2026-05-03T00:00:22Z,2026-05-04 08:12:40
QJQibYe8SZA,Ugxu8lTLqayoNCJFTkd4AaABAg,@dorisdiaz9779,Saludos a todos y gracias por dejar su like👍y su comentario✍🏻📲abrazos🫂🙏🏻😊,2026-05-03T01:34:36Z,1,Gobierno de Tampico,ENTRAMOS a la EX-PGJ ABANDONADA y NO CREERÁS lo que HABÍA,"𝙰𝚃𝚁𝙴𝚈𝚄 𝚄𝚁𝙱𝙴𝚇
",2026-05-03T00:00:22Z,2026-05-04 08:12:40
QJQibYe8SZA,Ugw9CWrTS4J9Ew4DCtF4AaABAg,@dorisdiaz9779,Saludos ATREYU🙋🏻👍,2026-05-03T01:32:14Z,2,Gobierno de Tampico,ENTRAMOS a la EX-PGJ ABANDONADA y NO CREERÁS lo que HABÍA,"𝙰𝚃𝚁𝙴𝚈𝚄 𝚄𝚁𝙱𝙴𝚇
",2026-05-03T00:00:22Z,2026-05-04 08:12:40
QJQibYe8SZA,UgzSmjQb8POQC0cUGMt4AaABAg,@LuisAngelGarcia9982,Saludos Atreyu Urbex👍👍👍💯💯💯,2026-05-03T00:46:16Z,2,Gobierno de Tampico,ENTRAMOS a la EX-PGJ ABANDONADA y NO CREERÁS lo que HABÍA,"𝙰𝚃𝚁𝙴𝚈𝚄 𝚄𝚁𝙱𝙴𝚇
",2026-05-03T00:00:22Z,2026-05-04 08:12:40
QJQibYe8SZA,UgwKL7YbU51tPmthVIl4AaABAg,@UrbexOdyssey,Saludos carnal aquí andamos viendo,2026-05-03T00:10:24Z,2,Gobierno de Tampico,ENTRAMOS a la EX-PGJ ABANDONADA y NO CREERÁS lo que HABÍA,"𝙰𝚃𝚁𝙴𝚈𝚄 𝚄𝚁𝙱𝙴𝚇
",2026-05-03T00:00:22Z,2026-05-04 08:12:40
QJQibYe8SZA,Ugx_7rpEnvPAHjP8rq14AaABAg,@carlosnegrete4171,Saludos,2026-05-03T00:09:04Z,2,Gobierno de Tampico,ENTRAMOS a la EX-PGJ ABANDONADA y NO CREERÁS lo que HABÍA,"𝙰𝚃𝚁𝙴𝚈𝚄 𝚄𝚁𝙱𝙴𝚇
",2026-05-03T00:00:22Z,2026-05-04 08:12:40
QJQibYe8SZA,UgyusMkuywNQAc5-_ch4AaABAg,@carlosnegrete4171,Saludos,2026-05-03T00:05:59Z,2,Gobierno de Tampico,ENTRAMOS a la EX-PGJ ABANDONADA y NO CREERÁS lo que HABÍA,"𝙰𝚃𝚁𝙴𝚈𝚄 𝚄𝚁𝙱𝙴𝚇
",2026-05-03T00:00:22Z,2026-05-04 08:12:40
QJQibYe8SZA,UgxlmLeTvR32Eq99q-R4AaABAg,@EduardoGranadoz-q2r,Primer like ✔️ 👍 saludos bro,2026-05-03T00:05:42Z,2,Gobierno de Tampico,ENTRAMOS a la EX-PGJ ABANDONADA y NO CREERÁS lo que HABÍA,"𝙰𝚃𝚁𝙴𝚈𝚄 𝚄𝚁𝙱𝙴𝚇
",2026-05-03T00:00:22Z,2026-05-04 08:12:40
Va5H81oboUk,Ugx3vldfR7mjqAiTHkZ4AaABAg,@enriqueg6060,Si no cae el narcogobierno no importa cuantos narcos caigan😂😂 cae 1 y salen 10 narcos,2026-04-29T03:38:25Z,0,Gobierno de Tampico,"Golpazo al CJNG: Capturan a  “El Jardinero”, brazo derecho de “El Mencho”",Azteca Noticias,2026-04-27T23:47:50Z,2026-05-04 08:12:40
Va5H81oboUk,UgzpVhAihNVt4XYMrLB4AaABAg,@Claviillazo,😂😂😂LES ARDE EL OCICO POR DAR ESTAS NOTICIAS 😅😅 PIN CHES CHAYOTEROS 💩💩💩,2026-04-28T22:25:02Z,0,Gobierno de Tampico,"Golpazo al CJNG: Capturan a  “El Jardinero”, brazo derecho de “El Mencho”",Azteca Noticias,2026-04-27T23:47:50Z,2026-05-04 08:12:40
Va5H81oboUk,UgyCy3YKSNDSPOQNLqF4AaABAg,@MiguelCadenas-t9k,Y ahora quién podará el jardín 🏡,2026-04-28T18:24:46Z,3,Gobierno de Tampico,"Golpazo al CJNG: Capturan a  “El Jardinero”, brazo derecho de “El Mencho”",Azteca Noticias,2026-04-27T23:47:50Z,2026-05-04 08:12:40
Va5H81oboUk,UgzVSA1i0vUyZjZjHet4AaABAg,@arfredlola,Pues ya entreguenselo a USA 🇺🇸 y los 5 millones de dolares que le den al gobierno inviertanlo en mejorar un poco mas a MEX 🇲🇽,2026-04-28T15:47:54Z,2,Gobierno de Tampico,"Golpazo al CJNG: Capturan a  “El Jardinero”, brazo derecho de “El Mencho”",Azteca Noticias,2026-04-27T23:47:50Z,2026-05-04 08:12:40
Va5H81oboUk,UgzZgFv8cb3Envw-2t54AaABAg,@antuanmoto8983,"El NarcoMCPrian llorando porque la Marina captura a su m4landro, su CIA no pudo salvarlo",2026-04-28T15:24:38Z,0,Gobierno de Tampico,"Golpazo al CJNG: Capturan a  “El Jardinero”, brazo derecho de “El Mencho”",Azteca Noticias,2026-04-27T23:47:50Z,2026-05-04 08:12:40
Va5H81oboUk,UgxUgix3_SNi0t-mV_d4AaABAg,@NelsonTellez-bk8if,Ora chayoteros,2026-04-28T05:07:57Z,0,Gobierno de Tampico,"Golpazo al CJNG: Capturan a  “El Jardinero”, brazo derecho de “El Mencho”",Azteca Noticias,2026-04-27T23:47:50Z,2026-05-04 08:12:40
Va5H81oboUk,UgzASNrSn8SspPiRm9d4AaABAg,@carlosmontero5399,Gracias Trump por poner a trabajar a la precidenta 🎉🎉.,2026-04-28T04:25:39Z,1,Gobierno de Tampico,"Golpazo al CJNG: Capturan a  “El Jardinero”, brazo derecho de “El Mencho”",Azteca Noticias,2026-04-27T23:47:50Z,2026-05-04 08:12:40
Va5H81oboUk,UgweSIWdboeionU3FSl4AaABAg,@AMLO2026,"Faltan el Panadero y el Carpintero, pero al parecer están coludidos con Claudia Sheinbaum porque no los han podido capturar.",2026-04-28T03:32:01Z,1,Gobierno de Tampico,"Golpazo al CJNG: Capturan a  “El Jardinero”, brazo derecho de “El Mencho”",Azteca Noticias,2026-04-27T23:47:50Z,2026-05-04 08:12:40
Va5H81oboUk,UgylcXfTUFy9mpJccVl4AaABAg,@Rulas15,"Lo agarraron por órdenes de TRUMP, le está dando largas para que no capture a los narco políticos que pidio mi presidente TRUMP.",2026-04-28T03:19:32Z,0,Gobierno de Tampico,"Golpazo al CJNG: Capturan a  “El Jardinero”, brazo derecho de “El Mencho”",Azteca Noticias,2026-04-27T23:47:50Z,2026-05-04 08:12:40
Va5H81oboUk,UgwnLa7RweTBBiMhrYl4AaABAg,@BereniceCarbajal-t1w,"Vamos a ver si este, si suelta la sopa de  quienes del gobierno trabajan para el y de la recompensa olvidenla  el gobierno se la roba",2026-04-28T02:30:25Z,0,Gobierno de Tampico,"Golpazo al CJNG: Capturan a  “El Jardinero”, brazo derecho de “El Mencho”",Azteca Noticias,2026-04-27T23:47:50Z,2026-05-04 08:12:40
Va5H81oboUk,UgzRpVjyEp789CyaXod4AaABAg,@pedromorales7287,El jardinero ?  Me<br>Imagino que por estar dejando dinero aquí dejando dinero aca jaja,2026-04-28T02:18:11Z,0,Gobierno de Tampico,"Golpazo al CJNG: Capturan a  “El Jardinero”, brazo derecho de “El Mencho”",Azteca Noticias,2026-04-27T23:47:50Z,2026-05-04 08:12:40
Va5H81oboUk,UgxpiG-Z1NSZDVLyYlp4AaABAg,@JavierSanchez-tw7pb,¿Y los del huachicol? Obrador y sus tiernos retoños.,2026-04-28T02:16:26Z,0,Gobierno de Tampico,"Golpazo al CJNG: Capturan a  “El Jardinero”, brazo derecho de “El Mencho”",Azteca Noticias,2026-04-27T23:47:50Z,2026-05-04 08:12:40
Va5H81oboUk,UgzNc1vJrEVk3LvtcqN4AaABAg,@user-zu9fb8uh4h,Es una mamada de humo para lo del huachicol fiscal de la Marina,2026-04-28T01:44:12Z,0,Gobierno de Tampico,"Golpazo al CJNG: Capturan a  “El Jardinero”, brazo derecho de “El Mencho”",Azteca Noticias,2026-04-27T23:47:50Z,2026-05-04 08:12:40
Va5H81oboUk,UgyBFBse17lB5hST7Sl4AaABAg,@pozalimon8897,Para cuando andre Manue y su clan y sus hijos,2026-04-28T01:10:32Z,6,Gobierno de Tampico,"Golpazo al CJNG: Capturan a  “El Jardinero”, brazo derecho de “El Mencho”",Azteca Noticias,2026-04-27T23:47:50Z,2026-05-04 08:12:40
Va5H81oboUk,Ugz8dKepkRsQ5aufbpV4AaABAg,@cvilla6664,Urge la pena capital en México,2026-04-28T00:56:57Z,0,Gobierno de Tampico,"Golpazo al CJNG: Capturan a  “El Jardinero”, brazo derecho de “El Mencho”",Azteca Noticias,2026-04-27T23:47:50Z,2026-05-04 08:12:40
Va5H81oboUk,UgyQ5rzIt2eHd68pO6R4AaABAg,@albertodumas7771,Falta Naclaudia y López Hablador,2026-04-28T00:50:13Z,9,Gobierno de Tampico,"Golpazo al CJNG: Capturan a  “El Jardinero”, brazo derecho de “El Mencho”",Azteca Noticias,2026-04-27T23:47:50Z,2026-05-04 08:12:40
Va5H81oboUk,UgwH1N-sHiJliCtq2SV4AaABAg,@gabrielaballesteros-m2m,"Y mañana el plomero, y el Menchito y así con el circo",2026-04-28T00:44:29Z,0,Gobierno de Tampico,"Golpazo al CJNG: Capturan a  “El Jardinero”, brazo derecho de “El Mencho”",Azteca Noticias,2026-04-27T23:47:50Z,2026-05-04 08:12:40
Va5H81oboUk,Ugwjh_dKPYObLNotjXB4AaABAg,@urielavilez230,Trump!!! Trump!!! Trump!!!!,2026-04-28T00:30:23Z,0,Gobierno de Tampico,"Golpazo al CJNG: Capturan a  “El Jardinero”, brazo derecho de “El Mencho”",Azteca Noticias,2026-04-27T23:47:50Z,2026-05-04 08:12:40
Va5H81oboUk,UgyxgPh-w69xInYIDVl4AaABAg,@FernandoMora-j2z,A mí como ciudadano me urge q capturen al fresa y al pescado se están haciendo weyes en buscar a estos mugrosos,2026-04-28T00:25:01Z,26,Gobierno de Tampico,"Golpazo al CJNG: Capturan a  “El Jardinero”, brazo derecho de “El Mencho”",Azteca Noticias,2026-04-27T23:47:50Z,2026-05-04 08:12:40
Va5H81oboUk,UgwExaCTlSeiKirTp7R4AaABAg,@raulportilla8449,"desde los tiempos de Don Neto, y Caro Quintero, los gobiernos han detenido por años a cientos de narcos, cabezas, lideres, segundos, terceros y demas, y pregunto , ya se acabo con los carteles?? no, entonces esa no es la manera de acabarlos, en Colombia, simplemente destruyeron todo su red, economica, logística, y principalmente la red de corrupcion de los politicos y gobiernos...",2026-04-28T00:24:35Z,0,Gobierno de Tampico,"Golpazo al CJNG: Capturan a  “El Jardinero”, brazo derecho de “El Mencho”",Azteca Noticias,2026-04-27T23:47:50Z,2026-05-04 08:12:40
Va5H81oboUk,UgyIKwt9gDARvEbJVsZ4AaABAg,@Cecilia-l6i,"Abatidos no detenidos, desde la cárcel están operando y a nosotros nos toca maneterlo en la carcel",2026-04-28T00:20:25Z,1,Gobierno de Tampico,"Golpazo al CJNG: Capturan a  “El Jardinero”, brazo derecho de “El Mencho”",Azteca Noticias,2026-04-27T23:47:50Z,2026-05-04 08:12:40
Va5H81oboUk,UgxE9YNawCMxbCptp_J4AaABAg,@AntonioVazquez-vn9ks,Cómo que detenido que van hacer con tanto malandro ? En dónde los van a meter si ya no caben o solo que un juez corrupto diga que no hay delito que perseguir y lo suelten <br>Oooo derechos humanos le ayude a salir en libertad,2026-04-28T00:17:03Z,2,Gobierno de Tampico,"Golpazo al CJNG: Capturan a  “El Jardinero”, brazo derecho de “El Mencho”",Azteca Noticias,2026-04-27T23:47:50Z,2026-05-04 08:12:40
Va5H81oboUk,Ugw_NzLGI0q7VARakgN4AaABAg,@cesarsalazar5932,"Gracias al señor Trump que si no fuera por su presión el gobierno de este país no ubiera hecho nada. Otra cosa, la alianza del gobierno con este grupo criminal se terminó pero la va a hacer con otro o ya la hizo con otro",2026-04-28T00:15:57Z,4,Gobierno de Tampico,"Golpazo al CJNG: Capturan a  “El Jardinero”, brazo derecho de “El Mencho”",Azteca Noticias,2026-04-27T23:47:50Z,2026-05-04 08:12:40
Va5H81oboUk,UgxuxRAAHYA-4_7ZwhJ4AaABAg,@fernandochavarria5235,El kks obrador  cagando puras pelotillas como conejo <br>Se cae otro socios  de los terroristas morenista,2026-04-28T00:15:10Z,0,Gobierno de Tampico,"Golpazo al CJNG: Capturan a  “El Jardinero”, brazo derecho de “El Mencho”",Azteca Noticias,2026-04-27T23:47:50Z,2026-05-04 08:12:40
Va5H81oboUk,UgxsydkHR506b-CA_ih4AaABAg,@Misterfr3sh,GRACIAS AL 03 QUE LE PUSO EL DEDO PARA QUEDARSE CON LA MOCHILA 😂.,2026-04-28T00:01:32Z,11,Gobierno de Tampico,"Golpazo al CJNG: Capturan a  “El Jardinero”, brazo derecho de “El Mencho”",Azteca Noticias,2026-04-27T23:47:50Z,2026-05-04 08:12:40
TFGBidaaSag,UgxVbYDAB1z1u9ixzCx4AaABAg,@agapibetyvelazquezvalassi6641,Aunque merecen un ladrillazo no solo chancluda por destrucción de Instituciones jueces tomboleros derrames de chapopoteras imaginarias una Barcelona errada en su pensar y ifenss a USA y Soiberania no real x Cubanos Médicos en fin Un drama republicano de Autocracia perdida de libertades y amenaza con SAT Gracias x tu análisis🙏❣️🌟👌😙❤️,2026-04-29T20:07:54Z,0,Gobierno de Tampico,Fernando Farías podría destapar una red más grande de huachicol que salpica al gobierno de Morena,Entre Poderes,2026-04-28T13:54:33Z,2026-05-04 08:12:40
TFGBidaaSag,UgyzMcF5RHmHVDQC2xl4AaABAg,@agapibetyvelazquezvalassi6641,"<a href=""http://www.youtube.com/results?search_query=%23excelente"">#Excelente</a> Bravo Éxito Gracias x todo análisis e información 👌👌🌟❣️🙏💯😘",2026-04-29T20:04:54Z,0,Gobierno de Tampico,Fernando Farías podría destapar una red más grande de huachicol que salpica al gobierno de Morena,Entre Poderes,2026-04-28T13:54:33Z,2026-05-04 08:12:40
TFGBidaaSag,Ugysqengy5jZNZroTdh4AaABAg,@martharodriguez7193,Sigue usted también  con Montenegro?.,2026-04-29T18:24:38Z,1,Gobierno de Tampico,Fernando Farías podría destapar una red más grande de huachicol que salpica al gobierno de Morena,Entre Poderes,2026-04-28T13:54:33Z,2026-05-04 08:12:40
TFGBidaaSag,UgxmOdqfK5T-4HBBezF4AaABAg,@andrestapiamiranda,"Qué encabezado más tonto,  no salpica al gobierno de morena.... solo confirma que todo está urdido por AMLO y por ende morena. decir que salpica es insinuar que tiene &quot;algo&quot; de responsabilidad.",2026-04-29T17:49:33Z,1,Gobierno de Tampico,Fernando Farías podría destapar una red más grande de huachicol que salpica al gobierno de Morena,Entre Poderes,2026-04-28T13:54:33Z,2026-05-04 08:12:40
TFGBidaaSag,UgymfRvpgnau8XzbUWB4AaABAg,@robertoruiz8912,Un ladrillazo es lo que merecen,2026-04-29T10:31:57Z,0,Gobierno de Tampico,Fernando Farías podría destapar una red más grande de huachicol que salpica al gobierno de Morena,Entre Poderes,2026-04-28T13:54:33Z,2026-05-04 08:12:40
TFGBidaaSag,UgxtB-JDxKfQwVBg1Vp4AaABAg,@AlejandroJuarez-j4f,Ahora lo van a querer de regreso por ka soberanía nacional,2026-04-29T06:07:28Z,1,Gobierno de Tampico,Fernando Farías podría destapar una red más grande de huachicol que salpica al gobierno de Morena,Entre Poderes,2026-04-28T13:54:33Z,2026-05-04 08:12:40
580pyEUfcww,UgwbukokKoTy9ciGU7t4AaABAg,@1818dany,"AMLO atacó y amenazó a Milei al nivel que el argentino canceló su visita a México en su momento, Claudia como buena socialista igualmente menosprecia a Milei y defiende a una de las delincuentes más despiadadas de la historia argentina como lo es Cristina Fernández, pero dios es grande y pone cada cosa en su lugar, Milei ya se comprometió con Trump en el escudo de las americas, y tremendo premio le cayó, ahora sí Argentina se lava desquitar con México y un poco de justicia se hará, gracias Milei por no ser corrupto y mantener cautivo a tan importante pieza del huachicol.",2026-04-30T21:26:43Z,0,Gobierno de Tampico,Fernando Farías: huachicol fiscal y tensión política entre México y Argentina,Centinela del Norte,2026-04-28T15:18:53Z,2026-05-04 08:12:40
580pyEUfcww,UgyFSJ_DY_qGKw5zdP94AaABAg,@carlosmoreno6215,"Todos, el mas  chimuelo masca tuercas",2026-04-30T18:55:51Z,0,Gobierno de Tampico,Fernando Farías: huachicol fiscal y tensión política entre México y Argentina,Centinela del Norte,2026-04-28T15:18:53Z,2026-05-04 08:12:40
580pyEUfcww,Ugwjd0U36PBw2lWNHs14AaABAg,@ALFSalvatierra,"Era obvio que todo esto pasaría  Morena es ===Genocidio ===Escándalo ===Circo.  Donald Trump, Marco Rubio ,Departamento de Estado de Usa ,Tribunales ,Cortes Penales,Fiscalías ,Departamento de Justicia de Usa  ,DEA,FBI,CIA etc etc están encañonando a todos los Morenistas 👏👏👏👏👏",2026-04-30T14:26:15Z,0,Gobierno de Tampico,Fernando Farías: huachicol fiscal y tensión política entre México y Argentina,Centinela del Norte,2026-04-28T15:18:53Z,2026-05-04 08:12:40
580pyEUfcww,UgywhaGkUCw3htcivxF4AaABAg,@JavierJSantamaría,"Al corrupto de marinero Farías. El gobierno de Argentina lo extraditará directo a los EU, Farías terminará de hundir a Sheinbaun a amlo y a toda la 4t, bien por el presidente Javier Milei 👏👏👏",2026-04-30T14:08:43Z,0,Gobierno de Tampico,Fernando Farías: huachicol fiscal y tensión política entre México y Argentina,Centinela del Norte,2026-04-28T15:18:53Z,2026-05-04 08:12:40
580pyEUfcww,UgyfC9LD8u17z1bdgkt4AaABAg,@RamonLlerenas,No saves lo que dises estas vien jodida para dar informasiones jajajajajajajaja,2026-04-30T13:25:16Z,0,Gobierno de Tampico,Fernando Farías: huachicol fiscal y tensión política entre México y Argentina,Centinela del Norte,2026-04-28T15:18:53Z,2026-05-04 08:12:40
580pyEUfcww,Ugz4i8HOlY4d37qv_UN4AaABAg,@RamonLlerenas,Lopez obrador descuvrio todo ese rrovo del guachicol  serraron esas linias,2026-04-30T13:24:23Z,0,Gobierno de Tampico,Fernando Farías: huachicol fiscal y tensión política entre México y Argentina,Centinela del Norte,2026-04-28T15:18:53Z,2026-05-04 08:12:40
580pyEUfcww,UgxwjpIZKRDo7QmgFN14AaABAg,@RamonLlerenas,Jajjajajajajaja. Das risa todos los chayoteros repiten lomismo  ese señor va extraditado a mexico,2026-04-30T13:22:20Z,0,Gobierno de Tampico,Fernando Farías: huachicol fiscal y tensión política entre México y Argentina,Centinela del Norte,2026-04-28T15:18:53Z,2026-05-04 08:12:40
580pyEUfcww,UgyazYaw72kyuf_7inp4AaABAg,@RamonLlerenas,Esta señora es pagada por el pri sevenden por una cachucha del pri,2026-04-30T13:21:00Z,0,Gobierno de Tampico,Fernando Farías: huachicol fiscal y tensión política entre México y Argentina,Centinela del Norte,2026-04-28T15:18:53Z,2026-05-04 08:12:40
580pyEUfcww,Ugw6HK6puMvMFCsJyQB4AaABAg,@AnnaPaz90,"Excelente análisis. Claudia  se REBAJO de Presidente de Mexico a PORRA, cuando apoyo con su letrero a una politica juzgada y sentenciada por Tribunales argentinos de corrupción.  Ahora le toca a SRE tratar de repararsu  falta de estarura politica.",2026-04-30T09:48:06Z,0,Gobierno de Tampico,Fernando Farías: huachicol fiscal y tensión política entre México y Argentina,Centinela del Norte,2026-04-28T15:18:53Z,2026-05-04 08:12:40
580pyEUfcww,Ugx7Ktuox0IJyx560714AaABAg,@RobertoDominguezLozano,Morena es Narcogobierno,2026-04-30T03:36:57Z,1,Gobierno de Tampico,Fernando Farías: huachicol fiscal y tensión política entre México y Argentina,Centinela del Norte,2026-04-28T15:18:53Z,2026-05-04 08:12:40
580pyEUfcww,UgzGfKuL75Ztc6Q9Tyd4AaABAg,@L.EdgardLara,Exponer todo sobre el<br>Huachicol  Fiscal.<br>Como se le Ocurre a Sheinbaum <br>Meterse con un<br>Pais Ajeno<br>Que tiene en la<br>Cabeza la comunista el comunismo No<br>Funciono NO Funciona,2026-04-30T01:41:15Z,0,Gobierno de Tampico,Fernando Farías: huachicol fiscal y tensión política entre México y Argentina,Centinela del Norte,2026-04-28T15:18:53Z,2026-05-04 08:12:40
580pyEUfcww,UgyhVQcDURL1hQ0KMP94AaABAg,@franciscojavierbarrongomez7995,"Claudia hizo mal en defender a a caer sobre Amlo Cristina,ahora Argentina se vengara,todo va a caer sobre Amlo, el verdadero Arquitecto del huachicpl,se le va a poner feo,x su gran ambicion",2026-04-29T18:29:18Z,0,Gobierno de Tampico,Fernando Farías: huachicol fiscal y tensión política entre México y Argentina,Centinela del Norte,2026-04-28T15:18:53Z,2026-05-04 08:12:40
580pyEUfcww,UgwhEkMvuQXQOcpOHtR4AaABAg,@fanyborger4883,Yo pienso que la lista de narcopoliticos debe ser mas de 250 politicos.,2026-04-29T17:55:09Z,3,Gobierno de Tampico,Fernando Farías: huachicol fiscal y tensión política entre México y Argentina,Centinela del Norte,2026-04-28T15:18:53Z,2026-05-04 08:12:40
580pyEUfcww,UgzsHsEfqbZVTJH8gXl4AaABAg,@victorianorivera-d1n,"ya que lo mamden  a USA, ahorremonos el  teatro...",2026-04-29T17:34:54Z,2,Gobierno de Tampico,Fernando Farías: huachicol fiscal y tensión política entre México y Argentina,Centinela del Norte,2026-04-28T15:18:53Z,2026-05-04 08:12:40
580pyEUfcww,UgyhxOjhLD4ObDnDs794AaABAg,@DoloresAcostaGarcía-z8d,"Karma se llama lo que le sucudió a la Narca Huachicolera PRESIRVIENTA Secretaria Pinocha con la detención del delincuente huachicolero en Argentina,  Ella con la cartulina de La Expresidenta Cristina de Argentina y luego la detención.<br><a href=""http://www.youtube.com/results?search_query=%23narcopresidentaclaudia"">#NarcoPresidentaClaudia</a><br><a href=""http://www.youtube.com/results?search_query=%23narcopresidentaclaudia"">#NarcoPresidentaClaudia</a><br><a href=""http://www.youtube.com/results?search_query=%23narcopresidentaclaudia"">#NarcoPresidentaClaudia</a>",2026-04-29T16:55:52Z,0,Gobierno de Tampico,Fernando Farías: huachicol fiscal y tensión política entre México y Argentina,Centinela del Norte,2026-04-28T15:18:53Z,2026-05-04 08:12:40
580pyEUfcww,UgyjR0h_YgsXh0yQsnd4AaABAg,@josemendoza-ws3tl,SI LO EXTRADITAN A USA LOS  POLÍTICOS DE LA 4T TENDRAN QUE COMPRAR MUCHO PETOBISMOL PORQUE LES BIENE LA DIARREA.,2026-04-29T16:34:11Z,0,Gobierno de Tampico,Fernando Farías: huachicol fiscal y tensión política entre México y Argentina,Centinela del Norte,2026-04-28T15:18:53Z,2026-05-04 08:12:40
580pyEUfcww,UgzaI6V8n8TbBN-EfrB4AaABAg,@enriquereyna8840,"Muchas felicidades por tu programa y darnos mucha información tan clara y objetiva. Fuera este narcogobierno y está es la forma, ayudados por EU de echar a patadas a la 4defermacio",2026-04-29T15:50:07Z,0,Gobierno de Tampico,Fernando Farías: huachicol fiscal y tensión política entre México y Argentina,Centinela del Norte,2026-04-28T15:18:53Z,2026-05-04 08:12:40
580pyEUfcww,UgzJNe6fpd1yQmK-fI94AaABAg,@mistikterraawakeningexperi1632,La presidente es la primera gran responsable,2026-04-29T15:05:36Z,1,Gobierno de Tampico,Fernando Farías: huachicol fiscal y tensión política entre México y Argentina,Centinela del Norte,2026-04-28T15:18:53Z,2026-05-04 08:12:40
580pyEUfcww,Ugz54ARiJWA9F5Ew6eJ4AaABAg,@IsabelCanela-z9o,A LOPEZ OBRADIR Y LA PRECIDENTA CLAUDIA  TIENEN ODIO Y MALDAD EN EL CORAZON Y ANDAN COMO DEMONIO A QUIEN DEVORAR  QUE LLEGAN AL GRADO DE MATAR COMO LO HICIERON. CON CARLOS MANZO,2026-04-29T15:04:15Z,1,Gobierno de Tampico,Fernando Farías: huachicol fiscal y tensión política entre México y Argentina,Centinela del Norte,2026-04-28T15:18:53Z,2026-05-04 08:12:40
580pyEUfcww,Ugx8AhA1Qxeh1y1yDTR4AaABAg,@IsabelCanela-z9o,ES LA VERDAD MEXICO TIENE MIEDO QUE HABLE FEERNANDO,2026-04-29T14:59:07Z,1,Gobierno de Tampico,Fernando Farías: huachicol fiscal y tensión política entre México y Argentina,Centinela del Norte,2026-04-28T15:18:53Z,2026-05-04 08:12:40
580pyEUfcww,Ugx9f3jctFxdTO75oVN4AaABAg,@juanmartinbernalpascual6353,"Yo pollamos verdaderos heroes Nacionales en contra de estos narcos Morenistas. De esta gobernadora  Maru Campus será que lees en terror El negoció de sus porquerías de Morena para sus elecciones Electoreras. Esta gobernadora debería ser la presidenta  ,No la porquería de presidenta que tenemos los mexicanos",2026-04-29T14:58:20Z,0,Gobierno de Tampico,Fernando Farías: huachicol fiscal y tensión política entre México y Argentina,Centinela del Norte,2026-04-28T15:18:53Z,2026-05-04 08:12:40
580pyEUfcww,Ugz5LDAFFvtJcYm_KNF4AaABAg,@IsabelCanela-z9o,DISCULPEN PERO TIENEN QUE POTREJDER  aFERNANDO FRIAS PORQUE. EN MEXICO CORRE. PELIGRO  CON EL GOBIERNO DE MORENA,2026-04-29T14:57:15Z,0,Gobierno de Tampico,Fernando Farías: huachicol fiscal y tensión política entre México y Argentina,Centinela del Norte,2026-04-28T15:18:53Z,2026-05-04 08:12:40
580pyEUfcww,Ugw_1siV6Zi8buP6kgR4AaABAg,@estrellamadelaluzlabastida8873,Todos están en la lista!! Es terrible...,2026-04-29T14:21:02Z,0,Gobierno de Tampico,Fernando Farías: huachicol fiscal y tensión política entre México y Argentina,Centinela del Norte,2026-04-28T15:18:53Z,2026-05-04 08:12:40
580pyEUfcww,UgwmeOMKsa8H7sfHze94AaABAg,@lunamorena390,"Excelente REPORTE y ANALISIS. Muy bien explicado! Gracias! Te SUGIERO SIEMPRE ser muy ESPECIFICA en AGREGAR El GOBIERNO de MEXICO y NO &quot;Mexico&quot; porque se DEBE DEFINIR públicamente e INSISTENTEMENTE que ELLOS, los morena son y hacen! La narrativa del &quot;pueblo&quot; ha hecho caer al Mexicano en una SUMISION cada vez más AGRAVANTE!! Es el gobierno de USA. Y EL Gob. Como bien dices, morena. Gracias. LM",2026-04-29T13:50:38Z,0,Gobierno de Tampico,Fernando Farías: huachicol fiscal y tensión política entre México y Argentina,Centinela del Norte,2026-04-28T15:18:53Z,2026-05-04 08:12:40
580pyEUfcww,UgzCWIx7TOQEXfgjSq14AaABAg,@lunamorena390,Es REFRESCANTE escuchar hablar el CASTELLANO CORTECTAMENTE. Y MAS importante y significativo de lo que NO escucho a ALGUIEN compartir que es EL LENGUAJE es el ELEMENTO PRIMARIO de IMPOSICION de IDEOLOGIA.,2026-04-29T13:38:41Z,0,Gobierno de Tampico,Fernando Farías: huachicol fiscal y tensión política entre México y Argentina,Centinela del Norte,2026-04-28T15:18:53Z,2026-05-04 08:12:40
580pyEUfcww,Ugw38l_LFeumqMxnknZ4AaABAg,@juanmartinbernalpascual6353,Dise un refrán que caí más un hablador que un cojo,2026-04-29T13:35:46Z,0,Gobierno de Tampico,Fernando Farías: huachicol fiscal y tensión política entre México y Argentina,Centinela del Norte,2026-04-28T15:18:53Z,2026-05-04 08:12:40
580pyEUfcww,UgwB_TXlHzU-3cK5KNd4AaABAg,@juanmartinbernalpascual6353,La presidenta fue la señora más estúpida Por caerle todos los cochineros de su padrino López Obrador  oja No lee de algo de cada pendejada que sale de este Expresidente Lopez Obrador que ingenia por ser nada más Presidenta,2026-04-29T13:34:17Z,0,Gobierno de Tampico,Fernando Farías: huachicol fiscal y tensión política entre México y Argentina,Centinela del Norte,2026-04-28T15:18:53Z,2026-05-04 08:12:40
580pyEUfcww,Ugxa_7NgoIbI3KguX154AaABAg,@jesusmoralescruz6062,Ojalá se lleven primero a Andres Manuel  Lopez Obrador,2026-04-29T12:59:08Z,2,Gobierno de Tampico,Fernando Farías: huachicol fiscal y tensión política entre México y Argentina,Centinela del Norte,2026-04-28T15:18:53Z,2026-05-04 08:12:40
580pyEUfcww,Ugy-ZZmMacd4GBQQAOx4AaABAg,@chelameza9261,Pero si ella también bien embarrada,2026-04-29T12:34:03Z,0,Gobierno de Tampico,Fernando Farías: huachicol fiscal y tensión política entre México y Argentina,Centinela del Norte,2026-04-28T15:18:53Z,2026-05-04 08:12:40
580pyEUfcww,Ugw1aeW8tT07jimbj7h4AaABAg,@Mechas-w8k,La FGR Ernestina Godoy ya dijo que ese  audio es “falso”,2026-04-29T12:34:00Z,0,Gobierno de Tampico,Fernando Farías: huachicol fiscal y tensión política entre México y Argentina,Centinela del Norte,2026-04-28T15:18:53Z,2026-05-04 08:12:40
580pyEUfcww,UgzreJI7GpsR0UOQz4h4AaABAg,@demetriohernandez1999,La inquilina de palacio nacional desde que estaba casada con Carlos Imaz está alineada con el crimen organizado y pegada a su líder moral Andrés Manuel López Obrador y se a visto muy claro porque ese nefasto ex presidente siempre la protegió de cualquier juicio al que se hizo acreedora por su responsabilidad con lo del colegio rebsamen y lo más reciente lo de la línea 12 del sistema colectivo Metro. Así que no es raro lo que está sucediendo con Claudia y su segundo periodo destructivo de la democracia y la justicia de México. Si Estados Unidos no detiene a la secta morenista la población mexicana la tiene difícil porque ya están controlando todo estos podridos cuatreros 💀,2026-04-29T12:12:12Z,0,Gobierno de Tampico,Fernando Farías: huachicol fiscal y tensión política entre México y Argentina,Centinela del Norte,2026-04-28T15:18:53Z,2026-05-04 08:12:40
580pyEUfcww,UgxmA23_AFpbbNwpeK14AaABAg,@CarlosLupercio-c8b,Ya es hora de parar al cacas,2026-04-29T12:06:40Z,2,Gobierno de Tampico,Fernando Farías: huachicol fiscal y tensión política entre México y Argentina,Centinela del Norte,2026-04-28T15:18:53Z,2026-05-04 08:12:40
580pyEUfcww,UgwZyZZOOYXaW7LqjA94AaABAg,@CarlosLupercio-c8b,"Descubriendo tu canal, muy bien , nada como la verdad y ay que enfrentar a militares que no nos sirven para nada.",2026-04-29T12:01:52Z,1,Gobierno de Tampico,Fernando Farías: huachicol fiscal y tensión política entre México y Argentina,Centinela del Norte,2026-04-28T15:18:53Z,2026-05-04 08:12:40
580pyEUfcww,UgxFdKyPkZ7NxtC74sF4AaABAg,@pedromariscalcorona3381,"Minuto <a href=""https://www.youtube.com/watch?v=580pyEUfcww&amp;t=450"">7:30</a> &quot;teme por su vida por la justicia mexicana&quot;<br>No será por la será por la justicia macuspana??",2026-04-29T10:57:01Z,1,Gobierno de Tampico,Fernando Farías: huachicol fiscal y tensión política entre México y Argentina,Centinela del Norte,2026-04-28T15:18:53Z,2026-05-04 08:12:40
580pyEUfcww,Ugx2abCUp60jgrw5hMp4AaABAg,@JuanHernandez-pe7hl,A quien le sorprende q Claudia defienda a todo tipo de corruptos y narcos son parte de ella de la misma calaña como a Cristina y según dise no interbencion,2026-04-29T07:59:13Z,3,Gobierno de Tampico,Fernando Farías: huachicol fiscal y tensión política entre México y Argentina,Centinela del Norte,2026-04-28T15:18:53Z,2026-05-04 08:12:40
580pyEUfcww,Ugxf83dn2uLZWao1ZXp4AaABAg,@CarolinaMartinez-zk6os,No tiene cerebro ésta Sheimbaum y nos hunde en sus tonterías!! Ojalá con Farías salga toda la verdad y lo manden a Estados Unidos!,2026-04-29T07:04:47Z,1,Gobierno de Tampico,Fernando Farías: huachicol fiscal y tensión política entre México y Argentina,Centinela del Norte,2026-04-28T15:18:53Z,2026-05-04 08:12:40
580pyEUfcww,UgxTZFpbTSYdr4txk7R4AaABAg,@veronicaromopedroza6726,"Morena sabe crear circo y aprovecha para crear la &quot;gran&quot; opositora así como hizo creer que Xochitl marxista quien fue inducida como una supuesta líder opositora, así ahora les gusta Maru Campos como oposición (el circo y la manipulación)",2026-04-29T06:30:48Z,0,Gobierno de Tampico,Fernando Farías: huachicol fiscal y tensión política entre México y Argentina,Centinela del Norte,2026-04-28T15:18:53Z,2026-05-04 08:12:40
580pyEUfcww,Ugz1L-l_9pu1TaS2GX54AaABAg,@veronicaromopedroza6726,"A narcomorena le viene como anillo al dedo el caos, empobreciendo, inseguridad, todo lo que nos perjudica a los ciudadanos, así son los comunistas",2026-04-29T05:57:46Z,0,Gobierno de Tampico,Fernando Farías: huachicol fiscal y tensión política entre México y Argentina,Centinela del Norte,2026-04-28T15:18:53Z,2026-05-04 08:12:40
580pyEUfcww,Ugw3AU9XiZd94peHCCR4AaABAg,@veronicaromopedroza6726,Me gustaría que fuera trescientos los que USA quiera presentarles acusaciones pero tal vez sean unos catorce 😢,2026-04-29T05:53:44Z,0,Gobierno de Tampico,Fernando Farías: huachicol fiscal y tensión política entre México y Argentina,Centinela del Norte,2026-04-28T15:18:53Z,2026-05-04 08:12:40
580pyEUfcww,Ugw817qCEGgVLueBWo94AaABAg,@josejesusluna2695,Acerca de porqué comento de la presidente de argentina que está encarcelada pues porque una persona que es estúpida pues le gusta lucirce y se lleva el primer lugar veo y creo que a la repartición llegó muy tarde,2026-04-29T05:26:48Z,0,Gobierno de Tampico,Fernando Farías: huachicol fiscal y tensión política entre México y Argentina,Centinela del Norte,2026-04-28T15:18:53Z,2026-05-04 08:12:40
580pyEUfcww,Ugyc_o7_sk7IxP0z5-l4AaABAg,@carlosrodriguez5951,Ya quiero y deseo ver fuera a morena y a Claudia y Obrador en la cárcel,2026-04-29T05:19:02Z,2,Gobierno de Tampico,Fernando Farías: huachicol fiscal y tensión política entre México y Argentina,Centinela del Norte,2026-04-28T15:18:53Z,2026-05-04 08:12:40
580pyEUfcww,UgypeyVg0Kuns1EPgSZ4AaABAg,@RaulValencia-e8z,"!caballazo a machete de espadas, se las aplicaron al revés alrrevezado, por defender a la rata argentina, ahora le van a trabar la extradición de la rata marinera, y posiblemente lo entreguen a usa, que sería lo mejor para que les den unos toques, hooo si que si!",2026-04-29T04:17:48Z,0,Gobierno de Tampico,Fernando Farías: huachicol fiscal y tensión política entre México y Argentina,Centinela del Norte,2026-04-28T15:18:53Z,2026-05-04 08:12:40
580pyEUfcww,UgwwOLy8BpQAyTuvlTh4AaABAg,@joaquingonzales8279,"La traicion a MEXICO y ESCÁNDALO DE CORRUPCION DE LOPEZ OBRADOR YLOS GOBERNADORES DE LA 4a.Y CONGRESISTAS DE MORENA, PT Y VERDE.<br>EN TODA LA HISTORIA<br>DE NUESTRA PATRIA.",2026-04-29T04:07:59Z,0,Gobierno de Tampico,Fernando Farías: huachicol fiscal y tensión política entre México y Argentina,Centinela del Norte,2026-04-28T15:18:53Z,2026-05-04 08:12:40
580pyEUfcww,UgweMQGpXyDMQ4x6x2J4AaABAg,@RaulValencia-e8z,"!si morena mueve la ley como le combiene, porque milei no la va mover como a el le  combiene!",2026-04-29T03:39:28Z,1,Gobierno de Tampico,Fernando Farías: huachicol fiscal y tensión política entre México y Argentina,Centinela del Norte,2026-04-28T15:18:53Z,2026-05-04 08:12:40
580pyEUfcww,UgyjzSNnLGcEIZxuX8h4AaABAg,@efrainvalencia2024,Directo a usa para que hable.,2026-04-29T03:19:25Z,0,Gobierno de Tampico,Fernando Farías: huachicol fiscal y tensión política entre México y Argentina,Centinela del Norte,2026-04-28T15:18:53Z,2026-05-04 08:12:40
580pyEUfcww,Ugy_UctV27VvWZJw_4F4AaABAg,@JorgeHernandez-d7v,Ja ja ja...     Es que Diosito tiene una forma muy graciosa de odi4r a los zurdos...!<br>Saca la Doctora su pancartita. Y.  TREZ DORITOS DESPUÉS...     😂😂😂,2026-04-29T02:15:15Z,0,Gobierno de Tampico,Fernando Farías: huachicol fiscal y tensión política entre México y Argentina,Centinela del Norte,2026-04-28T15:18:53Z,2026-05-04 08:12:40
580pyEUfcww,Ugxdeo4zaNyDKmH4LmN4AaABAg,@valerutilio8149,Las mexicanas que no tenemos nada que ver con la 🐀 rata transformación no estamos de acuerdo de que extraditen a ese rata a México por lo mismo porque acá no hay justicia..que se queden donde no haiga impunidad...,2026-04-29T00:46:33Z,0,Gobierno de Tampico,Fernando Farías: huachicol fiscal y tensión política entre México y Argentina,Centinela del Norte,2026-04-28T15:18:53Z,2026-05-04 08:12:40
580pyEUfcww,Ugz0pcLiiDGEhL0ntUV4AaABAg,@andrespaz8661,Y vos quien sos...????,2026-04-29T00:45:02Z,0,Gobierno de Tampico,Fernando Farías: huachicol fiscal y tensión política entre México y Argentina,Centinela del Norte,2026-04-28T15:18:53Z,2026-05-04 08:12:40
580pyEUfcww,UgyzuDHGX9vt9x-JJVB4AaABAg,@salvadorespinosa7558,Vivausamuerteamorenosmarranos😅,2026-04-29T00:34:04Z,0,Gobierno de Tampico,Fernando Farías: huachicol fiscal y tensión política entre México y Argentina,Centinela del Norte,2026-04-28T15:18:53Z,2026-05-04 08:12:40
580pyEUfcww,UgyX6TDRnkgQNVZBMU54AaABAg,@mariadelcarmenavila7689,Yo creo que tiene que huir del gobierno de los patrones huachicoleros 😮😳,2026-04-29T00:28:03Z,0,Gobierno de Tampico,Fernando Farías: huachicol fiscal y tensión política entre México y Argentina,Centinela del Norte,2026-04-28T15:18:53Z,2026-05-04 08:12:40
580pyEUfcww,UgzEbSs6MI4eB_E7qJ14AaABAg,@fredygutierrez7737,"Ya me imagino como estará el Presidente Trump riéndose de nosotros y diciendo míralos solitos robándose jajajaja somos la burla del mundo, y ya saben que ya somos el País más CORRUPTO DEL MUNDO!!! El # 1!!!",2026-04-29T00:15:41Z,2,Gobierno de Tampico,Fernando Farías: huachicol fiscal y tensión política entre México y Argentina,Centinela del Norte,2026-04-28T15:18:53Z,2026-05-04 08:12:40
580pyEUfcww,UgwxhJ1-Z6OVbOfMzFJ4AaABAg,@carlososorio3439,COMO LO PERMITIMOS Y SEGUIMOS PERMITIENDO ESTE SAQUEO HISTORICO DE ESTE PAIS. ¡¡ME DA VERGUENZA!!,2026-04-29T00:08:49Z,1,Gobierno de Tampico,Fernando Farías: huachicol fiscal y tensión política entre México y Argentina,Centinela del Norte,2026-04-28T15:18:53Z,2026-05-04 08:12:40
580pyEUfcww,UgzCnSYoYF0peMvIB-d4AaABAg,@MariadelCarmenSESIN,"Todo es verdad lo que dices, si regresa a México lo asesinan y después dicen &quot;se suicidó&quot; es como acostumbran toodos los de este Narco-gobierno mexicano🇲🇽 a los que defienden son a los Carteles Terroristas, por eso tenemos el Cementerio más grande del mundo. Dios 🙏 quiera que TRUMP 🇱🇷 los ENCARCELE a toodos, familiares, amistades etc. Y vivamos en Paz, con medicamentos más mil etcéteras.👎🐀☠️🐀💀🤮",2026-04-29T00:08:05Z,3,Gobierno de Tampico,Fernando Farías: huachicol fiscal y tensión política entre México y Argentina,Centinela del Norte,2026-04-28T15:18:53Z,2026-05-04 08:12:40
580pyEUfcww,UgzzfY2ks9QbmXHRM094AaABAg,@martindelacruzvazquez7870,Lo que puede ganar $$$ . NETFLIX . CON ESTE CASO DEL WACHICOL FISCAL Con una serie televisiva  y una película .,2026-04-29T00:07:42Z,0,Gobierno de Tampico,Fernando Farías: huachicol fiscal y tensión política entre México y Argentina,Centinela del Norte,2026-04-28T15:18:53Z,2026-05-04 08:12:40
580pyEUfcww,UgyxpkkXryN-kOpH0XZ4AaABAg,@detectivegoma,No sabía que la narco política de Andrea Chávez estaba en el lugar... Muy sospechoso... Es evidente que está coludida.,2026-04-28T23:56:37Z,1,Gobierno de Tampico,Fernando Farías: huachicol fiscal y tensión política entre México y Argentina,Centinela del Norte,2026-04-28T15:18:53Z,2026-05-04 08:12:40
580pyEUfcww,UgzED7dBDowUr6IABLd4AaABAg,@RafaelMartinez-h7m,"SI ,SI SI QUE FARIAS LAGUNA ,SE LO LLEVEN A E.U.",2026-04-28T23:29:43Z,10,Gobierno de Tampico,Fernando Farías: huachicol fiscal y tensión política entre México y Argentina,Centinela del Norte,2026-04-28T15:18:53Z,2026-05-04 08:12:40
580pyEUfcww,UgzFjSxaZzde0aY4gwp4AaABAg,@RafaelMartinez-h7m,ESTA MUJER  MALVADA TITERE DE LOPEZ ..SIEMPRE CAGÁNDOLA,2026-04-28T23:27:06Z,0,Gobierno de Tampico,Fernando Farías: huachicol fiscal y tensión política entre México y Argentina,Centinela del Norte,2026-04-28T15:18:53Z,2026-05-04 08:12:40
580pyEUfcww,Ugwf6Oy4NeRysTbOwTh4AaABAg,@lorenaperez816,"No le conviene parar nada, porqué está Crisndr por enriquecimiento ilícito, y no le favorece en nada!!",2026-04-28T23:23:30Z,0,Gobierno de Tampico,Fernando Farías: huachicol fiscal y tensión política entre México y Argentina,Centinela del Norte,2026-04-28T15:18:53Z,2026-05-04 08:12:40
580pyEUfcww,Ugx1yJJctwap1gKkHWp4AaABAg,@PedroMartinez-n5q4s,RECLAMAN A FERNANDO FARIAS PARA TAPARLE LA BOCA. LOS MUERTOS NO HABLAN.,2026-04-28T23:21:42Z,2,Gobierno de Tampico,Fernando Farías: huachicol fiscal y tensión política entre México y Argentina,Centinela del Norte,2026-04-28T15:18:53Z,2026-05-04 08:12:40
580pyEUfcww,Ugzb1V3StbmOwPQsYRR4AaABAg,@VictorZamorano-n3c,El pez por su propia boca,2026-04-28T23:20:30Z,0,Gobierno de Tampico,Fernando Farías: huachicol fiscal y tensión política entre México y Argentina,Centinela del Norte,2026-04-28T15:18:53Z,2026-05-04 08:12:40
580pyEUfcww,UgzRrwnmEhs2VWuQZwV4AaABAg,@GenaroBravo-hm4fy,"Mi opinión personal es; tiene toda la razón Farias Laguna, es mejor que declare todo y que solicite traslado a USA para ratificar todo lo que sabe del Guachicol Fiscal",2026-04-28T23:16:06Z,0,Gobierno de Tampico,Fernando Farías: huachicol fiscal y tensión política entre México y Argentina,Centinela del Norte,2026-04-28T15:18:53Z,2026-05-04 08:12:40
580pyEUfcww,UgzvKdQDGIurIjwmJ3Z4AaABAg,@Coleta-j8e,Que no trsigsn a ese señot fatias a mexivo que lo msnden a EE.UU. QUE NOS HAGAN UN FAVOR!!!,2026-04-28T23:15:33Z,1,Gobierno de Tampico,Fernando Farías: huachicol fiscal y tensión política entre México y Argentina,Centinela del Norte,2026-04-28T15:18:53Z,2026-05-04 08:12:40
580pyEUfcww,UgxUzLYxLUMtUcn4j4d4AaABAg,@MarcoAntonioPeralta-c6l,"Y SI SE VA, COMO ... TESTIGO PROTEGIDO ... MAMÁ MÍA ... TAN TÁN",2026-04-28T23:09:39Z,5,Gobierno de Tampico,Fernando Farías: huachicol fiscal y tensión política entre México y Argentina,Centinela del Norte,2026-04-28T15:18:53Z,2026-05-04 08:12:40
580pyEUfcww,UgxCyL1ujPfM2ihgP3p4AaABAg,@rogerrosas7032,Morena se desmorona jajajaja 🤣🤣🤣🤣🤣🤣🤣🤣🤣🤣,2026-04-28T22:56:29Z,0,Gobierno de Tampico,Fernando Farías: huachicol fiscal y tensión política entre México y Argentina,Centinela del Norte,2026-04-28T15:18:53Z,2026-05-04 08:12:40
580pyEUfcww,Ugz8XHPpUH-OsNuS6rB4AaABAg,@JesusMeza-r3x,Saludos desde Chicago  está muy bien que estraditen aese señor farias a estados unidos para que ya le enpiesen sacar sus trapitos al sol  amorena están asta las manitas del guachicol  y todo mundo sabe pero morena nunca abia encarcelar Asus propios  aliados de morena necesita estados unidos pa arrestar  esos  guachicolero  .orenistas,2026-04-28T22:55:01Z,0,Gobierno de Tampico,Fernando Farías: huachicol fiscal y tensión política entre México y Argentina,Centinela del Norte,2026-04-28T15:18:53Z,2026-05-04 08:12:40
580pyEUfcww,UgwaZb1fvtGm5f353eV4AaABAg,@juanprado8376,"Pero ya la presidente o presidenta que corre a todos los carteles mexicanos es dirigida por al señor que le ves a la mano Almo algo, así",2026-04-28T22:23:03Z,0,Gobierno de Tampico,Fernando Farías: huachicol fiscal y tensión política entre México y Argentina,Centinela del Norte,2026-04-28T15:18:53Z,2026-05-04 08:12:40
580pyEUfcww,Ugw4PQKBCXrc2FikYTJ4AaABAg,@MartinDiaz-j3c,"Milei no lo extradites a México, morena lo va a silenciar como hicieron con él almirante Guerrero. Mejor a EE.UU. para que lo proteja y cante todo.",2026-04-28T22:05:26Z,2,Gobierno de Tampico,Fernando Farías: huachicol fiscal y tensión política entre México y Argentina,Centinela del Norte,2026-04-28T15:18:53Z,2026-05-04 08:12:40
580pyEUfcww,UgylTn5JXMij8zLiYmJ4AaABAg,@MartinDiaz-j3c,"Claudia por el grado y jerarquía en turno. No debe apoyar a nadie, así sea su propia familia, porque entonces deja entredicho su refutación como tal.",2026-04-28T22:02:54Z,1,Gobierno de Tampico,Fernando Farías: huachicol fiscal y tensión política entre México y Argentina,Centinela del Norte,2026-04-28T15:18:53Z,2026-05-04 08:12:40
580pyEUfcww,UgzN3ZW6tIcP3iXUzGV4AaABAg,@omarsitopro5338,X k a todas las gasolineras k venden gasolina robada es k acuerdos de dinero los protejen ya k a la fecha no an detenido a nadie k mugrero de corrupcion,2026-04-28T22:01:53Z,4,Gobierno de Tampico,Fernando Farías: huachicol fiscal y tensión política entre México y Argentina,Centinela del Norte,2026-04-28T15:18:53Z,2026-05-04 08:12:40
580pyEUfcww,Ugyi1SpLfFQhC3iFbRJ4AaABAg,@RBnett1,Dam! Que aburrida.,2026-04-28T21:59:50Z,0,Gobierno de Tampico,Fernando Farías: huachicol fiscal y tensión política entre México y Argentina,Centinela del Norte,2026-04-28T15:18:53Z,2026-05-04 08:12:40
580pyEUfcww,UgzhdOBwMCTqobJ2vrZ4AaABAg,@ReynaMagana-qo8mh,Es EX PRESIDENTE AMLO.,2026-04-28T21:50:18Z,1,Gobierno de Tampico,Fernando Farías: huachicol fiscal y tensión política entre México y Argentina,Centinela del Norte,2026-04-28T15:18:53Z,2026-05-04 08:12:40
580pyEUfcww,UgzR6ImkgTjzW2iXk8l4AaABAg,@salomesilvestre6874,Directamente y sin escalas hay que deportarlo a EUA Farias Laguna y la Sra Sheimbaun solo habla como merolico al repetir la retórica de la defensa de la Kishner y de todos aquellos como en su momento Venezuela y Cuba pues son hermanos del crimen y demás delitos,2026-04-28T21:40:05Z,1,Gobierno de Tampico,Fernando Farías: huachicol fiscal y tensión política entre México y Argentina,Centinela del Norte,2026-04-28T15:18:53Z,2026-05-04 08:12:40
580pyEUfcww,Ugy25bTw2KJ_zgpVcG54AaABAg,@HADASSA-s1o,Y ENTERADOS QUÉ NO NADA MÁS ERA HUACHICOL TAMBIÉN ARMÁS ANDY TENDRÁ QUÉ PAGAR SUS PÉSIMAS DECISIONES,2026-04-28T21:37:00Z,2,Gobierno de Tampico,Fernando Farías: huachicol fiscal y tensión política entre México y Argentina,Centinela del Norte,2026-04-28T15:18:53Z,2026-05-04 08:12:40
580pyEUfcww,UgwM-MLZqMCgN7-CfAt4AaABAg,@rociogalindoarizmendi8334,"Este sexenio de el grupo terrorista morena, pudrió al ejército y la marina🤨 eran nuestro orgullo 🥺 va a ser muy difícil volver a confiar en ellos",2026-04-28T21:36:24Z,0,Gobierno de Tampico,Fernando Farías: huachicol fiscal y tensión política entre México y Argentina,Centinela del Norte,2026-04-28T15:18:53Z,2026-05-04 08:12:40
580pyEUfcww,Ugxf9efzHEzVIjuxOMB4AaABAg,@HADASSA-s1o,EXELENTE,2026-04-28T21:35:24Z,0,Gobierno de Tampico,Fernando Farías: huachicol fiscal y tensión política entre México y Argentina,Centinela del Norte,2026-04-28T15:18:53Z,2026-05-04 08:12:40
580pyEUfcww,UgxEmvqs_ajFKPD3RZl4AaABAg,@professorvannostrand1523,Lo mismo dijeron con el Mayoneso Zumbado y no pasa nada.,2026-04-28T21:30:48Z,2,Gobierno de Tampico,Fernando Farías: huachicol fiscal y tensión política entre México y Argentina,Centinela del Norte,2026-04-28T15:18:53Z,2026-05-04 08:12:40
580pyEUfcww,UgxFfWnbnx1VuR6KS3Z4AaABAg,@wellmandelacruz6201,SOBRE TODO QUE DECLARE COMO FINANCIO SU AMPLIA CAMPAÑA PARA LLEGAR A LA PRESIDENCIA,2026-04-28T21:22:11Z,19,Gobierno de Tampico,Fernando Farías: huachicol fiscal y tensión política entre México y Argentina,Centinela del Norte,2026-04-28T15:18:53Z,2026-05-04 08:12:40
580pyEUfcww,Ugy-IjwvIWwZ_NgBZfJ4AaABAg,@aliciacruz6589,La Claudia no entiende que cada que escupe le rebota en la cara 😅😅😅,2026-04-28T21:18:49Z,31,Gobierno de Tampico,Fernando Farías: huachicol fiscal y tensión política entre México y Argentina,Centinela del Norte,2026-04-28T15:18:53Z,2026-05-04 08:12:40
580pyEUfcww,Ugxr3fRdJHAASKZPRbV4AaABAg,@heisenbergtherigatonisdad4041,Y ESO?. QUE EL MACUSPANO SIEMPRE LES DIJO ASUS BORREGOS Y CHAIROS Y QUE LOS OTROS Y QUE LOS OTROS?. PERO DE ESOS OTROS K. TANTO ABLAVA EL MACUSPANO ERAN PERO DE LOS HUEVOS DE ACERO DEL MEJOR JOUTUBER LECTOMANO?. AL QUE NUNCA LO PUDO COMPRAR EL MACUSPANO NI CON TODO EL DINERO QUE SE ROBO  <br><br>CON LA 4RTA PERO NARCO TRANSFOMACION DE RATASSSSS?. Y DE TODAS LAS MALETAS K. RWSIVIO<br>BIEN LLENAS DE LOS CUEROS DE RANA DEL SEÑOR JOAQUIN GUZMAN LOERA Y EL REY ZANVADA VERDAS VASOFIA PACTARIA DEL NARCO Y DEL HUACHICOL Y DE LOS DICTADORES Y DE TODO LO QUE TENGA QUE VER CON LA COPRRUCION Y LA DELINCUENCIA HOGANISADA ALOS QUE ESTA BIEN ARRODILLADA LA VASOFIA PACTARIA Y SU NARCO GATA LA PRESI SIRVIENTA Y LA LAGARTIJA ESPURIA?. LA QUE LES DISE ALOS BORREGOS Y CHAIROS QUE EL QUE MANDA ES EL PUEBLO?. PERO EL PUEBLO DE LOS HUEVOS DE ACERO DEL MEJOR JOUTUBER LECTOMANO VERDAD BORREGOS Y CHAIROS DEL KKS?. Y DELA NARCO GATA QUIEN ES EL QUE MANDA EL QUE PAGA?. Y PORESO EL QUE MANDA ES EL NARCO?. Y AYA DE LOS CIEGOS QUE NO QUIERAN VER?. YA QUE PORESO SI LOS PERROS QUE SON LOS PERROS ABREN LOS OJOS ALOS 15 DIAS PERO LOS BORREGOS Y CHAIROS JAMAS LOS ABRIRAN?. TA QUE SOLO TIENEN LA CHOYA PARA CRIAR PIOJOS?.,2026-04-28T20:56:38Z,0,Gobierno de Tampico,Fernando Farías: huachicol fiscal y tensión política entre México y Argentina,Centinela del Norte,2026-04-28T15:18:53Z,2026-05-04 08:12:40
580pyEUfcww,Ugxzt1y-Qppd4sTQump4AaABAg,@heisenbergtherigatonisdad4041,YA VEZ SURDO POR SIEMPRE AVERLES DICHO ASUS BORREGOS Y CHAIROS QUE NINGUNO DE SUS HIJOS DEL MACUSPANO TENDRIAN NADA QE VER CON LA POLITICA  Y<br><br>QUE POR EL UNICO QUE EL SERIA RWSPONSABLE ERA POR SU HIJO EL ROTOFLANCITO. AL QUE LE COMPRO<br>UNOS TENIS DEL VALOR DE $ 50.000 MIL PESOS Y QUE EL MACUSPANO EL SE DAVA CUENTA DE TODOS LOS NEGOCIOS JUGOSOS QUE ASEN LOS COPRRUCTOS Y AY ESTAN LOS MISMOSSS HIJOS DEL MACUSPANO Y QUE EL MACUSPANO ERA UNA AVE BLANCA Y QUE CRUSAVAS LOS PANTANOS Y K. NO SE MANCHAVA?. VERDAD BORREGOS Y CHAIROS DELA VASOFIA PACTARIA DEL NARCO?.,2026-04-28T20:44:36Z,0,Gobierno de Tampico,Fernando Farías: huachicol fiscal y tensión política entre México y Argentina,Centinela del Norte,2026-04-28T15:18:53Z,2026-05-04 08:12:40
580pyEUfcww,UgwQd-kOBZLe_hNUjbN4AaABAg,@martharodriguez7193,"100 millones de mexicanos no ganan nada, klawdya no fué invitada a la reunión de los socialistas y para que se notará su diminuta presencia, salió con su manta en apoyo a kirsner libre.<br>Pobre klawdya, no encuentra la forma de hacerse notar..",2026-04-28T20:37:26Z,6,Gobierno de Tampico,Fernando Farías: huachicol fiscal y tensión política entre México y Argentina,Centinela del Norte,2026-04-28T15:18:53Z,2026-05-04 08:12:40
580pyEUfcww,Ugx99y7WpFBLjs_6Fn94AaABAg,@mariaecarrenoperaltamonrro1843,Él pescado por su ocico muere. 😱🤣🤣🤣🤣👏👏👏👏👏,2026-04-28T20:28:20Z,14,Gobierno de Tampico,Fernando Farías: huachicol fiscal y tensión política entre México y Argentina,Centinela del Norte,2026-04-28T15:18:53Z,2026-05-04 08:12:40
580pyEUfcww,UgzyNUKspuuzyEjybUl4AaABAg,@MagdaDuran-r7l,"A la Narca Shitbaum le salio el tiro por la Culata,,,,",2026-04-28T19:54:18Z,20,Gobierno de Tampico,Fernando Farías: huachicol fiscal y tensión política entre México y Argentina,Centinela del Norte,2026-04-28T15:18:53Z,2026-05-04 08:12:40
580pyEUfcww,Ugzl6sYcMqQq69PeyHB4AaABAg,@edgarcorona3317,😂ya no fumes,2026-04-28T19:49:40Z,0,Gobierno de Tampico,Fernando Farías: huachicol fiscal y tensión política entre México y Argentina,Centinela del Norte,2026-04-28T15:18:53Z,2026-05-04 08:12:40
580pyEUfcww,Ugwy1zEiHj2xUBZrELN4AaABAg,@Abrahamb-p6e-r3n,Milei ya dijo que lo van a deportar a EEUU. Si lo envían a México los narcomorenos lo van a suicidar.,2026-04-28T18:40:03Z,22,Gobierno de Tampico,Fernando Farías: huachicol fiscal y tensión política entre México y Argentina,Centinela del Norte,2026-04-28T15:18:53Z,2026-05-04 08:12:40
580pyEUfcww,UgzaaEBFNDIzcPVzXOJ4AaABAg,@charrocanrol1,"El gobierno de 2018 a 2024 fue el sexenio del huachicol fiscal.<br><br>Deliberadamente tomaron una serie de decisiones que tuvieron como consecuencia directa el mayor robo al erario en la historia de México.<br><br>1. Pusieron a la Marina al mando de las aduanas, eliminando la supervisión civil y cualquier transparencia sobre lo que entra o sale del país.<br>2. Negaron nuevos permisos de importación, haciendo imposible que los privados pudieran competir legalmente.<br>3. Retiraron los permisos que ya existían, dejando fuera a los importadores legales y cerrando por completo el mercado formal.<br>4. Mantuvieron el IEPS en combustibles en su punto más alto, creando el incentivo perfecto para el contrabando y el fraude.<br><br>Así destruyeron el mercado legal de importación de combustibles para crear uno ilegal.<br><br>Y eso solo fue posible gracias a la participación y el silencio de las más altas esferas del poder, es decir, desde la presidencia  misma, o sea, AMLO: el de la honestidad valiente, el de la austeridad, el del combate al &quot;neoliberalismo&quot; y el de &quot;primero los pobres&quot;.<br><br>El huachicol fiscal no fue un error, FUE UN PLAN, FUE ALGO DELIBERADO.<br>Y es, sin duda, el golpe más elaborado y grande de CORRUPCIÓN en la historia de México.",2026-04-28T16:29:06Z,18,Gobierno de Tampico,Fernando Farías: huachicol fiscal y tensión política entre México y Argentina,Centinela del Norte,2026-04-28T15:18:53Z,2026-05-04 08:12:40
580pyEUfcww,Ugw1DgIS9b4zYbPJOT14AaABAg,@ramonolivas2396,"Esta presidenta no gobierna para los mexicanos gobierna para Lopez obrador y su Banda de corruptos que tanto Daño hacen a los mexicanos , si sale del pais no es para trabajar por mexico se va de porra junto a su pricer Petro con los suyos. Sin pensar el Daño para lis mexicanos 🇲🇽🇲🇽🇲🇽🇲🇽🇲🇽",2026-04-28T16:14:13Z,12,Gobierno de Tampico,Fernando Farías: huachicol fiscal y tensión política entre México y Argentina,Centinela del Norte,2026-04-28T15:18:53Z,2026-05-04 08:12:40
7jRWd1NjDY8,UgycKXktFTYEnBAMI514AaABAg,@ericg.2039,Falta atrapar al huachicolero industrial que vive en Monterrey el primito,2026-04-29T00:24:22Z,0,Gobierno de Tampico,Confirman captura de 'El Metro 9' en Reynosa tras quemas y bloqueos,MILENIO,2026-04-27T19:01:44Z,2026-05-04 08:12:40
7jRWd1NjDY8,UgxwWYwyGKrz_9qm1Hd4AaABAg,@rudygonzalez9628,callo el metro le tumbaron unas Rallas al tablero pero no se trata de eso all que darle piso para que no vuelva alas mismas andadas,2026-04-28T18:50:18Z,0,Gobierno de Tampico,Confirman captura de 'El Metro 9' en Reynosa tras quemas y bloqueos,MILENIO,2026-04-27T19:01:44Z,2026-05-04 08:12:40
7jRWd1NjDY8,Ugx8LfEFPMTsOj2Vx794AaABAg,@eltecolotebarrera2091,YA VAN BARIOS KILOMETERS Y NADA QUE SE TEREMINAN LOS METROS,2026-04-28T17:14:50Z,0,Gobierno de Tampico,Confirman captura de 'El Metro 9' en Reynosa tras quemas y bloqueos,MILENIO,2026-04-27T19:01:44Z,2026-05-04 08:12:40
7jRWd1NjDY8,UgxJ2Qjs-DRvhNakhc94AaABAg,@Andrew2323vDouglass,"Si ya sabe la armada para q abandonan el area , mas bases militares debe haber , si eso estuviera guera mas rapida la accion",2026-04-28T17:10:32Z,0,Gobierno de Tampico,Confirman captura de 'El Metro 9' en Reynosa tras quemas y bloqueos,MILENIO,2026-04-27T19:01:44Z,2026-05-04 08:12:40
7jRWd1NjDY8,Ugw6SFPh_MwdswkZ_wJ4AaABAg,@evelynsauceda3325,Yo vivo en la frontera y enverda se vive a diario esto la ley ta conprada agarran a uno y sale otro y mas que nada son puro chavalon a los que agarran les dan el papel de enwilados de decirles comandantes cuando enverdad el pez gordo ta escondido en otra region sercan ojala a U.S se apiade de nosotros y le de en sh madre como a venezuela y cuba por tanta droga que pasa por la aki en la frontera a la ley que son guardia estatal la tienen conprada le pagan por semana paque se agan menso asi se la llevan pero la luz siempre tiene que salir,2026-04-28T15:25:45Z,0,Gobierno de Tampico,Confirman captura de 'El Metro 9' en Reynosa tras quemas y bloqueos,MILENIO,2026-04-27T19:01:44Z,2026-05-04 08:12:40
7jRWd1NjDY8,Ugy_kCu7sKvi20Jfxkl4AaABAg,@PanteraMtz,"Los de la fiscalía cooperaron???😮😮😮… increíble!!! . 🤔🤔🤔,,..  los más corruptos de México y agarrando delincuentes🤔🤔🤔.. puede que sea verdad😅😅😅",2026-04-28T01:18:07Z,0,Gobierno de Tampico,Confirman captura de 'El Metro 9' en Reynosa tras quemas y bloqueos,MILENIO,2026-04-27T19:01:44Z,2026-05-04 08:12:40
7jRWd1NjDY8,UgyXrCDD44950DVhy-t4AaABAg,@olvervargasgarduno2472,Por favor digan que lo capturó Trump ja ja ni se puede cuidar  la tercera es la vencida jajaja,2026-04-28T01:15:19Z,0,Gobierno de Tampico,Confirman captura de 'El Metro 9' en Reynosa tras quemas y bloqueos,MILENIO,2026-04-27T19:01:44Z,2026-05-04 08:12:40
7jRWd1NjDY8,UgzVHoTrp95Dj5kGGuF4AaABAg,@JuanHerrera-m7o,"Jhonny Cárdenas<br><br>Pasó como la vez pasada cuando enhuilaron a Metro-58 El Roque ahora le Pasó al Trascabo Metro-9 el Pseudo Jefe de plaza de Reynosa la cortinota, la tapadera, el parapeto, de Metro-36 alias El Mono el verdadero Jefe de Plaza, a ver ahora a quien pone como cortina no creo que sea ni a Metro 38, ni Metro 39, ni Metro 41 ahora Metro 15, ni Metro 47, ni Metro 49 lo que hará es que va a poner otro de los Chivos Expiatorios de los nuevos Metros, por que por eso les da clave de Metros para embabucarlos y que les den Tronco jajajajaja pero los buenos siguen al mando se llevan puro enhuilado qué no traen ni gasolina en los carros pero ellos juran qué son Metros, pero bueno esperemos ver quien es la siguiente Metro-victima del imperio de Metro-36 Comandante Mono Jefe de Plaza de Reynosa<br><br>Por que creen que el Jefe Metro 1 y el Comander Metro 22 no se arriman a las juntas?<br><br>Ellos no son confiados por lo mismo pura traición y nadie duda que al Trascabo lo puso 36 así como le hizo a 58 Roque saquen sus conclusiones",2026-04-28T00:53:59Z,0,Gobierno de Tampico,Confirman captura de 'El Metro 9' en Reynosa tras quemas y bloqueos,MILENIO,2026-04-27T19:01:44Z,2026-05-04 08:12:40
7jRWd1NjDY8,UgyKmMkD7E4R_DFJJLh4AaABAg,@geraelprincipeencantadocar4820,Viva la cuarta transformación ahora vamos por todos los carteles caen uno por uno,2026-04-28T00:03:34Z,0,Gobierno de Tampico,Confirman captura de 'El Metro 9' en Reynosa tras quemas y bloqueos,MILENIO,2026-04-27T19:01:44Z,2026-05-04 08:12:40
7jRWd1NjDY8,UgyVKrLoaT42fqQ_GJh4AaABAg,@josecalebnoticiasmundiales,"ESTAMOS ENTRANDO EN FASE MUY PELIGROSA PARA NUESTRAS ALMAS, ESTAN EN RIESGO NUESTRAS ALAMS Y LAS MUCHOS POBRES PECADORES, LOS INVITAMOS A CONFESARSE COMULGAR IR A MISA LOS DOMINGOS Y REZAE EL SANTO ROSARIO TODOS LOS DIAS Y SALGAN CON QUE NO TIENEN TIMEPO POR QUU SI ES ASI DEBEN REVISAR SI VIDA EN QUE ESTAN FALLNADO EL ROSARIO LLEVA MAXIMO 30 MINUTOS  CREO QUE SI TENEMOS TIEMPO PARA DIOS 30 MINUTOS Y HASTA MAS EMPEZIEN CON HACER ORACION EN LA MAÑANA Y EL NOCHE PEDIR PERDON POR NUESTROS PECADOS ANTES DE DORMIR PORQUE QUIEN SABE SI HOY SEA NUESTRO ULTIMO DIA DE VIDA Y EL PROXIMO DOMINGO IR A MISA. CONFIESENSE COMULGUEN.RECUERDEN  LUCFIFER VA A TRATAR DE DAR SUS ULTIMOS COLETAZOS, YA MERO SE LE ACABA EL TIEMPO QUE DIOS LE PRESTO FUERON 100 AÑOS ESO FUE HAYA POR 1917 MAS O MENOS  Y ESTAN POR CUMPLISE RESISTAN.  SALUDOS. Y QUE VIVA CRISTO REY.",2026-04-27T23:48:03Z,0,Gobierno de Tampico,Confirman captura de 'El Metro 9' en Reynosa tras quemas y bloqueos,MILENIO,2026-04-27T19:01:44Z,2026-05-04 08:12:40
7jRWd1NjDY8,UgwUW7wKn0VomxasndZ4AaABAg,@JulioMartinez-d4m,Faltan los otros metros 😂😂😂,2026-04-27T23:30:14Z,0,Gobierno de Tampico,Confirman captura de 'El Metro 9' en Reynosa tras quemas y bloqueos,MILENIO,2026-04-27T19:01:44Z,2026-05-04 08:12:40
7jRWd1NjDY8,Ugwy-KjccS06kdrWyUB4AaABAg,@hectorlara5080,Sera Que lo estan haciendo por la cercania del mundial 🤔🤔🤔,2026-04-27T22:27:23Z,4,Gobierno de Tampico,Confirman captura de 'El Metro 9' en Reynosa tras quemas y bloqueos,MILENIO,2026-04-27T19:01:44Z,2026-05-04 08:12:40
7jRWd1NjDY8,UgzswJC3dxz412o2rjp4AaABAg,@moctezumamedina5888,"El mencho si dieron su nombre no lo dan, seguramente es uno de Morena",2026-04-27T21:44:46Z,0,Gobierno de Tampico,Confirman captura de 'El Metro 9' en Reynosa tras quemas y bloqueos,MILENIO,2026-04-27T19:01:44Z,2026-05-04 08:12:40
7jRWd1NjDY8,UgwR_gt1d1vtv7Cm1XZ4AaABAg,@JesucristoYaVieneDios7,ARRIBA JALISCO PURO METROS Y JARDINERO CJNG,2026-04-27T20:52:18Z,2,Gobierno de Tampico,Confirman captura de 'El Metro 9' en Reynosa tras quemas y bloqueos,MILENIO,2026-04-27T19:01:44Z,2026-05-04 08:12:40
7jRWd1NjDY8,Ugyq6anPb3HYn9kyND54AaABAg,@delzysanchez8311,"Que raro, entonces si el gobierno defiende a los narcos, que paso ahí ?",2026-04-27T20:41:49Z,9,Gobierno de Tampico,Confirman captura de 'El Metro 9' en Reynosa tras quemas y bloqueos,MILENIO,2026-04-27T19:01:44Z,2026-05-04 08:12:40
7jRWd1NjDY8,Ugwaak2hhhGQR_nHA7J4AaABAg,@jesusp9279,En la frontera es un terror de los  criminales,2026-04-27T20:41:12Z,12,Gobierno de Tampico,Confirman captura de 'El Metro 9' en Reynosa tras quemas y bloqueos,MILENIO,2026-04-27T19:01:44Z,2026-05-04 08:12:40
7jRWd1NjDY8,UgzihP7TIO_ACvnGRDN4AaABAg,@goyogerrero2558,PARA LA SIGUIENTE VEZ.... PRIMERO DRONES Y HELICÓPTERO ARTILLADO Y POR TIERRA 🌎🌎 TODOS LOS POZOLEROS Y ESTATALES!!!!! SIEMPRE LO MISMO...... SIEMPRE LO MISMO!!!!! SI YA SABEN LO QUE SIGUE PORQUE NO SE ADELANTAN??????? NO PRESUMA LO GÜEY!!!!!,2026-04-27T20:34:18Z,3,Gobierno de Tampico,Confirman captura de 'El Metro 9' en Reynosa tras quemas y bloqueos,MILENIO,2026-04-27T19:01:44Z,2026-05-04 08:12:40
7jRWd1NjDY8,Ugz7-CXsyYol364aq6x4AaABAg,@maybarnu,Ahí también participaron agentes encubiertos de EU 🇺🇲?,2026-04-27T20:31:56Z,4,Gobierno de Tampico,Confirman captura de 'El Metro 9' en Reynosa tras quemas y bloqueos,MILENIO,2026-04-27T19:01:44Z,2026-05-04 08:12:40
7jRWd1NjDY8,Ugyd7drW4toH6JQR9dZ4AaABAg,@juanjosegomezlucio816,"SEGUIMOS CON INSEGURIDAD,  TENEMOS UN TRUMP EN TATATAMAULIPAS, UN DIA DICE UNA MENTIRA Y OTRO DIA OTRA MENTIRA...",2026-04-27T20:29:38Z,0,Gobierno de Tampico,Confirman captura de 'El Metro 9' en Reynosa tras quemas y bloqueos,MILENIO,2026-04-27T19:01:44Z,2026-05-04 08:12:40
7jRWd1NjDY8,Ugz0bRwjpyRSy_ckQAl4AaABAg,@bartolomevillegas9295,Bien por las fuerzas armadas,2026-04-27T20:23:40Z,17,Gobierno de Tampico,Confirman captura de 'El Metro 9' en Reynosa tras quemas y bloqueos,MILENIO,2026-04-27T19:01:44Z,2026-05-04 08:12:40
7jRWd1NjDY8,Ugyeye3P2YQw8tqbuiF4AaABAg,@100AMLOS,Agarran a uno y dejan a cientos en libertad 🤬🤬🤬🤬,2026-04-27T19:36:04Z,12,Gobierno de Tampico,Confirman captura de 'El Metro 9' en Reynosa tras quemas y bloqueos,MILENIO,2026-04-27T19:01:44Z,2026-05-04 08:12:40
7jRWd1NjDY8,Ugz91vRrUs4FGWGnk7Z4AaABAg,@mccross9586,Digan el nombre nms,2026-04-27T19:35:36Z,6,Gobierno de Tampico,Confirman captura de 'El Metro 9' en Reynosa tras quemas y bloqueos,MILENIO,2026-04-27T19:01:44Z,2026-05-04 08:12:40
QJQibYe8SZA,UgzcGlKUWGrTFtBbdwh4AaABAg,@angsv0,"Ufash, encontré mi nuevo canal favorito ❤ saluditos desde CD madero 👏🏻👏🏻",2026-05-03T16:02:53Z,2,gobierno de Tampico,ENTRAMOS a la EX-PGJ ABANDONADA y NO CREERÁS lo que HABÍA,"𝙰𝚃𝚁𝙴𝚈𝚄 𝚄𝚁𝙱𝙴𝚇
",2026-05-03T00:00:22Z,2026-05-04 08:12:40
QJQibYe8SZA,UgyjSe6z7vesGVHX-4p4AaABAg,@conejozombiee,Paso a dejar like y viendo el inicio pero me regreso al anterior hermano que me quedé casi a la mitad 👋🏻😃 saludos,2026-05-03T07:43:38Z,2,gobierno de Tampico,ENTRAMOS a la EX-PGJ ABANDONADA y NO CREERÁS lo que HABÍA,"𝙰𝚃𝚁𝙴𝚈𝚄 𝚄𝚁𝙱𝙴𝚇
",2026-05-03T00:00:22Z,2026-05-04 08:12:40
QJQibYe8SZA,Ugy4wqhlv2aaKHScION4AaABAg,@NormaCruz-h8k,Saludos Atreyu 🙌🏻 ya dejé mi like muy buena exploración,2026-05-03T02:51:48Z,2,gobierno de Tampico,ENTRAMOS a la EX-PGJ ABANDONADA y NO CREERÁS lo que HABÍA,"𝙰𝚃𝚁𝙴𝚈𝚄 𝚄𝚁𝙱𝙴𝚇
",2026-05-03T00:00:22Z,2026-05-04 08:12:40
QJQibYe8SZA,UgxZrxabt_-ORJWJIHt4AaABAg,@ainhoaoficial,Saludos mi atreyu buena exploracion que cantidad de objetos ahi😮😮😮,2026-05-03T01:53:26Z,2,gobierno de Tampico,ENTRAMOS a la EX-PGJ ABANDONADA y NO CREERÁS lo que HABÍA,"𝙰𝚃𝚁𝙴𝚈𝚄 𝚄𝚁𝙱𝙴𝚇
",2026-05-03T00:00:22Z,2026-05-04 08:12:40
QJQibYe8SZA,Ugxu8lTLqayoNCJFTkd4AaABAg,@dorisdiaz9779,Saludos a todos y gracias por dejar su like👍y su comentario✍🏻📲abrazos🫂🙏🏻😊,2026-05-03T01:34:36Z,1,gobierno de Tampico,ENTRAMOS a la EX-PGJ ABANDONADA y NO CREERÁS lo que HABÍA,"𝙰𝚃𝚁𝙴𝚈𝚄 𝚄𝚁𝙱𝙴𝚇
",2026-05-03T00:00:22Z,2026-05-04 08:12:40
QJQibYe8SZA,Ugw9CWrTS4J9Ew4DCtF4AaABAg,@dorisdiaz9779,Saludos ATREYU🙋🏻👍,2026-05-03T01:32:14Z,2,gobierno de Tampico,ENTRAMOS a la EX-PGJ ABANDONADA y NO CREERÁS lo que HABÍA,"𝙰𝚃𝚁𝙴𝚈𝚄 𝚄𝚁𝙱𝙴𝚇
",2026-05-03T00:00:22Z,2026-05-04 08:12:40
QJQibYe8SZA,UgzSmjQb8POQC0cUGMt4AaABAg,@LuisAngelGarcia9982,Saludos Atreyu Urbex👍👍👍💯💯💯,2026-05-03T00:46:16Z,2,gobierno de Tampico,ENTRAMOS a la EX-PGJ ABANDONADA y NO CREERÁS lo que HABÍA,"𝙰𝚃𝚁𝙴𝚈𝚄 𝚄𝚁𝙱𝙴𝚇
",2026-05-03T00:00:22Z,2026-05-04 08:12:40
QJQibYe8SZA,UgwKL7YbU51tPmthVIl4AaABAg,@UrbexOdyssey,Saludos carnal aquí andamos viendo,2026-05-03T00:10:24Z,2,gobierno de Tampico,ENTRAMOS a la EX-PGJ ABANDONADA y NO CREERÁS lo que HABÍA,"𝙰𝚃𝚁𝙴𝚈𝚄 𝚄𝚁𝙱𝙴𝚇
",2026-05-03T00:00:22Z,2026-05-04 08:12:40
QJQibYe8SZA,Ugx_7rpEnvPAHjP8rq14AaABAg,@carlosnegrete4171,Saludos,2026-05-03T00:09:04Z,2,gobierno de Tampico,ENTRAMOS a la EX-PGJ ABANDONADA y NO CREERÁS lo que HABÍA,"𝙰𝚃𝚁𝙴𝚈𝚄 𝚄𝚁𝙱𝙴𝚇
",2026-05-03T00:00:22Z,2026-05-04 08:12:40
QJQibYe8SZA,UgyusMkuywNQAc5-_ch4AaABAg,@carlosnegrete4171,Saludos,2026-05-03T00:05:59Z,2,gobierno de Tampico,ENTRAMOS a la EX-PGJ ABANDONADA y NO CREERÁS lo que HABÍA,"𝙰𝚃𝚁𝙴𝚈𝚄 𝚄𝚁𝙱𝙴𝚇
",2026-05-03T00:00:22Z,2026-05-04 08:12:40
QJQibYe8SZA,UgxlmLeTvR32Eq99q-R4AaABAg,@EduardoGranadoz-q2r,Primer like ✔️ 👍 saludos bro,2026-05-03T00:05:42Z,2,gobierno de Tampico,ENTRAMOS a la EX-PGJ ABANDONADA y NO CREERÁS lo que HABÍA,"𝙰𝚃𝚁𝙴𝚈𝚄 𝚄𝚁𝙱𝙴𝚇
",2026-05-03T00:00:22Z,2026-05-04 08:12:40
TFGBidaaSag,UgxVbYDAB1z1u9ixzCx4AaABAg,@agapibetyvelazquezvalassi6641,Aunque merecen un ladrillazo no solo chancluda por destrucción de Instituciones jueces tomboleros derrames de chapopoteras imaginarias una Barcelona errada en su pensar y ifenss a USA y Soiberania no real x Cubanos Médicos en fin Un drama republicano de Autocracia perdida de libertades y amenaza con SAT Gracias x tu análisis🙏❣️🌟👌😙❤️,2026-04-29T20:07:54Z,0,gobierno de Tampico,Fernando Farías podría destapar una red más grande de huachicol que salpica al gobierno de Morena,Entre Poderes,2026-04-28T13:54:33Z,2026-05-04 08:12:40
TFGBidaaSag,UgyzMcF5RHmHVDQC2xl4AaABAg,@agapibetyvelazquezvalassi6641,"<a href=""http://www.youtube.com/results?search_query=%23excelente"">#Excelente</a> Bravo Éxito Gracias x todo análisis e información 👌👌🌟❣️🙏💯😘",2026-04-29T20:04:54Z,0,gobierno de Tampico,Fernando Farías podría destapar una red más grande de huachicol que salpica al gobierno de Morena,Entre Poderes,2026-04-28T13:54:33Z,2026-05-04 08:12:40
TFGBidaaSag,Ugysqengy5jZNZroTdh4AaABAg,@martharodriguez7193,Sigue usted también  con Montenegro?.,2026-04-29T18:24:38Z,1,gobierno de Tampico,Fernando Farías podría destapar una red más grande de huachicol que salpica al gobierno de Morena,Entre Poderes,2026-04-28T13:54:33Z,2026-05-04 08:12:40
TFGBidaaSag,UgxmOdqfK5T-4HBBezF4AaABAg,@andrestapiamiranda,"Qué encabezado más tonto,  no salpica al gobierno de morena.... solo confirma que todo está urdido por AMLO y por ende morena. decir que salpica es insinuar que tiene &quot;algo&quot; de responsabilidad.",2026-04-29T17:49:33Z,1,gobierno de Tampico,Fernando Farías podría destapar una red más grande de huachicol que salpica al gobierno de Morena,Entre Poderes,2026-04-28T13:54:33Z,2026-05-04 08:12:40
TFGBidaaSag,UgymfRvpgnau8XzbUWB4AaABAg,@robertoruiz8912,Un ladrillazo es lo que merecen,2026-04-29T10:31:57Z,0,gobierno de Tampico,Fernando Farías podría destapar una red más grande de huachicol que salpica al gobierno de Morena,Entre Poderes,2026-04-28T13:54:33Z,2026-05-04 08:12:40
TFGBidaaSag,UgxtB-JDxKfQwVBg1Vp4AaABAg,@AlejandroJuarez-j4f,Ahora lo van a querer de regreso por ka soberanía nacional,2026-04-29T06:07:28Z,1,gobierno de Tampico,Fernando Farías podría destapar una red más grande de huachicol que salpica al gobierno de Morena,Entre Poderes,2026-04-28T13:54:33Z,2026-05-04 08:12:40
580pyEUfcww,UgwbukokKoTy9ciGU7t4AaABAg,@1818dany,"AMLO atacó y amenazó a Milei al nivel que el argentino canceló su visita a México en su momento, Claudia como buena socialista igualmente menosprecia a Milei y defiende a una de las delincuentes más despiadadas de la historia argentina como lo es Cristina Fernández, pero dios es grande y pone cada cosa en su lugar, Milei ya se comprometió con Trump en el escudo de las americas, y tremendo premio le cayó, ahora sí Argentina se lava desquitar con México y un poco de justicia se hará, gracias Milei por no ser corrupto y mantener cautivo a tan importante pieza del huachicol.",2026-04-30T21:26:43Z,0,gobierno de Tampico,Fernando Farías: huachicol fiscal y tensión política entre México y Argentina,Centinela del Norte,2026-04-28T15:18:53Z,2026-05-04 08:12:40
580pyEUfcww,UgyFSJ_DY_qGKw5zdP94AaABAg,@carlosmoreno6215,"Todos, el mas  chimuelo masca tuercas",2026-04-30T18:55:51Z,0,gobierno de Tampico,Fernando Farías: huachicol fiscal y tensión política entre México y Argentina,Centinela del Norte,2026-04-28T15:18:53Z,2026-05-04 08:12:40
580pyEUfcww,Ugwjd0U36PBw2lWNHs14AaABAg,@ALFSalvatierra,"Era obvio que todo esto pasaría  Morena es ===Genocidio ===Escándalo ===Circo.  Donald Trump, Marco Rubio ,Departamento de Estado de Usa ,Tribunales ,Cortes Penales,Fiscalías ,Departamento de Justicia de Usa  ,DEA,FBI,CIA etc etc están encañonando a todos los Morenistas 👏👏👏👏👏",2026-04-30T14:26:15Z,0,gobierno de Tampico,Fernando Farías: huachicol fiscal y tensión política entre México y Argentina,Centinela del Norte,2026-04-28T15:18:53Z,2026-05-04 08:12:40
580pyEUfcww,UgywhaGkUCw3htcivxF4AaABAg,@JavierJSantamaría,"Al corrupto de marinero Farías. El gobierno de Argentina lo extraditará directo a los EU, Farías terminará de hundir a Sheinbaun a amlo y a toda la 4t, bien por el presidente Javier Milei 👏👏👏",2026-04-30T14:08:43Z,0,gobierno de Tampico,Fernando Farías: huachicol fiscal y tensión política entre México y Argentina,Centinela del Norte,2026-04-28T15:18:53Z,2026-05-04 08:12:40
580pyEUfcww,UgyfC9LD8u17z1bdgkt4AaABAg,@RamonLlerenas,No saves lo que dises estas vien jodida para dar informasiones jajajajajajajaja,2026-04-30T13:25:16Z,0,gobierno de Tampico,Fernando Farías: huachicol fiscal y tensión política entre México y Argentina,Centinela del Norte,2026-04-28T15:18:53Z,2026-05-04 08:12:40
580pyEUfcww,Ugz4i8HOlY4d37qv_UN4AaABAg,@RamonLlerenas,Lopez obrador descuvrio todo ese rrovo del guachicol  serraron esas linias,2026-04-30T13:24:23Z,0,gobierno de Tampico,Fernando Farías: huachicol fiscal y tensión política entre México y Argentina,Centinela del Norte,2026-04-28T15:18:53Z,2026-05-04 08:12:40
580pyEUfcww,UgxwjpIZKRDo7QmgFN14AaABAg,@RamonLlerenas,Jajjajajajajaja. Das risa todos los chayoteros repiten lomismo  ese señor va extraditado a mexico,2026-04-30T13:22:20Z,0,gobierno de Tampico,Fernando Farías: huachicol fiscal y tensión política entre México y Argentina,Centinela del Norte,2026-04-28T15:18:53Z,2026-05-04 08:12:40
580pyEUfcww,UgyazYaw72kyuf_7inp4AaABAg,@RamonLlerenas,Esta señora es pagada por el pri sevenden por una cachucha del pri,2026-04-30T13:21:00Z,0,gobierno de Tampico,Fernando Farías: huachicol fiscal y tensión política entre México y Argentina,Centinela del Norte,2026-04-28T15:18:53Z,2026-05-04 08:12:40
580pyEUfcww,Ugw6HK6puMvMFCsJyQB4AaABAg,@AnnaPaz90,"Excelente análisis. Claudia  se REBAJO de Presidente de Mexico a PORRA, cuando apoyo con su letrero a una politica juzgada y sentenciada por Tribunales argentinos de corrupción.  Ahora le toca a SRE tratar de repararsu  falta de estarura politica.",2026-04-30T09:48:06Z,0,gobierno de Tampico,Fernando Farías: huachicol fiscal y tensión política entre México y Argentina,Centinela del Norte,2026-04-28T15:18:53Z,2026-05-04 08:12:40
580pyEUfcww,Ugx7Ktuox0IJyx560714AaABAg,@RobertoDominguezLozano,Morena es Narcogobierno,2026-04-30T03:36:57Z,1,gobierno de Tampico,Fernando Farías: huachicol fiscal y tensión política entre México y Argentina,Centinela del Norte,2026-04-28T15:18:53Z,2026-05-04 08:12:40
580pyEUfcww,UgzGfKuL75Ztc6Q9Tyd4AaABAg,@L.EdgardLara,Exponer todo sobre el<br>Huachicol  Fiscal.<br>Como se le Ocurre a Sheinbaum <br>Meterse con un<br>Pais Ajeno<br>Que tiene en la<br>Cabeza la comunista el comunismo No<br>Funciono NO Funciona,2026-04-30T01:41:15Z,0,gobierno de Tampico,Fernando Farías: huachicol fiscal y tensión política entre México y Argentina,Centinela del Norte,2026-04-28T15:18:53Z,2026-05-04 08:12:40
580pyEUfcww,UgyhVQcDURL1hQ0KMP94AaABAg,@franciscojavierbarrongomez7995,"Claudia hizo mal en defender a a caer sobre Amlo Cristina,ahora Argentina se vengara,todo va a caer sobre Amlo, el verdadero Arquitecto del huachicpl,se le va a poner feo,x su gran ambicion",2026-04-29T18:29:18Z,0,gobierno de Tampico,Fernando Farías: huachicol fiscal y tensión política entre México y Argentina,Centinela del Norte,2026-04-28T15:18:53Z,2026-05-04 08:12:40
580pyEUfcww,UgwhEkMvuQXQOcpOHtR4AaABAg,@fanyborger4883,Yo pienso que la lista de narcopoliticos debe ser mas de 250 politicos.,2026-04-29T17:55:09Z,3,gobierno de Tampico,Fernando Farías: huachicol fiscal y tensión política entre México y Argentina,Centinela del Norte,2026-04-28T15:18:53Z,2026-05-04 08:12:40
580pyEUfcww,UgzsHsEfqbZVTJH8gXl4AaABAg,@victorianorivera-d1n,"ya que lo mamden  a USA, ahorremonos el  teatro...",2026-04-29T17:34:54Z,2,gobierno de Tampico,Fernando Farías: huachicol fiscal y tensión política entre México y Argentina,Centinela del Norte,2026-04-28T15:18:53Z,2026-05-04 08:12:40
580pyEUfcww,UgyhxOjhLD4ObDnDs794AaABAg,@DoloresAcostaGarcía-z8d,"Karma se llama lo que le sucudió a la Narca Huachicolera PRESIRVIENTA Secretaria Pinocha con la detención del delincuente huachicolero en Argentina,  Ella con la cartulina de La Expresidenta Cristina de Argentina y luego la detención.<br><a href=""http://www.youtube.com/results?search_query=%23narcopresidentaclaudia"">#NarcoPresidentaClaudia</a><br><a href=""http://www.youtube.com/results?search_query=%23narcopresidentaclaudia"">#NarcoPresidentaClaudia</a><br><a href=""http://www.youtube.com/results?search_query=%23narcopresidentaclaudia"">#NarcoPresidentaClaudia</a>",2026-04-29T16:55:52Z,0,gobierno de Tampico,Fernando Farías: huachicol fiscal y tensión política entre México y Argentina,Centinela del Norte,2026-04-28T15:18:53Z,2026-05-04 08:12:40
580pyEUfcww,UgyjR0h_YgsXh0yQsnd4AaABAg,@josemendoza-ws3tl,SI LO EXTRADITAN A USA LOS  POLÍTICOS DE LA 4T TENDRAN QUE COMPRAR MUCHO PETOBISMOL PORQUE LES BIENE LA DIARREA.,2026-04-29T16:34:11Z,0,gobierno de Tampico,Fernando Farías: huachicol fiscal y tensión política entre México y Argentina,Centinela del Norte,2026-04-28T15:18:53Z,2026-05-04 08:12:40
580pyEUfcww,UgzaI6V8n8TbBN-EfrB4AaABAg,@enriquereyna8840,"Muchas felicidades por tu programa y darnos mucha información tan clara y objetiva. Fuera este narcogobierno y está es la forma, ayudados por EU de echar a patadas a la 4defermacio",2026-04-29T15:50:07Z,0,gobierno de Tampico,Fernando Farías: huachicol fiscal y tensión política entre México y Argentina,Centinela del Norte,2026-04-28T15:18:53Z,2026-05-04 08:12:40
580pyEUfcww,UgzJNe6fpd1yQmK-fI94AaABAg,@mistikterraawakeningexperi1632,La presidente es la primera gran responsable,2026-04-29T15:05:36Z,1,gobierno de Tampico,Fernando Farías: huachicol fiscal y tensión política entre México y Argentina,Centinela del Norte,2026-04-28T15:18:53Z,2026-05-04 08:12:40
580pyEUfcww,Ugz54ARiJWA9F5Ew6eJ4AaABAg,@IsabelCanela-z9o,A LOPEZ OBRADIR Y LA PRECIDENTA CLAUDIA  TIENEN ODIO Y MALDAD EN EL CORAZON Y ANDAN COMO DEMONIO A QUIEN DEVORAR  QUE LLEGAN AL GRADO DE MATAR COMO LO HICIERON. CON CARLOS MANZO,2026-04-29T15:04:15Z,1,gobierno de Tampico,Fernando Farías: huachicol fiscal y tensión política entre México y Argentina,Centinela del Norte,2026-04-28T15:18:53Z,2026-05-04 08:12:40
580pyEUfcww,Ugx8AhA1Qxeh1y1yDTR4AaABAg,@IsabelCanela-z9o,ES LA VERDAD MEXICO TIENE MIEDO QUE HABLE FEERNANDO,2026-04-29T14:59:07Z,1,gobierno de Tampico,Fernando Farías: huachicol fiscal y tensión política entre México y Argentina,Centinela del Norte,2026-04-28T15:18:53Z,2026-05-04 08:12:40
580pyEUfcww,Ugx9f3jctFxdTO75oVN4AaABAg,@juanmartinbernalpascual6353,"Yo pollamos verdaderos heroes Nacionales en contra de estos narcos Morenistas. De esta gobernadora  Maru Campus será que lees en terror El negoció de sus porquerías de Morena para sus elecciones Electoreras. Esta gobernadora debería ser la presidenta  ,No la porquería de presidenta que tenemos los mexicanos",2026-04-29T14:58:20Z,0,gobierno de Tampico,Fernando Farías: huachicol fiscal y tensión política entre México y Argentina,Centinela del Norte,2026-04-28T15:18:53Z,2026-05-04 08:12:40
580pyEUfcww,Ugz5LDAFFvtJcYm_KNF4AaABAg,@IsabelCanela-z9o,DISCULPEN PERO TIENEN QUE POTREJDER  aFERNANDO FRIAS PORQUE. EN MEXICO CORRE. PELIGRO  CON EL GOBIERNO DE MORENA,2026-04-29T14:57:15Z,0,gobierno de Tampico,Fernando Farías: huachicol fiscal y tensión política entre México y Argentina,Centinela del Norte,2026-04-28T15:18:53Z,2026-05-04 08:12:40
580pyEUfcww,Ugw_1siV6Zi8buP6kgR4AaABAg,@estrellamadelaluzlabastida8873,Todos están en la lista!! Es terrible...,2026-04-29T14:21:02Z,0,gobierno de Tampico,Fernando Farías: huachicol fiscal y tensión política entre México y Argentina,Centinela del Norte,2026-04-28T15:18:53Z,2026-05-04 08:12:40
580pyEUfcww,UgwmeOMKsa8H7sfHze94AaABAg,@lunamorena390,"Excelente REPORTE y ANALISIS. Muy bien explicado! Gracias! Te SUGIERO SIEMPRE ser muy ESPECIFICA en AGREGAR El GOBIERNO de MEXICO y NO &quot;Mexico&quot; porque se DEBE DEFINIR públicamente e INSISTENTEMENTE que ELLOS, los morena son y hacen! La narrativa del &quot;pueblo&quot; ha hecho caer al Mexicano en una SUMISION cada vez más AGRAVANTE!! Es el gobierno de USA. Y EL Gob. Como bien dices, morena. Gracias. LM",2026-04-29T13:50:38Z,0,gobierno de Tampico,Fernando Farías: huachicol fiscal y tensión política entre México y Argentina,Centinela del Norte,2026-04-28T15:18:53Z,2026-05-04 08:12:40
580pyEUfcww,UgzCWIx7TOQEXfgjSq14AaABAg,@lunamorena390,Es REFRESCANTE escuchar hablar el CASTELLANO CORTECTAMENTE. Y MAS importante y significativo de lo que NO escucho a ALGUIEN compartir que es EL LENGUAJE es el ELEMENTO PRIMARIO de IMPOSICION de IDEOLOGIA.,2026-04-29T13:38:41Z,0,gobierno de Tampico,Fernando Farías: huachicol fiscal y tensión política entre México y Argentina,Centinela del Norte,2026-04-28T15:18:53Z,2026-05-04 08:12:40
580pyEUfcww,Ugw38l_LFeumqMxnknZ4AaABAg,@juanmartinbernalpascual6353,Dise un refrán que caí más un hablador que un cojo,2026-04-29T13:35:46Z,0,gobierno de Tampico,Fernando Farías: huachicol fiscal y tensión política entre México y Argentina,Centinela del Norte,2026-04-28T15:18:53Z,2026-05-04 08:12:40
580pyEUfcww,UgwB_TXlHzU-3cK5KNd4AaABAg,@juanmartinbernalpascual6353,La presidenta fue la señora más estúpida Por caerle todos los cochineros de su padrino López Obrador  oja No lee de algo de cada pendejada que sale de este Expresidente Lopez Obrador que ingenia por ser nada más Presidenta,2026-04-29T13:34:17Z,0,gobierno de Tampico,Fernando Farías: huachicol fiscal y tensión política entre México y Argentina,Centinela del Norte,2026-04-28T15:18:53Z,2026-05-04 08:12:40
580pyEUfcww,Ugxa_7NgoIbI3KguX154AaABAg,@jesusmoralescruz6062,Ojalá se lleven primero a Andres Manuel  Lopez Obrador,2026-04-29T12:59:08Z,2,gobierno de Tampico,Fernando Farías: huachicol fiscal y tensión política entre México y Argentina,Centinela del Norte,2026-04-28T15:18:53Z,2026-05-04 08:12:40
580pyEUfcww,Ugy-ZZmMacd4GBQQAOx4AaABAg,@chelameza9261,Pero si ella también bien embarrada,2026-04-29T12:34:03Z,0,gobierno de Tampico,Fernando Farías: huachicol fiscal y tensión política entre México y Argentina,Centinela del Norte,2026-04-28T15:18:53Z,2026-05-04 08:12:40
580pyEUfcww,Ugw1aeW8tT07jimbj7h4AaABAg,@Mechas-w8k,La FGR Ernestina Godoy ya dijo que ese  audio es “falso”,2026-04-29T12:34:00Z,0,gobierno de Tampico,Fernando Farías: huachicol fiscal y tensión política entre México y Argentina,Centinela del Norte,2026-04-28T15:18:53Z,2026-05-04 08:12:40
580pyEUfcww,UgzreJI7GpsR0UOQz4h4AaABAg,@demetriohernandez1999,La inquilina de palacio nacional desde que estaba casada con Carlos Imaz está alineada con el crimen organizado y pegada a su líder moral Andrés Manuel López Obrador y se a visto muy claro porque ese nefasto ex presidente siempre la protegió de cualquier juicio al que se hizo acreedora por su responsabilidad con lo del colegio rebsamen y lo más reciente lo de la línea 12 del sistema colectivo Metro. Así que no es raro lo que está sucediendo con Claudia y su segundo periodo destructivo de la democracia y la justicia de México. Si Estados Unidos no detiene a la secta morenista la población mexicana la tiene difícil porque ya están controlando todo estos podridos cuatreros 💀,2026-04-29T12:12:12Z,0,gobierno de Tampico,Fernando Farías: huachicol fiscal y tensión política entre México y Argentina,Centinela del Norte,2026-04-28T15:18:53Z,2026-05-04 08:12:40
580pyEUfcww,UgxmA23_AFpbbNwpeK14AaABAg,@CarlosLupercio-c8b,Ya es hora de parar al cacas,2026-04-29T12:06:40Z,2,gobierno de Tampico,Fernando Farías: huachicol fiscal y tensión política entre México y Argentina,Centinela del Norte,2026-04-28T15:18:53Z,2026-05-04 08:12:40
580pyEUfcww,UgwZyZZOOYXaW7LqjA94AaABAg,@CarlosLupercio-c8b,"Descubriendo tu canal, muy bien , nada como la verdad y ay que enfrentar a militares que no nos sirven para nada.",2026-04-29T12:01:52Z,1,gobierno de Tampico,Fernando Farías: huachicol fiscal y tensión política entre México y Argentina,Centinela del Norte,2026-04-28T15:18:53Z,2026-05-04 08:12:40
580pyEUfcww,UgxFdKyPkZ7NxtC74sF4AaABAg,@pedromariscalcorona3381,"Minuto <a href=""https://www.youtube.com/watch?v=580pyEUfcww&amp;t=450"">7:30</a> &quot;teme por su vida por la justicia mexicana&quot;<br>No será por la será por la justicia macuspana??",2026-04-29T10:57:01Z,1,gobierno de Tampico,Fernando Farías: huachicol fiscal y tensión política entre México y Argentina,Centinela del Norte,2026-04-28T15:18:53Z,2026-05-04 08:12:40
580pyEUfcww,Ugx2abCUp60jgrw5hMp4AaABAg,@JuanHernandez-pe7hl,A quien le sorprende q Claudia defienda a todo tipo de corruptos y narcos son parte de ella de la misma calaña como a Cristina y según dise no interbencion,2026-04-29T07:59:13Z,3,gobierno de Tampico,Fernando Farías: huachicol fiscal y tensión política entre México y Argentina,Centinela del Norte,2026-04-28T15:18:53Z,2026-05-04 08:12:40
580pyEUfcww,Ugxf83dn2uLZWao1ZXp4AaABAg,@CarolinaMartinez-zk6os,No tiene cerebro ésta Sheimbaum y nos hunde en sus tonterías!! Ojalá con Farías salga toda la verdad y lo manden a Estados Unidos!,2026-04-29T07:04:47Z,1,gobierno de Tampico,Fernando Farías: huachicol fiscal y tensión política entre México y Argentina,Centinela del Norte,2026-04-28T15:18:53Z,2026-05-04 08:12:40
580pyEUfcww,UgxTZFpbTSYdr4txk7R4AaABAg,@veronicaromopedroza6726,"Morena sabe crear circo y aprovecha para crear la &quot;gran&quot; opositora así como hizo creer que Xochitl marxista quien fue inducida como una supuesta líder opositora, así ahora les gusta Maru Campos como oposición (el circo y la manipulación)",2026-04-29T06:30:48Z,0,gobierno de Tampico,Fernando Farías: huachicol fiscal y tensión política entre México y Argentina,Centinela del Norte,2026-04-28T15:18:53Z,2026-05-04 08:12:40
580pyEUfcww,Ugz1L-l_9pu1TaS2GX54AaABAg,@veronicaromopedroza6726,"A narcomorena le viene como anillo al dedo el caos, empobreciendo, inseguridad, todo lo que nos perjudica a los ciudadanos, así son los comunistas",2026-04-29T05:57:46Z,0,gobierno de Tampico,Fernando Farías: huachicol fiscal y tensión política entre México y Argentina,Centinela del Norte,2026-04-28T15:18:53Z,2026-05-04 08:12:40
580pyEUfcww,Ugw3AU9XiZd94peHCCR4AaABAg,@veronicaromopedroza6726,Me gustaría que fuera trescientos los que USA quiera presentarles acusaciones pero tal vez sean unos catorce 😢,2026-04-29T05:53:44Z,0,gobierno de Tampico,Fernando Farías: huachicol fiscal y tensión política entre México y Argentina,Centinela del Norte,2026-04-28T15:18:53Z,2026-05-04 08:12:40
580pyEUfcww,Ugw817qCEGgVLueBWo94AaABAg,@josejesusluna2695,Acerca de porqué comento de la presidente de argentina que está encarcelada pues porque una persona que es estúpida pues le gusta lucirce y se lleva el primer lugar veo y creo que a la repartición llegó muy tarde,2026-04-29T05:26:48Z,0,gobierno de Tampico,Fernando Farías: huachicol fiscal y tensión política entre México y Argentina,Centinela del Norte,2026-04-28T15:18:53Z,2026-05-04 08:12:40
580pyEUfcww,Ugyc_o7_sk7IxP0z5-l4AaABAg,@carlosrodriguez5951,Ya quiero y deseo ver fuera a morena y a Claudia y Obrador en la cárcel,2026-04-29T05:19:02Z,2,gobierno de Tampico,Fernando Farías: huachicol fiscal y tensión política entre México y Argentina,Centinela del Norte,2026-04-28T15:18:53Z,2026-05-04 08:12:40
580pyEUfcww,UgypeyVg0Kuns1EPgSZ4AaABAg,@RaulValencia-e8z,"!caballazo a machete de espadas, se las aplicaron al revés alrrevezado, por defender a la rata argentina, ahora le van a trabar la extradición de la rata marinera, y posiblemente lo entreguen a usa, que sería lo mejor para que les den unos toques, hooo si que si!",2026-04-29T04:17:48Z,0,gobierno de Tampico,Fernando Farías: huachicol fiscal y tensión política entre México y Argentina,Centinela del Norte,2026-04-28T15:18:53Z,2026-05-04 08:12:40
580pyEUfcww,UgwwOLy8BpQAyTuvlTh4AaABAg,@joaquingonzales8279,"La traicion a MEXICO y ESCÁNDALO DE CORRUPCION DE LOPEZ OBRADOR YLOS GOBERNADORES DE LA 4a.Y CONGRESISTAS DE MORENA, PT Y VERDE.<br>EN TODA LA HISTORIA<br>DE NUESTRA PATRIA.",2026-04-29T04:07:59Z,0,gobierno de Tampico,Fernando Farías: huachicol fiscal y tensión política entre México y Argentina,Centinela del Norte,2026-04-28T15:18:53Z,2026-05-04 08:12:40
580pyEUfcww,UgweMQGpXyDMQ4x6x2J4AaABAg,@RaulValencia-e8z,"!si morena mueve la ley como le combiene, porque milei no la va mover como a el le  combiene!",2026-04-29T03:39:28Z,1,gobierno de Tampico,Fernando Farías: huachicol fiscal y tensión política entre México y Argentina,Centinela del Norte,2026-04-28T15:18:53Z,2026-05-04 08:12:40
580pyEUfcww,UgyjzSNnLGcEIZxuX8h4AaABAg,@efrainvalencia2024,Directo a usa para que hable.,2026-04-29T03:19:25Z,0,gobierno de Tampico,Fernando Farías: huachicol fiscal y tensión política entre México y Argentina,Centinela del Norte,2026-04-28T15:18:53Z,2026-05-04 08:12:40
580pyEUfcww,Ugy_UctV27VvWZJw_4F4AaABAg,@JorgeHernandez-d7v,Ja ja ja...     Es que Diosito tiene una forma muy graciosa de odi4r a los zurdos...!<br>Saca la Doctora su pancartita. Y.  TREZ DORITOS DESPUÉS...     😂😂😂,2026-04-29T02:15:15Z,0,gobierno de Tampico,Fernando Farías: huachicol fiscal y tensión política entre México y Argentina,Centinela del Norte,2026-04-28T15:18:53Z,2026-05-04 08:12:40
580pyEUfcww,Ugxdeo4zaNyDKmH4LmN4AaABAg,@valerutilio8149,Las mexicanas que no tenemos nada que ver con la 🐀 rata transformación no estamos de acuerdo de que extraditen a ese rata a México por lo mismo porque acá no hay justicia..que se queden donde no haiga impunidad...,2026-04-29T00:46:33Z,0,gobierno de Tampico,Fernando Farías: huachicol fiscal y tensión política entre México y Argentina,Centinela del Norte,2026-04-28T15:18:53Z,2026-05-04 08:12:40
580pyEUfcww,Ugz0pcLiiDGEhL0ntUV4AaABAg,@andrespaz8661,Y vos quien sos...????,2026-04-29T00:45:02Z,0,gobierno de Tampico,Fernando Farías: huachicol fiscal y tensión política entre México y Argentina,Centinela del Norte,2026-04-28T15:18:53Z,2026-05-04 08:12:40
580pyEUfcww,UgyzuDHGX9vt9x-JJVB4AaABAg,@salvadorespinosa7558,Vivausamuerteamorenosmarranos😅,2026-04-29T00:34:04Z,0,gobierno de Tampico,Fernando Farías: huachicol fiscal y tensión política entre México y Argentina,Centinela del Norte,2026-04-28T15:18:53Z,2026-05-04 08:12:40
580pyEUfcww,UgyX6TDRnkgQNVZBMU54AaABAg,@mariadelcarmenavila7689,Yo creo que tiene que huir del gobierno de los patrones huachicoleros 😮😳,2026-04-29T00:28:03Z,0,gobierno de Tampico,Fernando Farías: huachicol fiscal y tensión política entre México y Argentina,Centinela del Norte,2026-04-28T15:18:53Z,2026-05-04 08:12:40
580pyEUfcww,UgzEbSs6MI4eB_E7qJ14AaABAg,@fredygutierrez7737,"Ya me imagino como estará el Presidente Trump riéndose de nosotros y diciendo míralos solitos robándose jajajaja somos la burla del mundo, y ya saben que ya somos el País más CORRUPTO DEL MUNDO!!! El # 1!!!",2026-04-29T00:15:41Z,2,gobierno de Tampico,Fernando Farías: huachicol fiscal y tensión política entre México y Argentina,Centinela del Norte,2026-04-28T15:18:53Z,2026-05-04 08:12:40
580pyEUfcww,UgwxhJ1-Z6OVbOfMzFJ4AaABAg,@carlososorio3439,COMO LO PERMITIMOS Y SEGUIMOS PERMITIENDO ESTE SAQUEO HISTORICO DE ESTE PAIS. ¡¡ME DA VERGUENZA!!,2026-04-29T00:08:49Z,1,gobierno de Tampico,Fernando Farías: huachicol fiscal y tensión política entre México y Argentina,Centinela del Norte,2026-04-28T15:18:53Z,2026-05-04 08:12:40
580pyEUfcww,UgzCnSYoYF0peMvIB-d4AaABAg,@MariadelCarmenSESIN,"Todo es verdad lo que dices, si regresa a México lo asesinan y después dicen &quot;se suicidó&quot; es como acostumbran toodos los de este Narco-gobierno mexicano🇲🇽 a los que defienden son a los Carteles Terroristas, por eso tenemos el Cementerio más grande del mundo. Dios 🙏 quiera que TRUMP 🇱🇷 los ENCARCELE a toodos, familiares, amistades etc. Y vivamos en Paz, con medicamentos más mil etcéteras.👎🐀☠️🐀💀🤮",2026-04-29T00:08:05Z,3,gobierno de Tampico,Fernando Farías: huachicol fiscal y tensión política entre México y Argentina,Centinela del Norte,2026-04-28T15:18:53Z,2026-05-04 08:12:40
580pyEUfcww,UgzzfY2ks9QbmXHRM094AaABAg,@martindelacruzvazquez7870,Lo que puede ganar $$$ . NETFLIX . CON ESTE CASO DEL WACHICOL FISCAL Con una serie televisiva  y una película .,2026-04-29T00:07:42Z,0,gobierno de Tampico,Fernando Farías: huachicol fiscal y tensión política entre México y Argentina,Centinela del Norte,2026-04-28T15:18:53Z,2026-05-04 08:12:40
580pyEUfcww,UgyxpkkXryN-kOpH0XZ4AaABAg,@detectivegoma,No sabía que la narco política de Andrea Chávez estaba en el lugar... Muy sospechoso... Es evidente que está coludida.,2026-04-28T23:56:37Z,1,gobierno de Tampico,Fernando Farías: huachicol fiscal y tensión política entre México y Argentina,Centinela del Norte,2026-04-28T15:18:53Z,2026-05-04 08:12:40
580pyEUfcww,UgzED7dBDowUr6IABLd4AaABAg,@RafaelMartinez-h7m,"SI ,SI SI QUE FARIAS LAGUNA ,SE LO LLEVEN A E.U.",2026-04-28T23:29:43Z,10,gobierno de Tampico,Fernando Farías: huachicol fiscal y tensión política entre México y Argentina,Centinela del Norte,2026-04-28T15:18:53Z,2026-05-04 08:12:40
580pyEUfcww,UgzFjSxaZzde0aY4gwp4AaABAg,@RafaelMartinez-h7m,ESTA MUJER  MALVADA TITERE DE LOPEZ ..SIEMPRE CAGÁNDOLA,2026-04-28T23:27:06Z,0,gobierno de Tampico,Fernando Farías: huachicol fiscal y tensión política entre México y Argentina,Centinela del Norte,2026-04-28T15:18:53Z,2026-05-04 08:12:40
580pyEUfcww,Ugwf6Oy4NeRysTbOwTh4AaABAg,@lorenaperez816,"No le conviene parar nada, porqué está Crisndr por enriquecimiento ilícito, y no le favorece en nada!!",2026-04-28T23:23:30Z,0,gobierno de Tampico,Fernando Farías: huachicol fiscal y tensión política entre México y Argentina,Centinela del Norte,2026-04-28T15:18:53Z,2026-05-04 08:12:40
580pyEUfcww,Ugx1yJJctwap1gKkHWp4AaABAg,@PedroMartinez-n5q4s,RECLAMAN A FERNANDO FARIAS PARA TAPARLE LA BOCA. LOS MUERTOS NO HABLAN.,2026-04-28T23:21:42Z,2,gobierno de Tampico,Fernando Farías: huachicol fiscal y tensión política entre México y Argentina,Centinela del Norte,2026-04-28T15:18:53Z,2026-05-04 08:12:40
580pyEUfcww,Ugzb1V3StbmOwPQsYRR4AaABAg,@VictorZamorano-n3c,El pez por su propia boca,2026-04-28T23:20:30Z,0,gobierno de Tampico,Fernando Farías: huachicol fiscal y tensión política entre México y Argentina,Centinela del Norte,2026-04-28T15:18:53Z,2026-05-04 08:12:40
580pyEUfcww,UgzRrwnmEhs2VWuQZwV4AaABAg,@GenaroBravo-hm4fy,"Mi opinión personal es; tiene toda la razón Farias Laguna, es mejor que declare todo y que solicite traslado a USA para ratificar todo lo que sabe del Guachicol Fiscal",2026-04-28T23:16:06Z,0,gobierno de Tampico,Fernando Farías: huachicol fiscal y tensión política entre México y Argentina,Centinela del Norte,2026-04-28T15:18:53Z,2026-05-04 08:12:40
580pyEUfcww,UgzvKdQDGIurIjwmJ3Z4AaABAg,@Coleta-j8e,Que no trsigsn a ese señot fatias a mexivo que lo msnden a EE.UU. QUE NOS HAGAN UN FAVOR!!!,2026-04-28T23:15:33Z,1,gobierno de Tampico,Fernando Farías: huachicol fiscal y tensión política entre México y Argentina,Centinela del Norte,2026-04-28T15:18:53Z,2026-05-04 08:12:40
580pyEUfcww,UgxUzLYxLUMtUcn4j4d4AaABAg,@MarcoAntonioPeralta-c6l,"Y SI SE VA, COMO ... TESTIGO PROTEGIDO ... MAMÁ MÍA ... TAN TÁN",2026-04-28T23:09:39Z,5,gobierno de Tampico,Fernando Farías: huachicol fiscal y tensión política entre México y Argentina,Centinela del Norte,2026-04-28T15:18:53Z,2026-05-04 08:12:40
580pyEUfcww,UgxCyL1ujPfM2ihgP3p4AaABAg,@rogerrosas7032,Morena se desmorona jajajaja 🤣🤣🤣🤣🤣🤣🤣🤣🤣🤣,2026-04-28T22:56:29Z,0,gobierno de Tampico,Fernando Farías: huachicol fiscal y tensión política entre México y Argentina,Centinela del Norte,2026-04-28T15:18:53Z,2026-05-04 08:12:40
580pyEUfcww,Ugz8XHPpUH-OsNuS6rB4AaABAg,@JesusMeza-r3x,Saludos desde Chicago  está muy bien que estraditen aese señor farias a estados unidos para que ya le enpiesen sacar sus trapitos al sol  amorena están asta las manitas del guachicol  y todo mundo sabe pero morena nunca abia encarcelar Asus propios  aliados de morena necesita estados unidos pa arrestar  esos  guachicolero  .orenistas,2026-04-28T22:55:01Z,0,gobierno de Tampico,Fernando Farías: huachicol fiscal y tensión política entre México y Argentina,Centinela del Norte,2026-04-28T15:18:53Z,2026-05-04 08:12:40
580pyEUfcww,UgwaZb1fvtGm5f353eV4AaABAg,@juanprado8376,"Pero ya la presidente o presidenta que corre a todos los carteles mexicanos es dirigida por al señor que le ves a la mano Almo algo, así",2026-04-28T22:23:03Z,0,gobierno de Tampico,Fernando Farías: huachicol fiscal y tensión política entre México y Argentina,Centinela del Norte,2026-04-28T15:18:53Z,2026-05-04 08:12:40
580pyEUfcww,Ugw4PQKBCXrc2FikYTJ4AaABAg,@MartinDiaz-j3c,"Milei no lo extradites a México, morena lo va a silenciar como hicieron con él almirante Guerrero. Mejor a EE.UU. para que lo proteja y cante todo.",2026-04-28T22:05:26Z,2,gobierno de Tampico,Fernando Farías: huachicol fiscal y tensión política entre México y Argentina,Centinela del Norte,2026-04-28T15:18:53Z,2026-05-04 08:12:40
580pyEUfcww,UgylTn5JXMij8zLiYmJ4AaABAg,@MartinDiaz-j3c,"Claudia por el grado y jerarquía en turno. No debe apoyar a nadie, así sea su propia familia, porque entonces deja entredicho su refutación como tal.",2026-04-28T22:02:54Z,1,gobierno de Tampico,Fernando Farías: huachicol fiscal y tensión política entre México y Argentina,Centinela del Norte,2026-04-28T15:18:53Z,2026-05-04 08:12:40
580pyEUfcww,UgzN3ZW6tIcP3iXUzGV4AaABAg,@omarsitopro5338,X k a todas las gasolineras k venden gasolina robada es k acuerdos de dinero los protejen ya k a la fecha no an detenido a nadie k mugrero de corrupcion,2026-04-28T22:01:53Z,4,gobierno de Tampico,Fernando Farías: huachicol fiscal y tensión política entre México y Argentina,Centinela del Norte,2026-04-28T15:18:53Z,2026-05-04 08:12:40
580pyEUfcww,Ugyi1SpLfFQhC3iFbRJ4AaABAg,@RBnett1,Dam! Que aburrida.,2026-04-28T21:59:50Z,0,gobierno de Tampico,Fernando Farías: huachicol fiscal y tensión política entre México y Argentina,Centinela del Norte,2026-04-28T15:18:53Z,2026-05-04 08:12:40
580pyEUfcww,UgzhdOBwMCTqobJ2vrZ4AaABAg,@ReynaMagana-qo8mh,Es EX PRESIDENTE AMLO.,2026-04-28T21:50:18Z,1,gobierno de Tampico,Fernando Farías: huachicol fiscal y tensión política entre México y Argentina,Centinela del Norte,2026-04-28T15:18:53Z,2026-05-04 08:12:40
580pyEUfcww,UgzR6ImkgTjzW2iXk8l4AaABAg,@salomesilvestre6874,Directamente y sin escalas hay que deportarlo a EUA Farias Laguna y la Sra Sheimbaun solo habla como merolico al repetir la retórica de la defensa de la Kishner y de todos aquellos como en su momento Venezuela y Cuba pues son hermanos del crimen y demás delitos,2026-04-28T21:40:05Z,1,gobierno de Tampico,Fernando Farías: huachicol fiscal y tensión política entre México y Argentina,Centinela del Norte,2026-04-28T15:18:53Z,2026-05-04 08:12:40
580pyEUfcww,Ugy25bTw2KJ_zgpVcG54AaABAg,@HADASSA-s1o,Y ENTERADOS QUÉ NO NADA MÁS ERA HUACHICOL TAMBIÉN ARMÁS ANDY TENDRÁ QUÉ PAGAR SUS PÉSIMAS DECISIONES,2026-04-28T21:37:00Z,2,gobierno de Tampico,Fernando Farías: huachicol fiscal y tensión política entre México y Argentina,Centinela del Norte,2026-04-28T15:18:53Z,2026-05-04 08:12:40
580pyEUfcww,UgwM-MLZqMCgN7-CfAt4AaABAg,@rociogalindoarizmendi8334,"Este sexenio de el grupo terrorista morena, pudrió al ejército y la marina🤨 eran nuestro orgullo 🥺 va a ser muy difícil volver a confiar en ellos",2026-04-28T21:36:24Z,0,gobierno de Tampico,Fernando Farías: huachicol fiscal y tensión política entre México y Argentina,Centinela del Norte,2026-04-28T15:18:53Z,2026-05-04 08:12:40
580pyEUfcww,Ugxf9efzHEzVIjuxOMB4AaABAg,@HADASSA-s1o,EXELENTE,2026-04-28T21:35:24Z,0,gobierno de Tampico,Fernando Farías: huachicol fiscal y tensión política entre México y Argentina,Centinela del Norte,2026-04-28T15:18:53Z,2026-05-04 08:12:40
580pyEUfcww,UgxEmvqs_ajFKPD3RZl4AaABAg,@professorvannostrand1523,Lo mismo dijeron con el Mayoneso Zumbado y no pasa nada.,2026-04-28T21:30:48Z,2,gobierno de Tampico,Fernando Farías: huachicol fiscal y tensión política entre México y Argentina,Centinela del Norte,2026-04-28T15:18:53Z,2026-05-04 08:12:40
580pyEUfcww,UgxFfWnbnx1VuR6KS3Z4AaABAg,@wellmandelacruz6201,SOBRE TODO QUE DECLARE COMO FINANCIO SU AMPLIA CAMPAÑA PARA LLEGAR A LA PRESIDENCIA,2026-04-28T21:22:11Z,19,gobierno de Tampico,Fernando Farías: huachicol fiscal y tensión política entre México y Argentina,Centinela del Norte,2026-04-28T15:18:53Z,2026-05-04 08:12:40
580pyEUfcww,Ugy-IjwvIWwZ_NgBZfJ4AaABAg,@aliciacruz6589,La Claudia no entiende que cada que escupe le rebota en la cara 😅😅😅,2026-04-28T21:18:49Z,31,gobierno de Tampico,Fernando Farías: huachicol fiscal y tensión política entre México y Argentina,Centinela del Norte,2026-04-28T15:18:53Z,2026-05-04 08:12:40
580pyEUfcww,Ugxr3fRdJHAASKZPRbV4AaABAg,@heisenbergtherigatonisdad4041,Y ESO?. QUE EL MACUSPANO SIEMPRE LES DIJO ASUS BORREGOS Y CHAIROS Y QUE LOS OTROS Y QUE LOS OTROS?. PERO DE ESOS OTROS K. TANTO ABLAVA EL MACUSPANO ERAN PERO DE LOS HUEVOS DE ACERO DEL MEJOR JOUTUBER LECTOMANO?. AL QUE NUNCA LO PUDO COMPRAR EL MACUSPANO NI CON TODO EL DINERO QUE SE ROBO  <br><br>CON LA 4RTA PERO NARCO TRANSFOMACION DE RATASSSSS?. Y DE TODAS LAS MALETAS K. RWSIVIO<br>BIEN LLENAS DE LOS CUEROS DE RANA DEL SEÑOR JOAQUIN GUZMAN LOERA Y EL REY ZANVADA VERDAS VASOFIA PACTARIA DEL NARCO Y DEL HUACHICOL Y DE LOS DICTADORES Y DE TODO LO QUE TENGA QUE VER CON LA COPRRUCION Y LA DELINCUENCIA HOGANISADA ALOS QUE ESTA BIEN ARRODILLADA LA VASOFIA PACTARIA Y SU NARCO GATA LA PRESI SIRVIENTA Y LA LAGARTIJA ESPURIA?. LA QUE LES DISE ALOS BORREGOS Y CHAIROS QUE EL QUE MANDA ES EL PUEBLO?. PERO EL PUEBLO DE LOS HUEVOS DE ACERO DEL MEJOR JOUTUBER LECTOMANO VERDAD BORREGOS Y CHAIROS DEL KKS?. Y DELA NARCO GATA QUIEN ES EL QUE MANDA EL QUE PAGA?. Y PORESO EL QUE MANDA ES EL NARCO?. Y AYA DE LOS CIEGOS QUE NO QUIERAN VER?. YA QUE PORESO SI LOS PERROS QUE SON LOS PERROS ABREN LOS OJOS ALOS 15 DIAS PERO LOS BORREGOS Y CHAIROS JAMAS LOS ABRIRAN?. TA QUE SOLO TIENEN LA CHOYA PARA CRIAR PIOJOS?.,2026-04-28T20:56:38Z,0,gobierno de Tampico,Fernando Farías: huachicol fiscal y tensión política entre México y Argentina,Centinela del Norte,2026-04-28T15:18:53Z,2026-05-04 08:12:40
580pyEUfcww,Ugxzt1y-Qppd4sTQump4AaABAg,@heisenbergtherigatonisdad4041,YA VEZ SURDO POR SIEMPRE AVERLES DICHO ASUS BORREGOS Y CHAIROS QUE NINGUNO DE SUS HIJOS DEL MACUSPANO TENDRIAN NADA QE VER CON LA POLITICA  Y<br><br>QUE POR EL UNICO QUE EL SERIA RWSPONSABLE ERA POR SU HIJO EL ROTOFLANCITO. AL QUE LE COMPRO<br>UNOS TENIS DEL VALOR DE $ 50.000 MIL PESOS Y QUE EL MACUSPANO EL SE DAVA CUENTA DE TODOS LOS NEGOCIOS JUGOSOS QUE ASEN LOS COPRRUCTOS Y AY ESTAN LOS MISMOSSS HIJOS DEL MACUSPANO Y QUE EL MACUSPANO ERA UNA AVE BLANCA Y QUE CRUSAVAS LOS PANTANOS Y K. NO SE MANCHAVA?. VERDAD BORREGOS Y CHAIROS DELA VASOFIA PACTARIA DEL NARCO?.,2026-04-28T20:44:36Z,0,gobierno de Tampico,Fernando Farías: huachicol fiscal y tensión política entre México y Argentina,Centinela del Norte,2026-04-28T15:18:53Z,2026-05-04 08:12:40
580pyEUfcww,UgwQd-kOBZLe_hNUjbN4AaABAg,@martharodriguez7193,"100 millones de mexicanos no ganan nada, klawdya no fué invitada a la reunión de los socialistas y para que se notará su diminuta presencia, salió con su manta en apoyo a kirsner libre.<br>Pobre klawdya, no encuentra la forma de hacerse notar..",2026-04-28T20:37:26Z,6,gobierno de Tampico,Fernando Farías: huachicol fiscal y tensión política entre México y Argentina,Centinela del Norte,2026-04-28T15:18:53Z,2026-05-04 08:12:40
580pyEUfcww,Ugx99y7WpFBLjs_6Fn94AaABAg,@mariaecarrenoperaltamonrro1843,Él pescado por su ocico muere. 😱🤣🤣🤣🤣👏👏👏👏👏,2026-04-28T20:28:20Z,14,gobierno de Tampico,Fernando Farías: huachicol fiscal y tensión política entre México y Argentina,Centinela del Norte,2026-04-28T15:18:53Z,2026-05-04 08:12:40
580pyEUfcww,UgzyNUKspuuzyEjybUl4AaABAg,@MagdaDuran-r7l,"A la Narca Shitbaum le salio el tiro por la Culata,,,,",2026-04-28T19:54:18Z,20,gobierno de Tampico,Fernando Farías: huachicol fiscal y tensión política entre México y Argentina,Centinela del Norte,2026-04-28T15:18:53Z,2026-05-04 08:12:40
580pyEUfcww,Ugzl6sYcMqQq69PeyHB4AaABAg,@edgarcorona3317,😂ya no fumes,2026-04-28T19:49:40Z,0,gobierno de Tampico,Fernando Farías: huachicol fiscal y tensión política entre México y Argentina,Centinela del Norte,2026-04-28T15:18:53Z,2026-05-04 08:12:40
580pyEUfcww,Ugwy1zEiHj2xUBZrELN4AaABAg,@Abrahamb-p6e-r3n,Milei ya dijo que lo van a deportar a EEUU. Si lo envían a México los narcomorenos lo van a suicidar.,2026-04-28T18:40:03Z,22,gobierno de Tampico,Fernando Farías: huachicol fiscal y tensión política entre México y Argentina,Centinela del Norte,2026-04-28T15:18:53Z,2026-05-04 08:12:40
580pyEUfcww,UgzaaEBFNDIzcPVzXOJ4AaABAg,@charrocanrol1,"El gobierno de 2018 a 2024 fue el sexenio del huachicol fiscal.<br><br>Deliberadamente tomaron una serie de decisiones que tuvieron como consecuencia directa el mayor robo al erario en la historia de México.<br><br>1. Pusieron a la Marina al mando de las aduanas, eliminando la supervisión civil y cualquier transparencia sobre lo que entra o sale del país.<br>2. Negaron nuevos permisos de importación, haciendo imposible que los privados pudieran competir legalmente.<br>3. Retiraron los permisos que ya existían, dejando fuera a los importadores legales y cerrando por completo el mercado formal.<br>4. Mantuvieron el IEPS en combustibles en su punto más alto, creando el incentivo perfecto para el contrabando y el fraude.<br><br>Así destruyeron el mercado legal de importación de combustibles para crear uno ilegal.<br><br>Y eso solo fue posible gracias a la participación y el silencio de las más altas esferas del poder, es decir, desde la presidencia  misma, o sea, AMLO: el de la honestidad valiente, el de la austeridad, el del combate al &quot;neoliberalismo&quot; y el de &quot;primero los pobres&quot;.<br><br>El huachicol fiscal no fue un error, FUE UN PLAN, FUE ALGO DELIBERADO.<br>Y es, sin duda, el golpe más elaborado y grande de CORRUPCIÓN en la historia de México.",2026-04-28T16:29:06Z,18,gobierno de Tampico,Fernando Farías: huachicol fiscal y tensión política entre México y Argentina,Centinela del Norte,2026-04-28T15:18:53Z,2026-05-04 08:12:40
580pyEUfcww,Ugw1DgIS9b4zYbPJOT14AaABAg,@ramonolivas2396,"Esta presidenta no gobierna para los mexicanos gobierna para Lopez obrador y su Banda de corruptos que tanto Daño hacen a los mexicanos , si sale del pais no es para trabajar por mexico se va de porra junto a su pricer Petro con los suyos. Sin pensar el Daño para lis mexicanos 🇲🇽🇲🇽🇲🇽🇲🇽🇲🇽",2026-04-28T16:14:13Z,12,gobierno de Tampico,Fernando Farías: huachicol fiscal y tensión política entre México y Argentina,Centinela del Norte,2026-04-28T15:18:53Z,2026-05-04 08:12:40
