fecha_inicio_semana,semana_iso,iso_year,iso_week,iso_yearweek_num,target_serie_4e,sentimiento_redes_ponderado,sentimiento_medios,v5_agua_neto,v5_alumbrado_neto,v5_americo_neto,v5_basura_neto,v5_corrupcion_neto,v5_delitos_neto,v5_morena_neto,v5_obras_neto,v5_prevencion_neto,v5_vialidad_neto,target_serie_4e_lag1,target_serie_4e_lag2,target_serie_4e_lag3,target_serie_4e_lag4,sentimiento_redes_ponderado_lag1,sentimiento_redes_ponderado_lag2,sentimiento_redes_ponderado_lag3,sentimiento_redes_ponderado_lag4,sentimiento_medios_lag1,sentimiento_medios_lag2,sentimiento_medios_lag3,sentimiento_medios_lag4,v5_agua_neto_lag1,v5_agua_neto_lag2,v5_agua_neto_lag3,v5_agua_neto_lag4,v5_alumbrado_neto_lag1,v5_alumbrado_neto_lag2,v5_alumbrado_neto_lag3,v5_alumbrado_neto_lag4,v5_americo_neto_lag1,v5_americo_neto_lag2,v5_americo_neto_lag3,v5_americo_neto_lag4,v5_basura_neto_lag1,v5_basura_neto_lag2,v5_basura_neto_lag3,v5_basura_neto_lag4,v5_corrupcion_neto_lag1,v5_corrupcion_neto_lag2,v5_corrupcion_neto_lag3,v5_corrupcion_neto_lag4,v5_delitos_neto_lag1,v5_delitos_neto_lag2,v5_delitos_neto_lag3,v5_delitos_neto_lag4,v5_morena_neto_lag1,v5_morena_neto_lag2,v5_morena_neto_lag3,v5_morena_neto_lag4,v5_obras_neto_lag1,v5_obras_neto_lag2,v5_obras_neto_lag3,v5_obras_neto_lag4,v5_prevencion_neto_lag1,v5_prevencion_neto_lag2,v5_prevencion_neto_lag3,v5_prevencion_neto_lag4,v5_vialidad_neto_lag1,v5_vialidad_neto_lag2,v5_vialidad_neto_lag3,v5_vialidad_neto_lag4,iso_week_sin,iso_week_cos,t_index,month,quarter
2024-10-14,2024-W42,2024,42,202442,56.8918784299553,0.281403526684715,0.127340823970038,-1.336,1.0291,4.0404,-4.0225,-2.314,-3.9545,1.6704,4.8333,2.3714,-2.5251,,,,,,,,,,,,,,,,,,,,,,,,,,,,,,,,,,,,,,,,,,,,,,,,,,,,,-0.9350162426854148,0.35460488704253557,0,10,4
2024-10-21,2024-W43,2024,43,202443,57.1134201367419,0.259068002112157,0.123300090661831,-1.5621,0.6688,2.2415,-2.1996,-2.6631,-2.5125,2.7664,4.0821,2.0398,-3.3926,56.8918784299553,,,,0.281403526684715,,,,0.127340823970038,,,,-1.336,,,,1.0291,,,,4.0404,,,,-4.0225,,,,-2.314,,,,-3.9545,,,,1.6704,,,,4.8333,,,,2.3714,,,,-2.5251,,,,-0.8854560256532101,0.464723172043768,1,10,4
2024-10-28,2024-W44,2024,44,202444,57.2665726098862,0.169282399166155,0.102310231023102,-1.0305,0.7705,2.6452,-1.538,-4.0297,-3.9053,0.9658,3.3237,0.8081,-2.5546,57.1134201367419,56.8918784299553,,,0.259068002112157,0.281403526684715,,,0.123300090661831,0.127340823970038,,,-1.5621,-1.336,,,0.6688,1.0291,,,2.2415,4.0404,,,-2.1996,-4.0225,,,-2.6631,-2.314,,,-2.5125,-3.9545,,,2.7664,1.6704,,,4.0821,4.8333,,,2.0398,2.3714,,,-3.3926,-2.5251,,,-0.822983865893657,0.5680647467311548,2,10,4
2024-11-04,2024-W45,2024,45,202445,57.3369636322105,0.592941645004367,0.236904761904762,0.4363,0.673,4.439,-1.0634,-2.4478,-2.4039,2.4986,4.9413,1.4015,-2.8681,57.2665726098862,57.1134201367419,56.8918784299553,,0.169282399166155,0.259068002112157,0.281403526684715,,0.102310231023102,0.123300090661831,0.127340823970038,,-1.0305,-1.5621,-1.336,,0.7705,0.6688,1.0291,,2.6452,2.2415,4.0404,,-1.538,-2.1996,-4.0225,,-4.0297,-2.6631,-2.314,,-3.9053,-2.5125,-3.9545,,0.9658,2.7664,1.6704,,3.3237,4.0821,4.8333,,0.8081,2.0398,2.3714,,-2.5546,-3.3926,-2.5251,,-0.7485107481711011,0.6631226582407952,3,11,4
2024-11-11,2024-W46,2024,46,202446,57.3567782123672,0.259232586434294,0.158081705150977,-1.7806,0.2606,2.3376,-1.9926,-4.2169,-4.1719,-1.0746,3.63,2.8221,-3.6514,57.3369636322105,57.2665726098862,57.1134201367419,56.8918784299553,0.592941645004367,0.169282399166155,0.259068002112157,0.281403526684715,0.236904761904762,0.102310231023102,0.123300090661831,0.127340823970038,0.4363,-1.0305,-1.5621,-1.336,0.673,0.7705,0.6688,1.0291,4.439,2.6452,2.2415,4.0404,-1.0634,-1.538,-2.1996,-4.0225,-2.4478,-4.0297,-2.6631,-2.314,-2.4039,-3.9053,-2.5125,-3.9545,2.4986,0.9658,2.7664,1.6704,4.9413,3.3237,4.0821,4.8333,1.4015,0.8081,2.0398,2.3714,-2.8681,-2.5546,-3.3926,-2.5251,-0.6631226582407955,0.7485107481711007,4,11,4
2024-11-18,2024-W47,2024,47,202447,57.3162048891659,0.176955311288159,0.232750689972401,-1.6505,0.7968,2.5805,-2.1658,-3.084,-4.0435,-2.104,3.7706,1.6493,-3.2234,57.3567782123672,57.3369636322105,57.2665726098862,57.1134201367419,0.259232586434294,0.592941645004367,0.169282399166155,0.259068002112157,0.158081705150977,0.236904761904762,0.102310231023102,0.123300090661831,-1.7806,0.4363,-1.0305,-1.5621,0.2606,0.673,0.7705,0.6688,2.3376,4.439,2.6452,2.2415,-1.9926,-1.0634,-1.538,-2.1996,-4.2169,-2.4478,-4.0297,-2.6631,-4.1719,-2.4039,-3.9053,-2.5125,-1.0746,2.4986,0.9658,2.7664,3.63,4.9413,3.3237,4.0821,2.8221,1.4015,0.8081,2.0398,-3.6514,-2.8681,-2.5546,-3.3926,-0.5680647467311559,0.8229838658936564,5,11,4
2024-11-25,2024-W48,2024,48,202448,56.9728326479835,0.234195384192454,0.233055885850178,-1.1832,0.8478,1.3918,-1.7419,-3.9504,-2.8806,-2.8588,3.8413,1.0094,-2.5373,57.3162048891659,57.3567782123672,57.3369636322105,57.2665726098862,0.176955311288159,0.259232586434294,0.592941645004367,0.169282399166155,0.232750689972401,0.158081705150977,0.236904761904762,0.102310231023102,-1.6505,-1.7806,0.4363,-1.0305,0.7968,0.2606,0.673,0.7705,2.5805,2.3376,4.439,2.6452,-2.1658,-1.9926,-1.0634,-1.538,-3.084,-4.2169,-2.4478,-4.0297,-4.0435,-4.1719,-2.4039,-3.9053,-2.104,-1.0746,2.4986,0.9658,3.7706,3.63,4.9413,3.3237,1.6493,2.8221,1.4015,0.8081,-3.2234,-3.6514,-2.8681,-2.5546,-0.4647231720437684,0.88545602565321,6,11,4
2024-12-02,2024-W49,2024,49,202449,56.4677828941367,0.346915345417234,0.305402425578831,-0.832,1.1654,1.9736,-1.6445,-4.8773,-5.3242,-3.8264,3.3075,0.3953,-2.5486,56.9728326479835,57.3162048891659,57.3567782123672,57.3369636322105,0.234195384192454,0.176955311288159,0.259232586434294,0.592941645004367,0.233055885850178,0.232750689972401,0.158081705150977,0.236904761904762,-1.1832,-1.6505,-1.7806,0.4363,0.8478,0.7968,0.2606,0.673,1.3918,2.5805,2.3376,4.439,-1.7419,-2.1658,-1.9926,-1.0634,-3.9504,-3.084,-4.2169,-2.4478,-2.8806,-4.0435,-4.1719,-2.4039,-2.8588,-2.104,-1.0746,2.4986,3.8413,3.7706,3.63,4.9413,1.0094,1.6493,2.8221,1.4015,-2.5373,-3.2234,-3.6514,-2.8681,-0.35460488704253595,0.9350162426854147,7,12,4
2024-12-09,2024-W50,2024,50,202450,56.0274041453556,0.164842223269489,0.0689655172413793,-1.3861,0.7753,2.0916,-3.3406,-2.0648,-1.4562,0.5686,3.007,-3.165,-3.9891,56.4677828941367,56.9728326479835,57.3162048891659,57.3567782123672,0.346915345417234,0.234195384192454,0.176955311288159,0.259232586434294,0.305402425578831,0.233055885850178,0.232750689972401,0.158081705150977,-0.832,-1.1832,-1.6505,-1.7806,1.1654,0.8478,0.7968,0.2606,1.9736,1.3918,2.5805,2.3376,-1.6445,-1.7419,-2.1658,-1.9926,-4.8773,-3.9504,-3.084,-4.2169,-5.3242,-2.8806,-4.0435,-4.1719,-3.8264,-2.8588,-2.104,-1.0746,3.3075,3.8413,3.7706,3.63,0.3953,1.0094,1.6493,2.8221,-2.5486,-2.5373,-3.2234,-3.6514,-0.2393156642875578,0.970941817426052,8,12,4
2024-12-16,2024-W51,2024,51,202451,55.8761516699853,0.410324001061249,0.104863221884499,-1.4296,0.3548,2.3299,-2.3073,-2.5178,-2.5747,-2.8165,3.0366,0.9754,-3.7324,56.0274041453556,56.4677828941367,56.9728326479835,57.3162048891659,0.164842223269489,0.346915345417234,0.234195384192454,0.176955311288159,0.0689655172413793,0.305402425578831,0.233055885850178,0.232750689972401,-1.3861,-0.832,-1.1832,-1.6505,0.7753,1.1654,0.8478,0.7968,2.0916,1.9736,1.3918,2.5805,-3.3406,-1.6445,-1.7419,-2.1658,-2.0648,-4.8773,-3.9504,-3.084,-1.4562,-5.3242,-2.8806,-4.0435,0.5686,-3.8264,-2.8588,-2.104,3.007,3.3075,3.8413,3.7706,-3.165,0.3953,1.0094,1.6493,-3.9891,-2.5486,-2.5373,-3.2234,-0.12053668025532363,0.992708874098054,9,12,4
2024-12-23,2024-W52,2024,52,202452,56.0505897171307,0.23236087575418,0.140495867768595,-0.5985,-0.0025,2.7719,-3.1691,-2.7212,-3.1069,0.7708,3.3386,0.7136,-2.9751,55.8761516699853,56.0274041453556,56.4677828941367,56.9728326479835,0.410324001061249,0.164842223269489,0.346915345417234,0.234195384192454,0.104863221884499,0.0689655172413793,0.305402425578831,0.233055885850178,-1.4296,-1.3861,-0.832,-1.1832,0.3548,0.7753,1.1654,0.8478,2.3299,2.0916,1.9736,1.3918,-2.3073,-3.3406,-1.6445,-1.7419,-2.5178,-2.0648,-4.8773,-3.9504,-2.5747,-1.4562,-5.3242,-2.8806,-2.8165,0.5686,-3.8264,-2.8588,3.0366,3.007,3.3075,3.8413,0.9754,-3.165,0.3953,1.0094,-3.7324,-3.9891,-2.5486,-2.5373,6.432490598706546e-16,1.0,10,12,4
2024-12-30,2025-W01,2025,1,202501,56.4094038503692,0.0353219880133694,0.134059331580924,-1.6312,-0.6034,3.2212,-1.5508,-4.9935,-5.0542,-3.4447,2.8247,0.4358,-3.1046,56.0505897171307,55.8761516699853,56.0274041453556,56.4677828941367,0.23236087575418,0.410324001061249,0.164842223269489,0.346915345417234,0.140495867768595,0.104863221884499,0.0689655172413793,0.305402425578831,-0.5985,-1.4296,-1.3861,-0.832,-0.0025,0.3548,0.7753,1.1654,2.7719,2.3299,2.0916,1.9736,-3.1691,-2.3073,-3.3406,-1.6445,-2.7212,-2.5178,-2.0648,-4.8773,-3.1069,-2.5747,-1.4562,-5.3242,0.7708,-2.8165,0.5686,-3.8264,3.3386,3.0366,3.007,3.3075,0.7136,0.9754,-3.165,0.3953,-2.9751,-3.7324,-3.9891,-2.5486,0.12053668025532305,0.992708874098054,11,12,4
2025-01-06,2025-W02,2025,2,202502,56.8376450795668,-0.0694184937993123,0.104826546003017,-0.6668,0.4765,4.1465,-3.1868,-4.8153,-5.0305,-3.2172,4.579,1.0437,-2.9483,56.4094038503692,56.0505897171307,55.8761516699853,56.0274041453556,0.0353219880133694,0.23236087575418,0.410324001061249,0.164842223269489,0.134059331580924,0.140495867768595,0.104863221884499,0.0689655172413793,-1.6312,-0.5985,-1.4296,-1.3861,-0.6034,-0.0025,0.3548,0.7753,3.2212,2.7719,2.3299,2.0916,-1.5508,-3.1691,-2.3073,-3.3406,-4.9935,-2.7212,-2.5178,-2.0648,-5.0542,-3.1069,-2.5747,-1.4562,-3.4447,0.7708,-2.8165,0.5686,2.8247,3.3386,3.0366,3.007,0.4358,0.7136,0.9754,-3.165,-3.1046,-2.9751,-3.7324,-3.9891,0.23931566428755774,0.970941817426052,12,1,1
2025-01-13,2025-W03,2025,3,202503,57.2203644145897,0.036855852762635,0.139051678209909,-1.916,0.2783,2.4146,-2.5479,-4.3777,-4.3228,-2.4463,3.6142,-0.8688,-3.2791,56.8376450795668,56.4094038503692,56.0505897171307,55.8761516699853,-0.0694184937993123,0.0353219880133694,0.23236087575418,0.410324001061249,0.104826546003017,0.134059331580924,0.140495867768595,0.104863221884499,-0.6668,-1.6312,-0.5985,-1.4296,0.4765,-0.6034,-0.0025,0.3548,4.1465,3.2212,2.7719,2.3299,-3.1868,-1.5508,-3.1691,-2.3073,-4.8153,-4.9935,-2.7212,-2.5178,-5.0305,-5.0542,-3.1069,-2.5747,-3.2172,-3.4447,0.7708,-2.8165,4.579,2.8247,3.3386,3.0366,1.0437,0.4358,0.7136,0.9754,-2.9483,-3.1046,-2.9751,-3.7324,0.3546048870425356,0.9350162426854148,13,1,1
2025-01-20,2025-W04,2025,4,202504,57.5134610974377,0.105245523742359,0.0286532951289398,-1.2038,-0.0647,2.5335,-1.6319,-3.5982,-3.6858,0.8968,3.3757,-0.1293,-2.9775,57.2203644145897,56.8376450795668,56.4094038503692,56.0505897171307,0.036855852762635,-0.0694184937993123,0.0353219880133694,0.23236087575418,0.139051678209909,0.104826546003017,0.134059331580924,0.140495867768595,-1.916,-0.6668,-1.6312,-0.5985,0.2783,0.4765,-0.6034,-0.0025,2.4146,4.1465,3.2212,2.7719,-2.5479,-3.1868,-1.5508,-3.1691,-4.3777,-4.8153,-4.9935,-2.7212,-4.3228,-5.0305,-5.0542,-3.1069,-2.4463,-3.2172,-3.4447,0.7708,3.6142,4.579,2.8247,3.3386,-0.8688,1.0437,0.4358,0.7136,-3.2791,-2.9483,-3.1046,-2.9751,0.4647231720437685,0.8854560256532099,14,1,1
2025-01-27,2025-W05,2025,5,202505,57.8245184193639,0.257041871551968,0.126686983021332,-0.9255,0.1116,1.8357,-1.5791,-3.1546,-3.5429,0.0968,3.3826,0.8625,-3.034,57.5134610974377,57.2203644145897,56.8376450795668,56.4094038503692,0.105245523742359,0.036855852762635,-0.0694184937993123,0.0353219880133694,0.0286532951289398,0.139051678209909,0.104826546003017,0.134059331580924,-1.2038,-1.916,-0.6668,-1.6312,-0.0647,0.2783,0.4765,-0.6034,2.5335,2.4146,4.1465,3.2212,-1.6319,-2.5479,-3.1868,-1.5508,-3.5982,-4.3777,-4.8153,-4.9935,-3.6858,-4.3228,-5.0305,-5.0542,0.8968,-2.4463,-3.2172,-3.4447,3.3757,3.6142,4.579,2.8247,-0.1293,-0.8688,1.0437,0.4358,-2.9775,-3.2791,-2.9483,-3.1046,0.5680647467311558,0.8229838658936564,15,1,1
2025-02-03,2025-W06,2025,6,202506,58.1042803060043,0.1062138347911,0.232198142414861,-1.5394,0.5584,2.3314,-2.6257,-3.3508,-3.9967,1.0017,3.3727,0.393,-4.0213,57.8245184193639,57.5134610974377,57.2203644145897,56.8376450795668,0.257041871551968,0.105245523742359,0.036855852762635,-0.0694184937993123,0.126686983021332,0.0286532951289398,0.139051678209909,0.104826546003017,-0.9255,-1.2038,-1.916,-0.6668,0.1116,-0.0647,0.2783,0.4765,1.8357,2.5335,2.4146,4.1465,-1.5791,-1.6319,-2.5479,-3.1868,-3.1546,-3.5982,-4.3777,-4.8153,-3.5429,-3.6858,-4.3228,-5.0305,0.0968,0.8968,-2.4463,-3.2172,3.3826,3.3757,3.6142,4.579,0.8625,-0.1293,-0.8688,1.0437,-3.034,-2.9775,-3.2791,-2.9483,0.6631226582407952,0.7485107481711011,16,2,1
2025-02-10,2025-W07,2025,7,202507,58.2929047203171,-0.0267798297285953,0.17280701754386,-1.4344,0.661,1.9418,-2.0593,-3.8567,-4.0078,-0.0273,3.466,0.6906,-2.7876,58.1042803060043,57.8245184193639,57.5134610974377,57.2203644145897,0.1062138347911,0.257041871551968,0.105245523742359,0.036855852762635,0.232198142414861,0.126686983021332,0.0286532951289398,0.139051678209909,-1.5394,-0.9255,-1.2038,-1.916,0.5584,0.1116,-0.0647,0.2783,2.3314,1.8357,2.5335,2.4146,-2.6257,-1.5791,-1.6319,-2.5479,-3.3508,-3.1546,-3.5982,-4.3777,-3.9967,-3.5429,-3.6858,-4.3228,1.0017,0.0968,0.8968,-2.4463,3.3727,3.3826,3.3757,3.6142,0.393,0.8625,-0.1293,-0.8688,-4.0213,-3.034,-2.9775,-3.2791,0.7485107481711011,0.6631226582407953,17,2,1
2025-02-17,2025-W08,2025,8,202508,58.3186185874457,0.0321990593134864,0.0549084858569052,-1.6518,0.9543,2.5716,-2.098,-4.4858,-4.2398,-1.1037,3.4405,-0.0772,-3.0521,58.2929047203171,58.1042803060043,57.8245184193639,57.5134610974377,-0.0267798297285953,0.1062138347911,0.257041871551968,0.105245523742359,0.17280701754386,0.232198142414861,0.126686983021332,0.0286532951289398,-1.4344,-1.5394,-0.9255,-1.2038,0.661,0.5584,0.1116,-0.0647,1.9418,2.3314,1.8357,2.5335,-2.0593,-2.6257,-1.5791,-1.6319,-3.8567,-3.3508,-3.1546,-3.5982,-4.0078,-3.9967,-3.5429,-3.6858,-0.0273,1.0017,0.0968,0.8968,3.466,3.3727,3.3826,3.3757,0.6906,0.393,0.8625,-0.1293,-2.7876,-4.0213,-3.034,-2.9775,0.8229838658936564,0.5680647467311559,18,2,1
2025-02-24,2025-W09,2025,9,202509,58.0033822967742,0.224333841286292,0.166338582677165,-2.4014,0.409,3.0739,-4.4295,-3.371,-2.8242,-0.6575,3.1822,-1.5652,-3.3561,58.3186185874457,58.2929047203171,58.1042803060043,57.8245184193639,0.0321990593134864,-0.0267798297285953,0.1062138347911,0.257041871551968,0.0549084858569052,0.17280701754386,0.232198142414861,0.126686983021332,-1.6518,-1.4344,-1.5394,-0.9255,0.9543,0.661,0.5584,0.1116,2.5716,1.9418,2.3314,1.8357,-2.098,-2.0593,-2.6257,-1.5791,-4.4858,-3.8567,-3.3508,-3.1546,-4.2398,-4.0078,-3.9967,-3.5429,-1.1037,-0.0273,1.0017,0.0968,3.4405,3.466,3.3727,3.3826,-0.0772,0.6906,0.393,0.8625,-3.0521,-2.7876,-4.0213,-3.034,0.8854560256532099,0.4647231720437686,19,2,1
2025-03-03,2025-W10,2025,10,202510,57.5037459474926,0.204008068771556,0.206509539842873,-0.9297,0.046,2.4819,-2.4249,-3.8502,-4.0724,-2.2769,3.1772,0.5159,-3.1587,58.0033822967742,58.3186185874457,58.2929047203171,58.1042803060043,0.224333841286292,0.0321990593134864,-0.0267798297285953,0.1062138347911,0.166338582677165,0.0549084858569052,0.17280701754386,0.232198142414861,-2.4014,-1.6518,-1.4344,-1.5394,0.409,0.9543,0.661,0.5584,3.0739,2.5716,1.9418,2.3314,-4.4295,-2.098,-2.0593,-2.6257,-3.371,-4.4858,-3.8567,-3.3508,-2.8242,-4.2398,-4.0078,-3.9967,-0.6575,-1.1037,-0.0273,1.0017,3.1822,3.4405,3.466,3.3727,-1.5652,-0.0772,0.6906,0.393,-3.3561,-3.0521,-2.7876,-4.0213,0.9350162426854148,0.35460488704253557,20,3,1
2025-03-10,2025-W11,2025,11,202511,57.0778696216551,0.101508088978149,0.137367915465898,-0.8526,-0.0541,2.1156,-1.8461,-2.9074,-4.034,-1.9037,2.6914,-0.2222,-2.8863,57.5037459474926,58.0033822967742,58.3186185874457,58.2929047203171,0.204008068771556,0.224333841286292,0.0321990593134864,-0.0267798297285953,0.206509539842873,0.166338582677165,0.0549084858569052,0.17280701754386,-0.9297,-2.4014,-1.6518,-1.4344,0.046,0.409,0.9543,0.661,2.4819,3.0739,2.5716,1.9418,-2.4249,-4.4295,-2.098,-2.0593,-3.8502,-3.371,-4.4858,-3.8567,-4.0724,-2.8242,-4.2398,-4.0078,-2.2769,-0.6575,-1.1037,-0.0273,3.1772,3.1822,3.4405,3.466,0.5159,-1.5652,-0.0772,0.6906,-3.1587,-3.3561,-3.0521,-2.7876,0.970941817426052,0.23931566428755804,21,3,1
2025-03-17,2025-W12,2025,12,202512,56.9667398492273,-0.0534885806271719,0.192166462668299,-2.3366,0.0671,4.54,-4.0813,-5.1043,-4.4412,-3.8346,3.8642,-2.6611,-5.0794,57.0778696216551,57.5037459474926,58.0033822967742,58.3186185874457,0.101508088978149,0.204008068771556,0.224333841286292,0.0321990593134864,0.137367915465898,0.206509539842873,0.166338582677165,0.0549084858569052,-0.8526,-0.9297,-2.4014,-1.6518,-0.0541,0.046,0.409,0.9543,2.1156,2.4819,3.0739,2.5716,-1.8461,-2.4249,-4.4295,-2.098,-2.9074,-3.8502,-3.371,-4.4858,-4.034,-4.0724,-2.8242,-4.2398,-1.9037,-2.2769,-0.6575,-1.1037,2.6914,3.1772,3.1822,3.4405,-0.2222,0.5159,-1.5652,-0.0772,-2.8863,-3.1587,-3.3561,-3.0521,0.992708874098054,0.120536680255323,22,3,1
2025-03-24,2025-W13,2025,13,202513,57.0542874750367,0.130173199310947,0.121758241758242,-2.3188,0.2611,2.0626,-2.0921,-4.3181,-3.7915,-1.2812,2.8317,-1.4482,-3.1831,56.9667398492273,57.0778696216551,57.5037459474926,58.0033822967742,-0.0534885806271719,0.101508088978149,0.204008068771556,0.224333841286292,0.192166462668299,0.137367915465898,0.206509539842873,0.166338582677165,-2.3366,-0.8526,-0.9297,-2.4014,0.0671,-0.0541,0.046,0.409,4.54,2.1156,2.4819,3.0739,-4.0813,-1.8461,-2.4249,-4.4295,-5.1043,-2.9074,-3.8502,-3.371,-4.4412,-4.034,-4.0724,-2.8242,-3.8346,-1.9037,-2.2769,-0.6575,3.8642,2.6914,3.1772,3.1822,-2.6611,-0.2222,0.5159,-1.5652,-5.0794,-2.8863,-3.1587,-3.3561,1.0,-1.6081226496766364e-16,23,3,1
2025-03-31,2025-W14,2025,14,202514,57.2323491184133,0.00546544176995905,0.0909090909090909,-1.4458,0.623,2.684,-2.0312,-4.9299,-4.7034,-2.9512,2.5586,-1.3868,-2.9121,57.0542874750367,56.9667398492273,57.0778696216551,57.5037459474926,0.130173199310947,-0.0534885806271719,0.101508088978149,0.204008068771556,0.121758241758242,0.192166462668299,0.137367915465898,0.206509539842873,-2.3188,-2.3366,-0.8526,-0.9297,0.2611,0.0671,-0.0541,0.046,2.0626,4.54,2.1156,2.4819,-2.0921,-4.0813,-1.8461,-2.4249,-4.3181,-5.1043,-2.9074,-3.8502,-3.7915,-4.4412,-4.034,-4.0724,-1.2812,-3.8346,-1.9037,-2.2769,2.8317,3.8642,2.6914,3.1772,-1.4482,-2.6611,-0.2222,0.5159,-3.1831,-5.0794,-2.8863,-3.1587,0.992708874098054,-0.12053668025532288,24,3,1
2025-04-07,2025-W15,2025,15,202515,57.4760265116773,0.473177765273476,0.194541910331384,-0.9493,0.4575,2.09,-2.0155,-2.7676,-2.5674,1.0798,3.0371,0.525,-2.5289,57.2323491184133,57.0542874750367,56.9667398492273,57.0778696216551,0.00546544176995905,0.130173199310947,-0.0534885806271719,0.101508088978149,0.0909090909090909,0.121758241758242,0.192166462668299,0.137367915465898,-1.4458,-2.3188,-2.3366,-0.8526,0.623,0.2611,0.0671,-0.0541,2.684,2.0626,4.54,2.1156,-2.0312,-2.0921,-4.0813,-1.8461,-4.9299,-4.3181,-5.1043,-2.9074,-4.7034,-3.7915,-4.4412,-4.034,-2.9512,-1.2812,-3.8346,-1.9037,2.5586,2.8317,3.8642,2.6914,-1.3868,-1.4482,-2.6611,-0.2222,-2.9121,-3.1831,-5.0794,-2.8863,0.9709418174260521,-0.2393156642875575,25,4,2
2025-04-14,2025-W16,2025,16,202516,57.7604213871484,0.0843248897867335,0.196976854038734,-1.1761,-0.048,1.9953,-1.8512,-4.254,-4.1391,-2.2483,3.0272,-1.4444,-2.9329,57.4760265116773,57.2323491184133,57.0542874750367,56.9667398492273,0.473177765273476,0.00546544176995905,0.130173199310947,-0.0534885806271719,0.194541910331384,0.0909090909090909,0.121758241758242,0.192166462668299,-0.9493,-1.4458,-2.3188,-2.3366,0.4575,0.623,0.2611,0.0671,2.09,2.684,2.0626,4.54,-2.0155,-2.0312,-2.0921,-4.0813,-2.7676,-4.9299,-4.3181,-5.1043,-2.5674,-4.7034,-3.7915,-4.4412,1.0798,-2.9512,-1.2812,-3.8346,3.0371,2.5586,2.8317,3.8642,0.525,-1.3868,-1.4482,-2.6611,-2.5289,-2.9121,-3.1831,-5.0794,0.9350162426854148,-0.35460488704253545,26,4,2
2025-04-21,2025-W17,2025,17,202517,58.2726496369191,0.148015195933047,0.112851220635652,-0.8572,0.0555,1.8863,-2.3038,-3.91,-3.3946,-0.9134,3.42,-2.2953,-3.3777,57.7604213871484,57.4760265116773,57.2323491184133,57.0542874750367,0.0843248897867335,0.473177765273476,0.00546544176995905,0.130173199310947,0.196976854038734,0.194541910331384,0.0909090909090909,0.121758241758242,-1.1761,-0.9493,-1.4458,-2.3188,-0.048,0.4575,0.623,0.2611,1.9953,2.09,2.684,2.0626,-1.8512,-2.0155,-2.0312,-2.0921,-4.254,-2.7676,-4.9299,-4.3181,-4.1391,-2.5674,-4.7034,-3.7915,-2.2483,1.0798,-2.9512,-1.2812,3.0272,3.0371,2.5586,2.8317,-1.4444,0.525,-1.3868,-1.4482,-2.9329,-2.5289,-2.9121,-3.1831,0.8854560256532099,-0.4647231720437685,27,4,2
2025-04-28,2025-W18,2025,18,202518,59.159580879596,0.443868011869911,0.176470588235294,-0.8127,0.4034,1.8991,-1.6006,-3.2842,-2.9858,-0.893,3.4125,0.3143,-2.4747,58.2726496369191,57.7604213871484,57.4760265116773,57.2323491184133,0.148015195933047,0.0843248897867335,0.473177765273476,0.00546544176995905,0.112851220635652,0.196976854038734,0.194541910331384,0.0909090909090909,-0.8572,-1.1761,-0.9493,-1.4458,0.0555,-0.048,0.4575,0.623,1.8863,1.9953,2.09,2.684,-2.3038,-1.8512,-2.0155,-2.0312,-3.91,-4.254,-2.7676,-4.9299,-3.3946,-4.1391,-2.5674,-4.7034,-0.9134,-2.2483,1.0798,-2.9512,3.42,3.0272,3.0371,2.5586,-2.2953,-1.4444,0.525,-1.3868,-3.3777,-2.9329,-2.5289,-2.9121,0.8229838658936565,-0.5680647467311557,28,4,2
2025-05-05,2025-W19,2025,19,202519,60.0771697370367,0.134617370254834,0.228274428274428,-1.7018,0.9537,2.2028,-2.4389,-4.4491,-3.6155,-2.7498,3.2649,-0.5655,-3.1171,59.159580879596,58.2726496369191,57.7604213871484,57.4760265116773,0.443868011869911,0.148015195933047,0.0843248897867335,0.473177765273476,0.176470588235294,0.112851220635652,0.196976854038734,0.194541910331384,-0.8127,-0.8572,-1.1761,-0.9493,0.4034,0.0555,-0.048,0.4575,1.8991,1.8863,1.9953,2.09,-1.6006,-2.3038,-1.8512,-2.0155,-3.2842,-3.91,-4.254,-2.7676,-2.9858,-3.3946,-4.1391,-2.5674,-0.893,-0.9134,-2.2483,1.0798,3.4125,3.42,3.0272,3.0371,0.3143,-2.2953,-1.4444,0.525,-2.4747,-3.3777,-2.9329,-2.5289,0.7485107481711013,-0.663122658240795,29,5,2
2025-05-12,2025-W20,2025,20,202520,60.6743722096584,0.0621123145606552,0.117351215423303,-1.3794,0.6065,1.8694,-1.8539,-4.797,-4.3133,-2.7406,3.321,0.4251,-3.6052,60.0771697370367,59.159580879596,58.2726496369191,57.7604213871484,0.134617370254834,0.443868011869911,0.148015195933047,0.0843248897867335,0.228274428274428,0.176470588235294,0.112851220635652,0.196976854038734,-1.7018,-0.8127,-0.8572,-1.1761,0.9537,0.4034,0.0555,-0.048,2.2028,1.8991,1.8863,1.9953,-2.4389,-1.6006,-2.3038,-1.8512,-4.4491,-3.2842,-3.91,-4.254,-3.6155,-2.9858,-3.3946,-4.1391,-2.7498,-0.893,-0.9134,-2.2483,3.2649,3.4125,3.42,3.0272,-0.5655,0.3143,-2.2953,-1.4444,-3.1171,-2.4747,-3.3777,-2.9329,0.6631226582407952,-0.7485107481711012,30,5,2
2025-05-19,2025-W21,2025,21,202521,60.6951250313647,0.143176753734124,0.171964764458062,-1.2259,0.5356,1.7976,-2.3067,-4.559,-4.3506,-2.6067,3.2901,-0.2136,-2.6844,60.6743722096584,60.0771697370367,59.159580879596,58.2726496369191,0.0621123145606552,0.134617370254834,0.443868011869911,0.148015195933047,0.117351215423303,0.228274428274428,0.176470588235294,0.112851220635652,-1.3794,-1.7018,-0.8127,-0.8572,0.6065,0.9537,0.4034,0.0555,1.8694,2.2028,1.8991,1.8863,-1.8539,-2.4389,-1.6006,-2.3038,-4.797,-4.4491,-3.2842,-3.91,-4.3133,-3.6155,-2.9858,-3.3946,-2.7406,-2.7498,-0.893,-0.9134,3.321,3.2649,3.4125,3.42,0.4251,-0.5655,0.3143,-2.2953,-3.6052,-3.1171,-2.4747,-3.3777,0.5680647467311558,-0.8229838658936564,31,5,2
2025-05-26,2025-W22,2025,22,202522,60.4148544751696,0.0836116782995949,0.215239980207818,-1.3415,0.7026,2.4514,-2.263,-4.1507,-3.3832,-2.893,3.9525,1.0845,-3.5098,60.6951250313647,60.6743722096584,60.0771697370367,59.159580879596,0.143176753734124,0.0621123145606552,0.134617370254834,0.443868011869911,0.171964764458062,0.117351215423303,0.228274428274428,0.176470588235294,-1.2259,-1.3794,-1.7018,-0.8127,0.5356,0.6065,0.9537,0.4034,1.7976,1.8694,2.2028,1.8991,-2.3067,-1.8539,-2.4389,-1.6006,-4.559,-4.797,-4.4491,-3.2842,-4.3506,-4.3133,-3.6155,-2.9858,-2.6067,-2.7406,-2.7498,-0.893,3.2901,3.321,3.2649,3.4125,-0.2136,0.4251,-0.5655,0.3143,-2.6844,-3.6052,-3.1171,-2.4747,0.46472317204376906,-0.8854560256532096,32,5,2
2025-06-02,2025-W23,2025,23,202523,59.9908142179522,0.188465024293173,0.0888,-1.1955,0.8838,5.5302,-1.9873,-4.3945,-3.7322,-2.6228,3.5184,2.0795,-3.323,60.4148544751696,60.6951250313647,60.6743722096584,60.0771697370367,0.0836116782995949,0.143176753734124,0.0621123145606552,0.134617370254834,0.215239980207818,0.171964764458062,0.117351215423303,0.228274428274428,-1.3415,-1.2259,-1.3794,-1.7018,0.7026,0.5356,0.6065,0.9537,2.4514,1.7976,1.8694,2.2028,-2.263,-2.3067,-1.8539,-2.4389,-4.1507,-4.559,-4.797,-4.4491,-3.3832,-4.3506,-4.3133,-3.6155,-2.893,-2.6067,-2.7406,-2.7498,3.9525,3.2901,3.321,3.2649,1.0845,-0.2136,0.4251,-0.5655,-3.5098,-2.6844,-3.6052,-3.1171,0.35460488704253584,-0.9350162426854147,33,6,2
2025-06-09,2025-W24,2025,24,202524,59.5411956218124,0.28557128111203,0.0642633228840125,-1.6696,0.3754,1.7929,-2.6436,-3.1136,-3.5533,-0.5623,3.4063,0.2141,-2.6887,59.9908142179522,60.4148544751696,60.6951250313647,60.6743722096584,0.188465024293173,0.0836116782995949,0.143176753734124,0.0621123145606552,0.0888,0.215239980207818,0.171964764458062,0.117351215423303,-1.1955,-1.3415,-1.2259,-1.3794,0.8838,0.7026,0.5356,0.6065,5.5302,2.4514,1.7976,1.8694,-1.9873,-2.263,-2.3067,-1.8539,-4.3945,-4.1507,-4.559,-4.797,-3.7322,-3.3832,-4.3506,-4.3133,-2.6228,-2.893,-2.6067,-2.7406,3.5184,3.9525,3.2901,3.321,2.0795,1.0845,-0.2136,0.4251,-3.323,-3.5098,-2.6844,-3.6052,0.23931566428755768,-0.970941817426052,34,6,2
2025-06-16,2025-W25,2025,25,202525,59.1812348047747,0.128343012321562,0.0180102915951973,-3.1146,0.0824,2.0048,-1.8559,-3.6833,-3.3906,-2.5837,3.3009,-0.2113,-3.6112,59.5411956218124,59.9908142179522,60.4148544751696,60.6951250313647,0.28557128111203,0.188465024293173,0.0836116782995949,0.143176753734124,0.0642633228840125,0.0888,0.215239980207818,0.171964764458062,-1.6696,-1.1955,-1.3415,-1.2259,0.3754,0.8838,0.7026,0.5356,1.7929,5.5302,2.4514,1.7976,-2.6436,-1.9873,-2.263,-2.3067,-3.1136,-4.3945,-4.1507,-4.559,-3.5533,-3.7322,-3.3832,-4.3506,-0.5623,-2.6228,-2.893,-2.6067,3.4063,3.5184,3.9525,3.2901,0.2141,2.0795,1.0845,-0.2136,-2.6887,-3.323,-3.5098,-2.6844,0.12053668025532308,-0.992708874098054,35,6,2
2025-06-23,2025-W26,2025,26,202526,58.8397598378394,0.110639383957494,0.0195412064570943,-3.3912,1.3929,2.6153,-1.4842,-4.213,-4.0761,-2.5213,3.3264,0.9358,-3.6398,59.1812348047747,59.5411956218124,59.9908142179522,60.4148544751696,0.128343012321562,0.28557128111203,0.188465024293173,0.0836116782995949,0.0180102915951973,0.0642633228840125,0.0888,0.215239980207818,-3.1146,-1.6696,-1.1955,-1.3415,0.0824,0.3754,0.8838,0.7026,2.0048,1.7929,5.5302,2.4514,-1.8559,-2.6436,-1.9873,-2.263,-3.6833,-3.1136,-4.3945,-4.1507,-3.3906,-3.5533,-3.7322,-3.3832,-2.5837,-0.5623,-2.6228,-2.893,3.3009,3.4063,3.5184,3.9525,-0.2113,0.2141,2.0795,1.0845,-3.6112,-2.6887,-3.323,-3.5098,-3.216245299353273e-16,-1.0,36,6,2
2025-06-30,2025-W27,2025,27,202527,58.4919155175506,0.134504519725832,0.0889783961918711,-2.8164,0.4395,2.4168,-1.5366,-4.3608,-4.0334,0.0247,3.2166,-2.7562,-3.2912,58.8397598378394,59.1812348047747,59.5411956218124,59.9908142179522,0.110639383957494,0.128343012321562,0.28557128111203,0.188465024293173,0.0195412064570943,0.0180102915951973,0.0642633228840125,0.0888,-3.3912,-3.1146,-1.6696,-1.1955,1.3929,0.0824,0.3754,0.8838,2.6153,2.0048,1.7929,5.5302,-1.4842,-1.8559,-2.6436,-1.9873,-4.213,-3.6833,-3.1136,-4.3945,-4.0761,-3.3906,-3.5533,-3.7322,-2.5213,-2.5837,-0.5623,-2.6228,3.3264,3.3009,3.4063,3.5184,0.9358,-0.2113,0.2141,2.0795,-3.6398,-3.6112,-2.6887,-3.323,-0.12053668025532283,-0.992708874098054,37,6,2
2025-07-07,2025-W28,2025,28,202528,58.2141203882567,0.0229259028385385,0.15472481827622,-2.6959,0.0125,3.0161,-2.8667,-3.7266,-3.4233,1.0121,3.9041,-2.0895,-3.8375,58.4919155175506,58.8397598378394,59.1812348047747,59.5411956218124,0.134504519725832,0.110639383957494,0.128343012321562,0.28557128111203,0.0889783961918711,0.0195412064570943,0.0180102915951973,0.0642633228840125,-2.8164,-3.3912,-3.1146,-1.6696,0.4395,1.3929,0.0824,0.3754,2.4168,2.6153,2.0048,1.7929,-1.5366,-1.4842,-1.8559,-2.6436,-4.3608,-4.213,-3.6833,-3.1136,-4.0334,-4.0761,-3.3906,-3.5533,0.0247,-2.5213,-2.5837,-0.5623,3.2166,3.3264,3.3009,3.4063,-2.7562,0.9358,-0.2113,0.2141,-3.2912,-3.6398,-3.6112,-2.6887,-0.23931566428755743,-0.9709418174260521,38,7,3
2025-07-14,2025-W29,2025,29,202529,58.0827929943057,-0.0145272235338583,0.148295003965107,-1.6046,0.518,1.4839,-2.4286,-4.06,-3.9428,-2.0056,3.1429,-1.1141,-3.2149,58.2141203882567,58.4919155175506,58.8397598378394,59.1812348047747,0.0229259028385385,0.134504519725832,0.110639383957494,0.128343012321562,0.15472481827622,0.0889783961918711,0.0195412064570943,0.0180102915951973,-2.6959,-2.8164,-3.3912,-3.1146,0.0125,0.4395,1.3929,0.0824,3.0161,2.4168,2.6153,2.0048,-2.8667,-1.5366,-1.4842,-1.8559,-3.7266,-4.3608,-4.213,-3.6833,-3.4233,-4.0334,-4.0761,-3.3906,1.0121,0.0247,-2.5213,-2.5837,3.9041,3.2166,3.3264,3.3009,-2.0895,-2.7562,0.9358,-0.2113,-3.8375,-3.2912,-3.6398,-3.6112,-0.3546048870425356,-0.9350162426854148,39,7,3
2025-07-21,2025-W30,2025,30,202530,58.089133857394,-0.0119427901737269,0.148477157360406,-1.1782,-0.3565,1.7585,-2.8709,-3.7302,-3.5094,-0.8316,2.6633,-1.9955,-2.7312,58.0827929943057,58.2141203882567,58.4919155175506,58.8397598378394,-0.0145272235338583,0.0229259028385385,0.134504519725832,0.110639383957494,0.148295003965107,0.15472481827622,0.0889783961918711,0.0195412064570943,-1.6046,-2.6959,-2.8164,-3.3912,0.518,0.0125,0.4395,1.3929,1.4839,3.0161,2.4168,2.6153,-2.4286,-2.8667,-1.5366,-1.4842,-4.06,-3.7266,-4.3608,-4.213,-3.9428,-3.4233,-4.0334,-4.0761,-2.0056,1.0121,0.0247,-2.5213,3.1429,3.9041,3.2166,3.3264,-1.1141,-2.0895,-2.7562,0.9358,-3.2149,-3.8375,-3.2912,-3.6398,-0.46472317204376806,-0.8854560256532101,40,7,3
2025-07-28,2025-W31,2025,31,202531,58.118931819963,0.0375468051905529,0.198787353832828,-1.3637,0.6551,1.9703,-2.0383,-3.8141,-4.1019,0.6726,3.3448,-1.5543,-2.7658,58.089133857394,58.0827929943057,58.2141203882567,58.4919155175506,-0.0119427901737269,-0.0145272235338583,0.0229259028385385,0.134504519725832,0.148477157360406,0.148295003965107,0.15472481827622,0.0889783961918711,-1.1782,-1.6046,-2.6959,-2.8164,-0.3565,0.518,0.0125,0.4395,1.7585,1.4839,3.0161,2.4168,-2.8709,-2.4286,-2.8667,-1.5366,-3.7302,-4.06,-3.7266,-4.3608,-3.5094,-3.9428,-3.4233,-4.0334,-0.8316,-2.0056,1.0121,0.0247,2.6633,3.1429,3.9041,3.2166,-1.9955,-1.1141,-2.0895,-2.7562,-2.7312,-3.2149,-3.8375,-3.2912,-0.5680647467311556,-0.8229838658936565,41,7,3
2025-08-04,2025-W32,2025,32,202532,58.1660836935063,-0.0734008015778954,0.16897233201581,-1.2352,0.5746,1.3336,-5.536,-3.9214,-4.3847,-3.1997,3.6791,-1.1612,-3.332,58.118931819963,58.089133857394,58.0827929943057,58.2141203882567,0.0375468051905529,-0.0119427901737269,-0.0145272235338583,0.0229259028385385,0.198787353832828,0.148477157360406,0.148295003965107,0.15472481827622,-1.3637,-1.1782,-1.6046,-2.6959,0.6551,-0.3565,0.518,0.0125,1.9703,1.7585,1.4839,3.0161,-2.0383,-2.8709,-2.4286,-2.8667,-3.8141,-3.7302,-4.06,-3.7266,-4.1019,-3.5094,-3.9428,-3.4233,0.6726,-0.8316,-2.0056,1.0121,3.3448,2.6633,3.1429,3.9041,-1.5543,-1.9955,-1.1141,-2.0895,-2.7658,-2.7312,-3.2149,-3.8375,-0.663122658240795,-0.7485107481711013,42,8,3
2025-08-11,2025-W33,2025,33,202533,58.2265798917432,0.0745517215562396,0.179468511103022,-1.3848,1.6371,1.6205,-5.1911,-2.8995,-3.948,4.6741,3.1752,-3.7136,-6.3968,58.1660836935063,58.118931819963,58.089133857394,58.0827929943057,-0.0734008015778954,0.0375468051905529,-0.0119427901737269,-0.0145272235338583,0.16897233201581,0.198787353832828,0.148477157360406,0.148295003965107,-1.2352,-1.3637,-1.1782,-1.6046,0.5746,0.6551,-0.3565,0.518,1.3336,1.9703,1.7585,1.4839,-5.536,-2.0383,-2.8709,-2.4286,-3.9214,-3.8141,-3.7302,-4.06,-4.3847,-4.1019,-3.5094,-3.9428,-3.1997,0.6726,-0.8316,-2.0056,3.6791,3.3448,2.6633,3.1429,-1.1612,-1.5543,-1.9955,-1.1141,-3.332,-2.7658,-2.7312,-3.2149,-0.7485107481711011,-0.6631226582407952,43,8,3
2025-08-18,2025-W34,2025,34,202534,58.3164320006759,0.0643779113892458,0.116601647160815,-2.7898,0.4961,3.4251,-2.8416,-4.2189,-3.8658,-2.8151,3.2857,-0.2982,-3.8211,58.2265798917432,58.1660836935063,58.118931819963,58.089133857394,0.0745517215562396,-0.0734008015778954,0.0375468051905529,-0.0119427901737269,0.179468511103022,0.16897233201581,0.198787353832828,0.148477157360406,-1.3848,-1.2352,-1.3637,-1.1782,1.6371,0.5746,0.6551,-0.3565,1.6205,1.3336,1.9703,1.7585,-5.1911,-5.536,-2.0383,-2.8709,-2.8995,-3.9214,-3.8141,-3.7302,-3.948,-4.3847,-4.1019,-3.5094,4.6741,-3.1997,0.6726,-0.8316,3.1752,3.6791,3.3448,2.6633,-3.7136,-1.1612,-1.5543,-1.9955,-6.3968,-3.332,-2.7658,-2.7312,-0.8229838658936564,-0.5680647467311559,44,8,3
2025-08-25,2025-W35,2025,35,202535,58.555913481744,0.342789901148327,0.146067415730337,-1.1359,0.6169,1.4351,-0.9428,-3.4024,-3.3311,1.1537,3.6068,0.8849,-2.7253,58.3164320006759,58.2265798917432,58.1660836935063,58.118931819963,0.0643779113892458,0.0745517215562396,-0.0734008015778954,0.0375468051905529,0.116601647160815,0.179468511103022,0.16897233201581,0.198787353832828,-2.7898,-1.3848,-1.2352,-1.3637,0.4961,1.6371,0.5746,0.6551,3.4251,1.6205,1.3336,1.9703,-2.8416,-5.1911,-5.536,-2.0383,-4.2189,-2.8995,-3.9214,-3.8141,-3.8658,-3.948,-4.3847,-4.1019,-2.8151,4.6741,-3.1997,0.6726,3.2857,3.1752,3.6791,3.3448,-0.2982,-3.7136,-1.1612,-1.5543,-3.8211,-6.3968,-3.332,-2.7658,-0.8854560256532096,-0.4647231720437691,45,8,3
2025-09-01,2025-W36,2025,36,202536,58.8706596272658,0.0328375249929476,0.164195496979682,-1.4615,0.073,2.386,-1.9397,-4.9145,-4.0997,-2.7129,3.1976,0.2848,-2.8246,58.555913481744,58.3164320006759,58.2265798917432,58.1660836935063,0.342789901148327,0.0643779113892458,0.0745517215562396,-0.0734008015778954,0.146067415730337,0.116601647160815,0.179468511103022,0.16897233201581,-1.1359,-2.7898,-1.3848,-1.2352,0.6169,0.4961,1.6371,0.5746,1.4351,3.4251,1.6205,1.3336,-0.9428,-2.8416,-5.1911,-5.536,-3.4024,-4.2189,-2.8995,-3.9214,-3.3311,-3.8658,-3.948,-4.3847,1.1537,-2.8151,4.6741,-3.1997,3.6068,3.2857,3.1752,3.6791,0.8849,-0.2982,-3.7136,-1.1612,-2.7253,-3.8211,-6.3968,-3.332,-0.9350162426854147,-0.3546048870425359,46,9,3
2025-09-08,2025-W37,2025,37,202537,59.1446147895514,0.0750438311217277,0.0984333431865208,-1.7116,-0.5199,2.2528,-2.1127,-4.7299,-3.9264,-1.9961,3.8522,-0.2626,-3.759,58.8706596272658,58.555913481744,58.3164320006759,58.2265798917432,0.0328375249929476,0.342789901148327,0.0643779113892458,0.0745517215562396,0.164195496979682,0.146067415730337,0.116601647160815,0.179468511103022,-1.4615,-1.1359,-2.7898,-1.3848,0.073,0.6169,0.4961,1.6371,2.386,1.4351,3.4251,1.6205,-1.9397,-0.9428,-2.8416,-5.1911,-4.9145,-3.4024,-4.2189,-2.8995,-4.0997,-3.3311,-3.8658,-3.948,-2.7129,1.1537,-2.8151,4.6741,3.1976,3.6068,3.2857,3.1752,0.2848,0.8849,-0.2982,-3.7136,-2.8246,-2.7253,-3.8211,-6.3968,-0.970941817426052,-0.23931566428755774,47,9,3
2025-09-15,2025-W38,2025,38,202538,59.261723320911,0.244150207322864,0.086848635235732,-2.0886,0.3954,2.1802,-1.7731,-3.6409,-3.3621,3.036,3.109,1.0534,-2.9164,59.1446147895514,58.8706596272658,58.555913481744,58.3164320006759,0.0750438311217277,0.0328375249929476,0.342789901148327,0.0643779113892458,0.0984333431865208,0.164195496979682,0.146067415730337,0.116601647160815,-1.7116,-1.4615,-1.1359,-2.7898,-0.5199,0.073,0.6169,0.4961,2.2528,2.386,1.4351,3.4251,-2.1127,-1.9397,-0.9428,-2.8416,-4.7299,-4.9145,-3.4024,-4.2189,-3.9264,-4.0997,-3.3311,-3.8658,-1.9961,-2.7129,1.1537,-2.8151,3.8522,3.1976,3.6068,3.2857,-0.2626,0.2848,0.8849,-0.2982,-3.759,-2.8246,-2.7253,-3.8211,-0.992708874098054,-0.12053668025532357,48,9,3
2025-09-22,2025-W39,2025,39,202539,59.1413688265371,0.0353374615739687,0.128103277060576,-2.9337,0.0658,2.0227,-4.032,-3.8506,-3.6249,-2.2486,2.991,0.7079,-4.4719,59.261723320911,59.1446147895514,58.8706596272658,58.555913481744,0.244150207322864,0.0750438311217277,0.0328375249929476,0.342789901148327,0.086848635235732,0.0984333431865208,0.164195496979682,0.146067415730337,-2.0886,-1.7116,-1.4615,-1.1359,0.3954,-0.5199,0.073,0.6169,2.1802,2.2528,2.386,1.4351,-1.7731,-2.1127,-1.9397,-0.9428,-3.6409,-4.7299,-4.9145,-3.4024,-3.3621,-3.9264,-4.0997,-3.3311,3.036,-1.9961,-2.7129,1.1537,3.109,3.8522,3.1976,3.6068,1.0534,-0.2626,0.2848,0.8849,-2.9164,-3.759,-2.8246,-2.7253,-1.0,-1.8369701987210297e-16,49,9,3
2025-09-29,2025-W40,2025,40,202540,58.8490083144792,0.037083177521204,0.129008746355685,-2.1203,0.8167,2.5395,-2.9425,-4.3168,-3.5397,-0.0055,2.9546,-0.1712,-3.7947,59.1413688265371,59.261723320911,59.1446147895514,58.8706596272658,0.0353374615739687,0.244150207322864,0.0750438311217277,0.0328375249929476,0.128103277060576,0.086848635235732,0.0984333431865208,0.164195496979682,-2.9337,-2.0886,-1.7116,-1.4615,0.0658,0.3954,-0.5199,0.073,2.0227,2.1802,2.2528,2.386,-4.032,-1.7731,-2.1127,-1.9397,-3.8506,-3.6409,-4.7299,-4.9145,-3.6249,-3.3621,-3.9264,-4.0997,-2.2486,3.036,-1.9961,-2.7129,2.991,3.109,3.8522,3.1976,0.7079,1.0534,-0.2626,0.2848,-4.4719,-2.9164,-3.759,-2.8246,-0.992708874098054,0.1205366802553232,50,9,3
2025-10-06,2025-W41,2025,41,202541,58.4876962413332,0.0408302409621366,0.0871125611745514,-3.958,0.4396,2.5706,-2.3992,-3.8194,-3.443,0.8378,3.5328,0.9055,-4.0181,58.8490083144792,59.1413688265371,59.261723320911,59.1446147895514,0.037083177521204,0.0353374615739687,0.244150207322864,0.0750438311217277,0.129008746355685,0.128103277060576,0.086848635235732,0.0984333431865208,-2.1203,-2.9337,-2.0886,-1.7116,0.8167,0.0658,0.3954,-0.5199,2.5395,2.0227,2.1802,2.2528,-2.9425,-4.032,-1.7731,-2.1127,-4.3168,-3.8506,-3.6409,-4.7299,-3.5397,-3.6249,-3.3621,-3.9264,-0.0055,-2.2486,3.036,-1.9961,2.9546,2.991,3.109,3.8522,-0.1712,0.7079,1.0534,-0.2626,-3.7947,-4.4719,-2.9164,-3.759,-0.9709418174260521,0.23931566428755738,51,10,4
2025-10-13,2025-W42,2025,42,202542,58.1604870636948,-0.0316621893348032,0.107121484141233,-2.856,0.3153,2.7207,-2.4499,-3.5233,-3.5654,-1.7392,3.3444,-0.0612,-3.3142,58.4876962413332,58.8490083144792,59.1413688265371,59.261723320911,0.0408302409621366,0.037083177521204,0.0353374615739687,0.244150207322864,0.0871125611745514,0.129008746355685,0.128103277060576,0.086848635235732,-3.958,-2.1203,-2.9337,-2.0886,0.4396,0.8167,0.0658,0.3954,2.5706,2.5395,2.0227,2.1802,-2.3992,-2.9425,-4.032,-1.7731,-3.8194,-4.3168,-3.8506,-3.6409,-3.443,-3.5397,-3.6249,-3.3621,0.8378,-0.0055,-2.2486,3.036,3.5328,2.9546,2.991,3.109,0.9055,-0.1712,0.7079,1.0534,-4.0181,-3.7947,-4.4719,-2.9164,-0.9350162426854148,0.35460488704253557,52,10,4
2025-10-20,2025-W43,2025,43,202543,57.9087460043871,0.167412720914919,0.0676384839650146,-1.7797,0.6155,2.0585,-2.3308,-4.2194,-4.034,1.1548,2.7528,-1.3078,-2.4354,58.1604870636948,58.4876962413332,58.8490083144792,59.1413688265371,-0.0316621893348032,0.0408302409621366,0.037083177521204,0.0353374615739687,0.107121484141233,0.0871125611745514,0.129008746355685,0.128103277060576,-2.856,-3.958,-2.1203,-2.9337,0.3153,0.4396,0.8167,0.0658,2.7207,2.5706,2.5395,2.0227,-2.4499,-2.3992,-2.9425,-4.032,-3.5233,-3.8194,-4.3168,-3.8506,-3.5654,-3.443,-3.5397,-3.6249,-1.7392,0.8378,-0.0055,-2.2486,3.3444,3.5328,2.9546,2.991,-0.0612,0.9055,-0.1712,0.7079,-3.3142,-4.0181,-3.7947,-4.4719,-0.8854560256532101,0.464723172043768,53,10,4
2025-10-27,2025-W44,2025,44,202544,57.6403585536421,0.134823580717908,0.11304347826087,-1.407,0.7347,1.4318,-1.7759,-3.0671,-3.5882,0.0083,2.8093,0.8477,-2.7345,57.9087460043871,58.1604870636948,58.4876962413332,58.8490083144792,0.167412720914919,-0.0316621893348032,0.0408302409621366,0.037083177521204,0.0676384839650146,0.107121484141233,0.0871125611745514,0.129008746355685,-1.7797,-2.856,-3.958,-2.1203,0.6155,0.3153,0.4396,0.8167,2.0585,2.7207,2.5706,2.5395,-2.3308,-2.4499,-2.3992,-2.9425,-4.2194,-3.5233,-3.8194,-4.3168,-4.034,-3.5654,-3.443,-3.5397,1.1548,-1.7392,0.8378,-0.0055,2.7528,3.3444,3.5328,2.9546,-1.3078,-0.0612,0.9055,-0.1712,-2.4354,-3.3142,-4.0181,-3.7947,-0.822983865893657,0.5680647467311548,54,10,4
2025-11-03,2025-W45,2025,45,202545,57.3983496022243,0.170657905569605,0.125726744186047,-1.3945,0.7447,1.7522,-1.8853,-3.6005,-4.1435,1.1033,3.5297,-1.2685,-2.9386,57.6403585536421,57.9087460043871,58.1604870636948,58.4876962413332,0.134823580717908,0.167412720914919,-0.0316621893348032,0.0408302409621366,0.11304347826087,0.0676384839650146,0.107121484141233,0.0871125611745514,-1.407,-1.7797,-2.856,-3.958,0.7347,0.6155,0.3153,0.4396,1.4318,2.0585,2.7207,2.5706,-1.7759,-2.3308,-2.4499,-2.3992,-3.0671,-4.2194,-3.5233,-3.8194,-3.5882,-4.034,-3.5654,-3.443,0.0083,1.1548,-1.7392,0.8378,2.8093,2.7528,3.3444,3.5328,0.8477,-1.3078,-0.0612,0.9055,-2.7345,-2.4354,-3.3142,-4.0181,-0.7485107481711011,0.6631226582407952,55,11,4
2025-11-10,2025-W46,2025,46,202546,57.2349224660473,0.0692562741764684,0.153159113463447,-1.0942,0.7518,4.2701,-2.0558,-3.4889,-3.8475,-0.1188,4.7999,0.7493,-3.6615,57.3983496022243,57.6403585536421,57.9087460043871,58.1604870636948,0.170657905569605,0.134823580717908,0.167412720914919,-0.0316621893348032,0.125726744186047,0.11304347826087,0.0676384839650146,0.107121484141233,-1.3945,-1.407,-1.7797,-2.856,0.7447,0.7347,0.6155,0.3153,1.7522,1.4318,2.0585,2.7207,-1.8853,-1.7759,-2.3308,-2.4499,-3.6005,-3.0671,-4.2194,-3.5233,-4.1435,-3.5882,-4.034,-3.5654,1.1033,0.0083,1.1548,-1.7392,3.5297,2.8093,2.7528,3.3444,-1.2685,0.8477,-1.3078,-0.0612,-2.9386,-2.7345,-2.4354,-3.3142,-0.6631226582407955,0.7485107481711007,56,11,4
2025-11-17,2025-W47,2025,47,202547,57.2021471997474,0.218016998769719,0.178984861976848,-1.7316,0.6747,4.2052,-2.4226,-3.4123,-3.7744,0.8959,3.6419,1.2353,-3.8081,57.2349224660473,57.3983496022243,57.6403585536421,57.9087460043871,0.0692562741764684,0.170657905569605,0.134823580717908,0.167412720914919,0.153159113463447,0.125726744186047,0.11304347826087,0.0676384839650146,-1.0942,-1.3945,-1.407,-1.7797,0.7518,0.7447,0.7347,0.6155,4.2701,1.7522,1.4318,2.0585,-2.0558,-1.8853,-1.7759,-2.3308,-3.4889,-3.6005,-3.0671,-4.2194,-3.8475,-4.1435,-3.5882,-4.034,-0.1188,1.1033,0.0083,1.1548,4.7999,3.5297,2.8093,2.7528,0.7493,-1.2685,0.8477,-1.3078,-3.6615,-2.9386,-2.7345,-2.4354,-0.5680647467311559,0.8229838658936564,57,11,4
2025-11-24,2025-W48,2025,48,202548,57.3191686030683,0.12751595957534,0.199116672800883,-1.8143,1.541,2.2126,-1.2339,-3.4141,-3.4883,0.4095,4.5538,0.7706,-2.9051,57.2021471997474,57.2349224660473,57.3983496022243,57.6403585536421,0.218016998769719,0.0692562741764684,0.170657905569605,0.134823580717908,0.178984861976848,0.153159113463447,0.125726744186047,0.11304347826087,-1.7316,-1.0942,-1.3945,-1.407,0.6747,0.7518,0.7447,0.7347,4.2052,4.2701,1.7522,1.4318,-2.4226,-2.0558,-1.8853,-1.7759,-3.4123,-3.4889,-3.6005,-3.0671,-3.7744,-3.8475,-4.1435,-3.5882,0.8959,-0.1188,1.1033,0.0083,3.6419,4.7999,3.5297,2.8093,1.2353,0.7493,-1.2685,0.8477,-3.8081,-3.6615,-2.9386,-2.7345,-0.4647231720437684,0.88545602565321,58,11,4
2025-12-01,2025-W49,2025,49,202549,57.5352043286214,0.279605962079427,0.210344827586207,-1.4483,2.606,5.2292,-1.7443,-3.8131,-4.2576,2.6133,4.6469,1.1106,-3.0973,57.3191686030683,57.2021471997474,57.2349224660473,57.3983496022243,0.12751595957534,0.218016998769719,0.0692562741764684,0.170657905569605,0.199116672800883,0.178984861976848,0.153159113463447,0.125726744186047,-1.8143,-1.7316,-1.0942,-1.3945,1.541,0.6747,0.7518,0.7447,2.2126,4.2052,4.2701,1.7522,-1.2339,-2.4226,-2.0558,-1.8853,-3.4141,-3.4123,-3.4889,-3.6005,-3.4883,-3.7744,-3.8475,-4.1435,0.4095,0.8959,-0.1188,1.1033,4.5538,3.6419,4.7999,3.5297,0.7706,1.2353,0.7493,-1.2685,-2.9051,-3.8081,-3.6615,-2.9386,-0.35460488704253595,0.9350162426854147,59,12,4
2025-12-08,2025-W50,2025,50,202550,57.7908111591866,0.0821158156091689,0.20595690747782,-1.5436,0.2741,3.4076,-2.2292,-4.1092,-3.706,-2.157,3.7798,-0.6639,-2.4159,57.5352043286214,57.3191686030683,57.2021471997474,57.2349224660473,0.279605962079427,0.12751595957534,0.218016998769719,0.0692562741764684,0.210344827586207,0.199116672800883,0.178984861976848,0.153159113463447,-1.4483,-1.8143,-1.7316,-1.0942,2.606,1.541,0.6747,0.7518,5.2292,2.2126,4.2052,4.2701,-1.7443,-1.2339,-2.4226,-2.0558,-3.8131,-3.4141,-3.4123,-3.4889,-4.2576,-3.4883,-3.7744,-3.8475,2.6133,0.4095,0.8959,-0.1188,4.6469,4.5538,3.6419,4.7999,1.1106,0.7706,1.2353,0.7493,-3.0973,-2.9051,-3.8081,-3.6615,-0.2393156642875578,0.970941817426052,60,12,4
2025-12-15,2025-W51,2025,51,202551,58.026545877544,0.303813076524669,0.155814706835115,-1.1468,1.1801,5.3977,-1.0619,-3.7542,-4.6929,-2.7265,4.0152,1.9447,-2.8123,57.7908111591866,57.5352043286214,57.3191686030683,57.2021471997474,0.0821158156091689,0.279605962079427,0.12751595957534,0.218016998769719,0.20595690747782,0.210344827586207,0.199116672800883,0.178984861976848,-1.5436,-1.4483,-1.8143,-1.7316,0.2741,2.606,1.541,0.6747,3.4076,5.2292,2.2126,4.2052,-2.2292,-1.7443,-1.2339,-2.4226,-4.1092,-3.8131,-3.4141,-3.4123,-3.706,-4.2576,-3.4883,-3.7744,-2.157,2.6133,0.4095,0.8959,3.7798,4.6469,4.5538,3.6419,-0.6639,1.1106,0.7706,1.2353,-2.4159,-3.0973,-2.9051,-3.8081,-0.12053668025532363,0.992708874098054,61,12,4
2025-12-22,2025-W52,2025,52,202552,58.276453146511,0.0677012815654136,0.0178053830227743,-2.0602,-0.2695,3.6089,-1.3376,-3.3157,-2.7442,0.585,3.302,-3.1222,-4.1774,58.026545877544,57.7908111591866,57.5352043286214,57.3191686030683,0.303813076524669,0.0821158156091689,0.279605962079427,0.12751595957534,0.155814706835115,0.20595690747782,0.210344827586207,0.199116672800883,-1.1468,-1.5436,-1.4483,-1.8143,1.1801,0.2741,2.606,1.541,5.3977,3.4076,5.2292,2.2126,-1.0619,-2.2292,-1.7443,-1.2339,-3.7542,-4.1092,-3.8131,-3.4141,-4.6929,-3.706,-4.2576,-3.4883,-2.7265,-2.157,2.6133,0.4095,4.0152,3.7798,4.6469,4.5538,1.9447,-0.6639,1.1106,0.7706,-2.8123,-2.4159,-3.0973,-2.9051,6.432490598706546e-16,1.0,62,12,4
2025-12-29,2026-W01,2026,1,202601,58.5665856711341,0.583621878201202,0.132859486057955,-1.2446,0.5268,4.0429,-0.8829,-2.2566,-2.7476,3.1945,3.8625,0.9248,-3.3772,58.276453146511,58.026545877544,57.7908111591866,57.5352043286214,0.0677012815654136,0.303813076524669,0.0821158156091689,0.279605962079427,0.0178053830227743,0.155814706835115,0.20595690747782,0.210344827586207,-2.0602,-1.1468,-1.5436,-1.4483,-0.2695,1.1801,0.2741,2.606,3.6089,5.3977,3.4076,5.2292,-1.3376,-1.0619,-2.2292,-1.7443,-3.3157,-3.7542,-4.1092,-3.8131,-2.7442,-4.6929,-3.706,-4.2576,0.585,-2.7265,-2.157,2.6133,3.302,4.0152,3.7798,4.6469,-3.1222,1.9447,-0.6639,1.1106,-4.1774,-2.8123,-2.4159,-3.0973,0.12053668025532305,0.992708874098054,63,12,4
2026-01-05,2026-W02,2026,2,202602,58.8255122975364,0.108341978085893,0.117283950617284,-1.3612,0.2675,2.0468,-1.7054,-3.8594,-4.2673,-2.1772,3.2318,0.2494,-2.5347,58.5665856711341,58.276453146511,58.026545877544,57.7908111591866,0.583621878201202,0.0677012815654136,0.303813076524669,0.0821158156091689,0.132859486057955,0.0178053830227743,0.155814706835115,0.20595690747782,-1.2446,-2.0602,-1.1468,-1.5436,0.5268,-0.2695,1.1801,0.2741,4.0429,3.6089,5.3977,3.4076,-0.8829,-1.3376,-1.0619,-2.2292,-2.2566,-3.3157,-3.7542,-4.1092,-2.7476,-2.7442,-4.6929,-3.706,3.1945,0.585,-2.7265,-2.157,3.8625,3.302,4.0152,3.7798,0.9248,-3.1222,1.9447,-0.6639,-3.3772,-4.1774,-2.8123,-2.4159,0.23931566428755774,0.970941817426052,64,1,1
2026-01-12,2026-W03,2026,3,202603,58.9818018718413,0.0687870202028637,0.084587441619097,-1.0381,0.1172,1.937,-1.6668,-3.0588,-3.7069,1.335,3.2562,1.0794,-3.034,58.8255122975364,58.5665856711341,58.276453146511,58.026545877544,0.108341978085893,0.583621878201202,0.0677012815654136,0.303813076524669,0.117283950617284,0.132859486057955,0.0178053830227743,0.155814706835115,-1.3612,-1.2446,-2.0602,-1.1468,0.2675,0.5268,-0.2695,1.1801,2.0468,4.0429,3.6089,5.3977,-1.7054,-0.8829,-1.3376,-1.0619,-3.8594,-2.2566,-3.3157,-3.7542,-4.2673,-2.7476,-2.7442,-4.6929,-2.1772,3.1945,0.585,-2.7265,3.2318,3.8625,3.302,4.0152,0.2494,0.9248,-3.1222,1.9447,-2.5347,-3.3772,-4.1774,-2.8123,0.3546048870425356,0.9350162426854148,65,1,1
2026-01-19,2026-W04,2026,4,202604,58.9595021474122,0.245426229585526,0.138560687432868,-0.652,0.5773,5.5567,-2.1267,-3.7236,-4.142,3.9702,4.661,3.2646,-2.8406,58.9818018718413,58.8255122975364,58.5665856711341,58.276453146511,0.0687870202028637,0.108341978085893,0.583621878201202,0.0677012815654136,0.084587441619097,0.117283950617284,0.132859486057955,0.0178053830227743,-1.0381,-1.3612,-1.2446,-2.0602,0.1172,0.2675,0.5268,-0.2695,1.937,2.0468,4.0429,3.6089,-1.6668,-1.7054,-0.8829,-1.3376,-3.0588,-3.8594,-2.2566,-3.3157,-3.7069,-4.2673,-2.7476,-2.7442,1.335,-2.1772,3.1945,0.585,3.2562,3.2318,3.8625,3.302,1.0794,0.2494,0.9248,-3.1222,-3.034,-2.5347,-3.3772,-4.1774,0.4647231720437685,0.8854560256532099,66,1,1
2026-01-26,2026-W05,2026,5,202605,58.7193670527991,0.320565191490885,0.0989010989010989,-1.3313,0.815,5.7805,-1.3953,-3.3415,-3.2279,2.8328,4.137,2.9292,-3.7972,58.9595021474122,58.9818018718413,58.8255122975364,58.5665856711341,0.245426229585526,0.0687870202028637,0.108341978085893,0.583621878201202,0.138560687432868,0.084587441619097,0.117283950617284,0.132859486057955,-0.652,-1.0381,-1.3612,-1.2446,0.5773,0.1172,0.2675,0.5268,5.5567,1.937,2.0468,4.0429,-2.1267,-1.6668,-1.7054,-0.8829,-3.7236,-3.0588,-3.8594,-2.2566,-4.142,-3.7069,-4.2673,-2.7476,3.9702,1.335,-2.1772,3.1945,4.661,3.2562,3.2318,3.8625,3.2646,1.0794,0.2494,0.9248,-2.8406,-3.034,-2.5347,-3.3772,0.5680647467311558,0.8229838658936564,67,1,1
2026-02-02,2026-W06,2026,6,202606,58.3118155584638,0.170007405822799,0.155420773313116,-0.681,0.5165,5.87,-2.3952,-4.5483,-3.8426,-2.7784,4.4384,-1.0191,-2.8686,58.7193670527991,58.9595021474122,58.9818018718413,58.8255122975364,0.320565191490885,0.245426229585526,0.0687870202028637,0.108341978085893,0.0989010989010989,0.138560687432868,0.084587441619097,0.117283950617284,-1.3313,-0.652,-1.0381,-1.3612,0.815,0.5773,0.1172,0.2675,5.7805,5.5567,1.937,2.0468,-1.3953,-2.1267,-1.6668,-1.7054,-3.3415,-3.7236,-3.0588,-3.8594,-3.2279,-4.142,-3.7069,-4.2673,2.8328,3.9702,1.335,-2.1772,4.137,4.661,3.2562,3.2318,2.9292,3.2646,1.0794,0.2494,-3.7972,-2.8406,-3.034,-2.5347,0.6631226582407952,0.7485107481711011,68,2,1
2026-02-09,2026-W07,2026,7,202607,57.7937379570934,-0.0198367240853288,0.110484250117536,-0.9864,0.2043,3.2679,-2.723,-3.1149,-3.5769,-2.2702,3.4393,-0.7577,-2.7042,58.3118155584638,58.7193670527991,58.9595021474122,58.9818018718413,0.170007405822799,0.320565191490885,0.245426229585526,0.0687870202028637,0.155420773313116,0.0989010989010989,0.138560687432868,0.084587441619097,-0.681,-1.3313,-0.652,-1.0381,0.5165,0.815,0.5773,0.1172,5.87,5.7805,5.5567,1.937,-2.3952,-1.3953,-2.1267,-1.6668,-4.5483,-3.3415,-3.7236,-3.0588,-3.8426,-3.2279,-4.142,-3.7069,-2.7784,2.8328,3.9702,1.335,4.4384,4.137,4.661,3.2562,-1.0191,2.9292,3.2646,1.0794,-2.8686,-3.7972,-2.8406,-3.034,0.7485107481711011,0.6631226582407953,69,2,1
2026-02-16,2026-W08,2026,8,202608,57.218105560259,0.0960196886446368,0.0840480274442539,-1.443,0.5078,3.7752,-1.7109,-3.6096,-3.7695,2.1215,4.9799,0.5679,-3.4206,57.7937379570934,58.3118155584638,58.7193670527991,58.9595021474122,-0.0198367240853288,0.170007405822799,0.320565191490885,0.245426229585526,0.110484250117536,0.155420773313116,0.0989010989010989,0.138560687432868,-0.9864,-0.681,-1.3313,-0.652,0.2043,0.5165,0.815,0.5773,3.2679,5.87,5.7805,5.5567,-2.723,-2.3952,-1.3953,-2.1267,-3.1149,-4.5483,-3.3415,-3.7236,-3.5769,-3.8426,-3.2279,-4.142,-2.2702,-2.7784,2.8328,3.9702,3.4393,4.4384,4.137,4.661,-0.7577,-1.0191,2.9292,3.2646,-2.7042,-2.8686,-3.7972,-2.8406,0.8229838658936564,0.5680647467311559,70,2,1
2026-02-23,2026-W09,2026,9,202609,56.4072976692096,0.27725068164164,0.112873380914618,-0.7355,0.4795,5.3597,-1.5176,-3.2331,-4.1852,-1.5992,3.981,0.0287,-2.7141,57.218105560259,57.7937379570934,58.3118155584638,58.7193670527991,0.0960196886446368,-0.0198367240853288,0.170007405822799,0.320565191490885,0.0840480274442539,0.110484250117536,0.155420773313116,0.0989010989010989,-1.443,-0.9864,-0.681,-1.3313,0.5078,0.2043,0.5165,0.815,3.7752,3.2679,5.87,5.7805,-1.7109,-2.723,-2.3952,-1.3953,-3.6096,-3.1149,-4.5483,-3.3415,-3.7695,-3.5769,-3.8426,-3.2279,2.1215,-2.2702,-2.7784,2.8328,4.9799,3.4393,4.4384,4.137,0.5679,-0.7577,-1.0191,2.9292,-3.4206,-2.7042,-2.8686,-3.7972,0.8854560256532099,0.4647231720437686,71,2,1
2026-03-02,2026-W10,2026,10,202610,55.2954507722921,0.210058588277401,0.127843986998917,-1.121,2.4992,4.2017,-3.6263,-3.5861,-3.2727,3.8387,4.893,0.4484,-3.7526,56.4072976692096,57.218105560259,57.7937379570934,58.3118155584638,0.27725068164164,0.0960196886446368,-0.0198367240853288,0.170007405822799,0.112873380914618,0.0840480274442539,0.110484250117536,0.155420773313116,-0.7355,-1.443,-0.9864,-0.681,0.4795,0.5078,0.2043,0.5165,5.3597,3.7752,3.2679,5.87,-1.5176,-1.7109,-2.723,-2.3952,-3.2331,-3.6096,-3.1149,-4.5483,-4.1852,-3.7695,-3.5769,-3.8426,-1.5992,2.1215,-2.2702,-2.7784,3.981,4.9799,3.4393,4.4384,0.0287,0.5679,-0.7577,-1.0191,-2.7141,-3.4206,-2.7042,-2.8686,0.9350162426854148,0.35460488704253557,72,3,1
