tipo,url,post_url_padre,fecha,texto,num_comentarios
POST,https://www.facebook.com/monicavtampico/posts/pfbid0329VSox3ozhivutzh3uFXKbRJGKBBmQ4T5y2JckXMXe2fcwnKbrthRkmSCTCEyvvhl,,,,
POST,https://www.facebook.com/monicavtampico/posts/pfbid02DS6coxq65FuuJv4tzVtUyVUtCJzQf1jpLodxiELUJA8wy314vHHivCrq13BJCX7Yl,,,,
POST,https://www.facebook.com/reel/4271084729799715/,,,,
POST,https://www.facebook.com/monicavtampico/posts/pfbid02AwHTmzQqDR6W4HaAaMx6EBXr8bsBcRW1CVJfRBWj3t1fv6WcdfXR653eTX998ZMDl,,,,
POST,https://www.facebook.com/monicavtampico/videos/1604014190672921/,,,,
POST,https://www.facebook.com/monicavtampico/posts/pfbid021q9PQMnwJRcJDbNTgzjc3xpHRAG5Hut4uvNi52Ke348GvThAj2gqpN4WR5i5XYQ8l,,,,
POST,https://www.facebook.com/reel/1899022397395066/,,,,
POST,https://www.facebook.com/monicavtampico/posts/pfbid02JHkV4eHrLfi54DCnFhhPTdeACNJursQn3KuFD67RSt1wTiwEUUYZYGmm7YcVQuf9l,,,,
COMENTARIO,https://www.facebook.com/monicavtampico/posts/pfbid02JHkV4eHrLfi54DCnFhhPTdeACNJursQn3KuFD67RSt1wTiwEUUYZYGmm7YcVQuf9l?comment_id=2005965076985852,https://www.facebook.com/monicavtampico/posts/pfbid02JHkV4eHrLfi54DCnFhhPTdeACNJursQn3KuFD67RSt1wTiwEUUYZYGmm7YcVQuf9l,2026-04-08T20:52:08.000Z,Que guapo turista #MV,
COMENTARIO,https://www.facebook.com/monicavtampico/posts/pfbid02JHkV4eHrLfi54DCnFhhPTdeACNJursQn3KuFD67RSt1wTiwEUUYZYGmm7YcVQuf9l?comment_id=1280636670224262,https://www.facebook.com/monicavtampico/posts/pfbid02JHkV4eHrLfi54DCnFhhPTdeACNJursQn3KuFD67RSt1wTiwEUUYZYGmm7YcVQuf9l,2026-04-05T22:53:42.000Z,"Chulada y bien contento,a disfrutar ese tesoro",
COMENTARIO,https://www.facebook.com/monicavtampico/posts/pfbid02JHkV4eHrLfi54DCnFhhPTdeACNJursQn3KuFD67RSt1wTiwEUUYZYGmm7YcVQuf9l?comment_id=1425996375496429,https://www.facebook.com/monicavtampico/posts/pfbid02JHkV4eHrLfi54DCnFhhPTdeACNJursQn3KuFD67RSt1wTiwEUUYZYGmm7YcVQuf9l,2026-04-05T02:52:21.000Z,Guapísimo su nieto,
COMENTARIO,https://www.facebook.com/monicavtampico/posts/pfbid02JHkV4eHrLfi54DCnFhhPTdeACNJursQn3KuFD67RSt1wTiwEUUYZYGmm7YcVQuf9l?comment_id=1042176538983249,https://www.facebook.com/monicavtampico/posts/pfbid02JHkV4eHrLfi54DCnFhhPTdeACNJursQn3KuFD67RSt1wTiwEUUYZYGmm7YcVQuf9l,2026-04-04T15:50:48.000Z,Es una abuela feliz y q guapo su nieto bendiciones,
COMENTARIO,https://www.facebook.com/monicavtampico/posts/pfbid02JHkV4eHrLfi54DCnFhhPTdeACNJursQn3KuFD67RSt1wTiwEUUYZYGmm7YcVQuf9l?comment_id=1250557436738584,https://www.facebook.com/monicavtampico/posts/pfbid02JHkV4eHrLfi54DCnFhhPTdeACNJursQn3KuFD67RSt1wTiwEUUYZYGmm7YcVQuf9l,2026-04-04T04:15:39.000Z,"Que guapo, Danielito 🫰🏼",
COMENTARIO,https://www.facebook.com/monicavtampico/posts/pfbid02JHkV4eHrLfi54DCnFhhPTdeACNJursQn3KuFD67RSt1wTiwEUUYZYGmm7YcVQuf9l?comment_id=1647987159731505,https://www.facebook.com/monicavtampico/posts/pfbid02JHkV4eHrLfi54DCnFhhPTdeACNJursQn3KuFD67RSt1wTiwEUUYZYGmm7YcVQuf9l,2026-04-04T03:42:01.000Z,El turista guapo,
COMENTARIO,https://www.facebook.com/monicavtampico/posts/pfbid02JHkV4eHrLfi54DCnFhhPTdeACNJursQn3KuFD67RSt1wTiwEUUYZYGmm7YcVQuf9l?comment_id=945693307947590,https://www.facebook.com/monicavtampico/posts/pfbid02JHkV4eHrLfi54DCnFhhPTdeACNJursQn3KuFD67RSt1wTiwEUUYZYGmm7YcVQuf9l,2026-04-03T19:34:42.000Z,Nora Izaguirre,
COMENTARIO,https://www.facebook.com/reel/1899022397395066/?comment_id=1600293201088103,https://www.facebook.com/reel/1899022397395066/,2026-04-05T21:42:59.000Z,Exelente trabajo presidenta,
COMENTARIO,https://www.facebook.com/reel/1899022397395066/?comment_id=1274488081318312,https://www.facebook.com/reel/1899022397395066/,2026-04-05T15:50:22.000Z,Excelente,
COMENTARIO,https://www.facebook.com/reel/1899022397395066/?comment_id=2477096822726741,https://www.facebook.com/reel/1899022397395066/,2026-04-05T12:28:17.000Z,👏🏻👏🏻👏🏻👌🏻,
COMENTARIO,https://www.facebook.com/reel/1899022397395066/?comment_id=1657619665434233,https://www.facebook.com/reel/1899022397395066/,2026-04-03T18:06:41.000Z,Excelente 👏👏👏,
COMENTARIO,https://www.facebook.com/reel/1899022397395066/?comment_id=942992351762673,https://www.facebook.com/reel/1899022397395066/,2026-04-03T16:36:42.000Z,👏👏👏👏🦀❤️,
COMENTARIO,https://www.facebook.com/reel/1899022397395066/?comment_id=2033782367541227,https://www.facebook.com/reel/1899022397395066/,2026-04-03T02:37:04.000Z,Excelente respuesta Lic Mónica Villarreal 👏👏👏,
COMENTARIO,https://www.facebook.com/monicavtampico/posts/pfbid021q9PQMnwJRcJDbNTgzjc3xpHRAG5Hut4uvNi52Ke348GvThAj2gqpN4WR5i5XYQ8l?comment_id=914201984759052,https://www.facebook.com/monicavtampico/posts/pfbid021q9PQMnwJRcJDbNTgzjc3xpHRAG5Hut4uvNi52Ke348GvThAj2gqpN4WR5i5XYQ8l,2026-04-05T21:15:51.000Z,Hermosa,
COMENTARIO,https://www.facebook.com/monicavtampico/posts/pfbid021q9PQMnwJRcJDbNTgzjc3xpHRAG5Hut4uvNi52Ke348GvThAj2gqpN4WR5i5XYQ8l?comment_id=958528196558875,https://www.facebook.com/monicavtampico/posts/pfbid021q9PQMnwJRcJDbNTgzjc3xpHRAG5Hut4uvNi52Ke348GvThAj2gqpN4WR5i5XYQ8l,2026-04-04T22:00:27.000Z,Futura GOBERNADOR,
COMENTARIO,https://www.facebook.com/monicavtampico/posts/pfbid021q9PQMnwJRcJDbNTgzjc3xpHRAG5Hut4uvNi52Ke348GvThAj2gqpN4WR5i5XYQ8l?comment_id=1269767388636195,https://www.facebook.com/monicavtampico/posts/pfbid021q9PQMnwJRcJDbNTgzjc3xpHRAG5Hut4uvNi52Ke348GvThAj2gqpN4WR5i5XYQ8l,2026-04-03T04:32:04.000Z,Excelente,
COMENTARIO,https://www.facebook.com/monicavtampico/posts/pfbid021q9PQMnwJRcJDbNTgzjc3xpHRAG5Hut4uvNi52Ke348GvThAj2gqpN4WR5i5XYQ8l?comment_id=825816756551576,https://www.facebook.com/monicavtampico/posts/pfbid021q9PQMnwJRcJDbNTgzjc3xpHRAG5Hut4uvNi52Ke348GvThAj2gqpN4WR5i5XYQ8l,2026-04-02T22:08:08.000Z,"Bello espacio donde la gente puede aprender,  disfrutar, convivir y conectar en un entorno natural.
#TampicoHermoso",
COMENTARIO,https://www.facebook.com/monicavtampico/posts/pfbid021q9PQMnwJRcJDbNTgzjc3xpHRAG5Hut4uvNi52Ke348GvThAj2gqpN4WR5i5XYQ8l?comment_id=776875701939631,https://www.facebook.com/monicavtampico/posts/pfbid021q9PQMnwJRcJDbNTgzjc3xpHRAG5Hut4uvNi52Ke348GvThAj2gqpN4WR5i5XYQ8l,2026-04-02T18:28:09.000Z,Excelente lugar para visitar,
COMENTARIO,https://www.facebook.com/monicavtampico/videos/1604014190672921/?comment_id=2800120933661881,https://www.facebook.com/monicavtampico/videos/1604014190672921/,2026-04-03T07:33:23.000Z,Tampico te cuida .Bravo presidenta Mónica Villareal Anaya,
COMENTARIO,https://www.facebook.com/monicavtampico/videos/1604014190672921/?comment_id=2214184355993920,https://www.facebook.com/monicavtampico/videos/1604014190672921/,2026-04-03T04:32:14.000Z,Excelente,
COMENTARIO,https://www.facebook.com/monicavtampico/videos/1604014190672921/?comment_id=972830028577102,https://www.facebook.com/monicavtampico/videos/1604014190672921/,2026-04-03T03:07:06.000Z,Tampico hermoso ❤️❤️🦀🦀🦀,
COMENTARIO,https://www.facebook.com/monicavtampico/videos/1604014190672921/?comment_id=1239805604995012,https://www.facebook.com/monicavtampico/videos/1604014190672921/,2026-04-02T17:34:43.000Z,Muchas felicidades Presidenta,
COMENTARIO,https://www.facebook.com/monicavtampico/videos/1604014190672921/?comment_id=1465656345351272,https://www.facebook.com/monicavtampico/videos/1604014190672921/,2026-04-02T14:41:55.000Z,"Un gran trabajo al cuidado de la naturaleza, tan importante el tema de la polinizacion, y educar desde temprana edad a nuestros niños, garantizando un prometedora conservación de los recursos naturales en el futuro, felicidades Lic Mónica por este gran proyecto!♥️",
COMENTARIO,https://www.facebook.com/monicavtampico/videos/1604014190672921/?comment_id=1219152196679449,https://www.facebook.com/monicavtampico/videos/1604014190672921/,2026-04-02T14:38:53.000Z,Siempre me ha gustado mucho ir a ese lugar. Y ahora más que está totalmente renovado y cuidadisimo!,
COMENTARIO,https://www.facebook.com/monicavtampico/posts/pfbid02AwHTmzQqDR6W4HaAaMx6EBXr8bsBcRW1CVJfRBWj3t1fv6WcdfXR653eTX998ZMDl?comment_id=4507148179604558,https://www.facebook.com/monicavtampico/posts/pfbid02AwHTmzQqDR6W4HaAaMx6EBXr8bsBcRW1CVJfRBWj3t1fv6WcdfXR653eTX998ZMDl,2026-04-03T22:08:57.000Z,Buena elección la num,
COMENTARIO,https://www.facebook.com/monicavtampico/posts/pfbid02AwHTmzQqDR6W4HaAaMx6EBXr8bsBcRW1CVJfRBWj3t1fv6WcdfXR653eTX998ZMDl?comment_id=1595819891644704,https://www.facebook.com/monicavtampico/posts/pfbid02AwHTmzQqDR6W4HaAaMx6EBXr8bsBcRW1CVJfRBWj3t1fv6WcdfXR653eTX998ZMDl,2026-04-03T04:32:53.000Z,Excelente reunión,
COMENTARIO,https://www.facebook.com/monicavtampico/posts/pfbid02AwHTmzQqDR6W4HaAaMx6EBXr8bsBcRW1CVJfRBWj3t1fv6WcdfXR653eTX998ZMDl?comment_id=965320769522033,https://www.facebook.com/monicavtampico/posts/pfbid02AwHTmzQqDR6W4HaAaMx6EBXr8bsBcRW1CVJfRBWj3t1fv6WcdfXR653eTX998ZMDl,2026-04-01T17:29:01.000Z,Tampico VA!!,
COMENTARIO,https://www.facebook.com/monicavtampico/posts/pfbid02AwHTmzQqDR6W4HaAaMx6EBXr8bsBcRW1CVJfRBWj3t1fv6WcdfXR653eTX998ZMDl?comment_id=1385419806685105,https://www.facebook.com/monicavtampico/posts/pfbid02AwHTmzQqDR6W4HaAaMx6EBXr8bsBcRW1CVJfRBWj3t1fv6WcdfXR653eTX998ZMDl,2026-04-01T14:32:29.000Z,Tampico te cuida 👏👏👏,
COMENTARIO,https://www.facebook.com/monicavtampico/posts/pfbid02AwHTmzQqDR6W4HaAaMx6EBXr8bsBcRW1CVJfRBWj3t1fv6WcdfXR653eTX998ZMDl?comment_id=1699117644787734,https://www.facebook.com/monicavtampico/posts/pfbid02AwHTmzQqDR6W4HaAaMx6EBXr8bsBcRW1CVJfRBWj3t1fv6WcdfXR653eTX998ZMDl,2026-04-01T13:13:10.000Z,Super!,
COMENTARIO,https://www.facebook.com/monicavtampico/posts/pfbid02AwHTmzQqDR6W4HaAaMx6EBXr8bsBcRW1CVJfRBWj3t1fv6WcdfXR653eTX998ZMDl?comment_id=1279684423621237,https://www.facebook.com/monicavtampico/posts/pfbid02AwHTmzQqDR6W4HaAaMx6EBXr8bsBcRW1CVJfRBWj3t1fv6WcdfXR653eTX998ZMDl,2026-04-01T05:51:06.000Z,Exelente👏👏💯💯💯,
COMENTARIO,https://www.facebook.com/monicavtampico/posts/pfbid02AwHTmzQqDR6W4HaAaMx6EBXr8bsBcRW1CVJfRBWj3t1fv6WcdfXR653eTX998ZMDl?comment_id=1441033151105390,https://www.facebook.com/monicavtampico/posts/pfbid02AwHTmzQqDR6W4HaAaMx6EBXr8bsBcRW1CVJfRBWj3t1fv6WcdfXR653eTX998ZMDl,2026-04-01T03:54:55.000Z,"Muy bien, Tampico VA!",
COMENTARIO,https://www.facebook.com/reel/4271084729799715/?comment_id=976084954973951,https://www.facebook.com/reel/4271084729799715/,2026-04-03T04:33:03.000Z,Excelente,
COMENTARIO,https://www.facebook.com/reel/4271084729799715/?comment_id=863502470035404,https://www.facebook.com/reel/4271084729799715/,2026-04-02T16:40:09.000Z,Excelente 👌 Presidenta Mónica Villarreal,
COMENTARIO,https://www.facebook.com/reel/4271084729799715/?comment_id=816750988143342,https://www.facebook.com/reel/4271084729799715/,2026-04-01T22:54:15.000Z,Excelente presidenta siempre al pendiente de la ciudadanía,
COMENTARIO,https://www.facebook.com/reel/4271084729799715/?comment_id=803247852370491,https://www.facebook.com/reel/4271084729799715/,2026-04-01T00:02:53.000Z,Exelente persona muy umana gracias sra presidenta se preocupa por los más desvalidos,
COMENTARIO,https://www.facebook.com/reel/4271084729799715/?comment_id=875867965466018,https://www.facebook.com/reel/4271084729799715/,2026-03-31T23:44:22.000Z,Un gran ser humano!!,
COMENTARIO,https://www.facebook.com/monicavtampico/posts/pfbid02DS6coxq65FuuJv4tzVtUyVUtCJzQf1jpLodxiELUJA8wy314vHHivCrq13BJCX7Yl?comment_id=3022529824610706,https://www.facebook.com/monicavtampico/posts/pfbid02DS6coxq65FuuJv4tzVtUyVUtCJzQf1jpLodxiELUJA8wy314vHHivCrq13BJCX7Yl,2026-04-03T04:33:33.000Z,Buenisimo,
COMENTARIO,https://www.facebook.com/monicavtampico/posts/pfbid02DS6coxq65FuuJv4tzVtUyVUtCJzQf1jpLodxiELUJA8wy314vHHivCrq13BJCX7Yl?comment_id=1274682140718174,https://www.facebook.com/monicavtampico/posts/pfbid02DS6coxq65FuuJv4tzVtUyVUtCJzQf1jpLodxiELUJA8wy314vHHivCrq13BJCX7Yl,2026-04-01T22:57:54.000Z,Deliciosa nuestra gastronomía,
COMENTARIO,https://www.facebook.com/monicavtampico/posts/pfbid02DS6coxq65FuuJv4tzVtUyVUtCJzQf1jpLodxiELUJA8wy314vHHivCrq13BJCX7Yl?comment_id=1832252777448702,https://www.facebook.com/monicavtampico/posts/pfbid02DS6coxq65FuuJv4tzVtUyVUtCJzQf1jpLodxiELUJA8wy314vHHivCrq13BJCX7Yl,2026-04-01T04:43:20.000Z,Saludos..AMIGO JACINTO CONTRERAS.LIDER SINDICAL..Y NUESTRA PRESIDENTA MONICA VILLARREAL... EXELENTE DIA...ABRAZOS,
COMENTARIO,https://www.facebook.com/monicavtampico/posts/pfbid02DS6coxq65FuuJv4tzVtUyVUtCJzQf1jpLodxiELUJA8wy314vHHivCrq13BJCX7Yl?comment_id=26506794232343963,https://www.facebook.com/monicavtampico/posts/pfbid02DS6coxq65FuuJv4tzVtUyVUtCJzQf1jpLodxiELUJA8wy314vHHivCrq13BJCX7Yl,2026-03-31T18:53:23.000Z,Muy ricas comidas 🤤 en el mercado de zona centro de Tampico hermoso 🦀,
COMENTARIO,https://www.facebook.com/monicavtampico/posts/pfbid02DS6coxq65FuuJv4tzVtUyVUtCJzQf1jpLodxiELUJA8wy314vHHivCrq13BJCX7Yl?comment_id=4366994780211870,https://www.facebook.com/monicavtampico/posts/pfbid02DS6coxq65FuuJv4tzVtUyVUtCJzQf1jpLodxiELUJA8wy314vHHivCrq13BJCX7Yl,2026-03-31T04:54:58.000Z,Asi es Ahi se come muy Rico y sobretodo los Atienden muy vien  y que Viva Morena y nuestra Presidenta  Monica Villarreal que siempre esta Al pendiente de todo lo que Ahi se consume  para vien del turismo y de todos los tampiqueños,
COMENTARIO,https://www.facebook.com/monicavtampico/posts/pfbid02DS6coxq65FuuJv4tzVtUyVUtCJzQf1jpLodxiELUJA8wy314vHHivCrq13BJCX7Yl?comment_id=1668929950953527,https://www.facebook.com/monicavtampico/posts/pfbid02DS6coxq65FuuJv4tzVtUyVUtCJzQf1jpLodxiELUJA8wy314vHHivCrq13BJCX7Yl,2026-03-31T03:14:01.000Z,Que deli! 🎊,
COMENTARIO,https://www.facebook.com/monicavtampico/posts/pfbid02DS6coxq65FuuJv4tzVtUyVUtCJzQf1jpLodxiELUJA8wy314vHHivCrq13BJCX7Yl?comment_id=2292082311275692,https://www.facebook.com/monicavtampico/posts/pfbid02DS6coxq65FuuJv4tzVtUyVUtCJzQf1jpLodxiELUJA8wy314vHHivCrq13BJCX7Yl,2026-03-31T02:40:16.000Z,un Gusto saber y darse cuenta que apoya a los Comerciantes y la gastronomía de nuestro puerto Jaibo siga así Acuérdese que la transformación la hacemos todos y el pueblo con más razón si quiere seguir haciendo política tiene que hacer las cosas bien y mucho. mejor debe de responderle al partido político que le dio la oportunidad de ser candidata y al pueblo Tampiqueño que la eligió como su alcaldesa dándole su voto de confianza es cuanto ENHORABUENA Y MUCHAS FELICIDADES SIGA ASÍ ADELANTE Y PARÁ ADELANTE CON EL PUEBLO  TODO SIN EL PUEBLO NADA SALUDOS Y BENDICIONES 🙏🙏🙏🫂❤️🤝🫶🙋🏻‍♂️👍👍👍,
COMENTARIO,https://www.facebook.com/monicavtampico/posts/pfbid02DS6coxq65FuuJv4tzVtUyVUtCJzQf1jpLodxiELUJA8wy314vHHivCrq13BJCX7Yl?comment_id=1623684718882970,https://www.facebook.com/monicavtampico/posts/pfbid02DS6coxq65FuuJv4tzVtUyVUtCJzQf1jpLodxiELUJA8wy314vHHivCrq13BJCX7Yl,2026-03-31T00:25:50.000Z,"Excelente gastronomía, la comida en el Mercado Municipal de Tampico es increíble 🤩",
COMENTARIO,https://www.facebook.com/monicavtampico/posts/pfbid02DS6coxq65FuuJv4tzVtUyVUtCJzQf1jpLodxiELUJA8wy314vHHivCrq13BJCX7Yl?comment_id=964697322922529,https://www.facebook.com/monicavtampico/posts/pfbid02DS6coxq65FuuJv4tzVtUyVUtCJzQf1jpLodxiELUJA8wy314vHHivCrq13BJCX7Yl,2026-03-31T00:15:00.000Z,Viva Tampico,
COMENTARIO,https://www.facebook.com/monicavtampico/posts/pfbid0329VSox3ozhivutzh3uFXKbRJGKBBmQ4T5y2JckXMXe2fcwnKbrthRkmSCTCEyvvhl?comment_id=1878647599519928,https://www.facebook.com/monicavtampico/posts/pfbid0329VSox3ozhivutzh3uFXKbRJGKBBmQ4T5y2JckXMXe2fcwnKbrthRkmSCTCEyvvhl,2026-04-04T21:09:42.000Z,Futura GOBERNADOR,
COMENTARIO,https://www.facebook.com/monicavtampico/posts/pfbid0329VSox3ozhivutzh3uFXKbRJGKBBmQ4T5y2JckXMXe2fcwnKbrthRkmSCTCEyvvhl?comment_id=910900998438749,https://www.facebook.com/monicavtampico/posts/pfbid0329VSox3ozhivutzh3uFXKbRJGKBBmQ4T5y2JckXMXe2fcwnKbrthRkmSCTCEyvvhl,2026-04-03T05:03:12.000Z,Felicidades Presidenta Mónica Villarreal y como dijo el Gobernador Américo Villarreal: “La idea es más Tamaulipas”.,
COMENTARIO,https://www.facebook.com/monicavtampico/posts/pfbid0329VSox3ozhivutzh3uFXKbRJGKBBmQ4T5y2JckXMXe2fcwnKbrthRkmSCTCEyvvhl?comment_id=2704791269897643,https://www.facebook.com/monicavtampico/posts/pfbid0329VSox3ozhivutzh3uFXKbRJGKBBmQ4T5y2JckXMXe2fcwnKbrthRkmSCTCEyvvhl,2026-04-03T04:33:50.000Z,Buenisimo,
COMENTARIO,https://www.facebook.com/monicavtampico/posts/pfbid0329VSox3ozhivutzh3uFXKbRJGKBBmQ4T5y2JckXMXe2fcwnKbrthRkmSCTCEyvvhl?comment_id=1247086467586739,https://www.facebook.com/monicavtampico/posts/pfbid0329VSox3ozhivutzh3uFXKbRJGKBBmQ4T5y2JckXMXe2fcwnKbrthRkmSCTCEyvvhl,2026-03-31T14:13:57.000Z,Excelente  supervision Lic.,
COMENTARIO,https://www.facebook.com/monicavtampico/posts/pfbid0329VSox3ozhivutzh3uFXKbRJGKBBmQ4T5y2JckXMXe2fcwnKbrthRkmSCTCEyvvhl?comment_id=1699001378137710,https://www.facebook.com/monicavtampico/posts/pfbid0329VSox3ozhivutzh3uFXKbRJGKBBmQ4T5y2JckXMXe2fcwnKbrthRkmSCTCEyvvhl,2026-03-31T03:43:35.000Z,Excelente labor Presidenta🙏🏻🙌🏻✨️,
COMENTARIO,https://www.facebook.com/monicavtampico/posts/pfbid0329VSox3ozhivutzh3uFXKbRJGKBBmQ4T5y2JckXMXe2fcwnKbrthRkmSCTCEyvvhl?comment_id=2355369794970428,https://www.facebook.com/monicavtampico/posts/pfbid0329VSox3ozhivutzh3uFXKbRJGKBBmQ4T5y2JckXMXe2fcwnKbrthRkmSCTCEyvvhl,2026-03-31T02:13:48.000Z,Gracias Presidenta!,
COMENTARIO,https://www.facebook.com/monicavtampico/posts/pfbid0329VSox3ozhivutzh3uFXKbRJGKBBmQ4T5y2JckXMXe2fcwnKbrthRkmSCTCEyvvhl?comment_id=1260956838883239,https://www.facebook.com/monicavtampico/posts/pfbid0329VSox3ozhivutzh3uFXKbRJGKBBmQ4T5y2JckXMXe2fcwnKbrthRkmSCTCEyvvhl,2026-03-31T00:27:01.000Z,Me parece excelente que se estén llevando a cabo estos proyectos de rehabilitación en el Parque de la Petrolera. Es fundamental contar con espacios públicos seguros y agradables para todas las familias.,
COMENTARIO,https://www.facebook.com/monicavtampico/posts/pfbid0329VSox3ozhivutzh3uFXKbRJGKBBmQ4T5y2JckXMXe2fcwnKbrthRkmSCTCEyvvhl?comment_id=964256586276786,https://www.facebook.com/monicavtampico/posts/pfbid0329VSox3ozhivutzh3uFXKbRJGKBBmQ4T5y2JckXMXe2fcwnKbrthRkmSCTCEyvvhl,2026-03-30T22:16:20.000Z,As este milagro presidenta,
COMENTARIO,https://www.facebook.com/monicavtampico/posts/pfbid0329VSox3ozhivutzh3uFXKbRJGKBBmQ4T5y2JckXMXe2fcwnKbrthRkmSCTCEyvvhl?comment_id=1658030282056487,https://www.facebook.com/monicavtampico/posts/pfbid0329VSox3ozhivutzh3uFXKbRJGKBBmQ4T5y2JckXMXe2fcwnKbrthRkmSCTCEyvvhl,2026-03-30T21:57:48.000Z,Espacios de esparcimiento. Muy bien Alcaldesa,
POST,https://www.facebook.com/reel/944843824690927/,,,,
POST,https://www.facebook.com/TampicoGob/posts/pfbid0pJnAe2pDgMnJhxuAyDs24gRGmUHZQGqZu6TyifMr7ZPwoeG37t7QQPquz5iv3S9Tl,,,,
POST,https://www.facebook.com/servpublicostampico/posts/pfbid0H1NxqrDVYtTxgbjBqxDTNbkcaN3oVUe3zqq1jrqkzpTrZM3wyFY7a7uafKfV24fpl,,,,
POST,https://www.facebook.com/TampicoGob/posts/pfbid0uxr39cQ6fLAWvFng4CoP4NumNij5dAMTX1VwbwKUVYVPwPdXQh3YMCte6R2GqwWHl,,,,
POST,https://www.facebook.com/ProteccionCivilTampico/posts/pfbid02KeVS4mTMhEPjFSHE5WupRYd7yjoMUjVVQFryyhSc4469WnjF7YgaKDcARph5auVrl,,,,
POST,https://www.facebook.com/TampicoGob/posts/pfbid02ERS4nN4mUAXwszaAcJUzMiTcMXU2MVdviXMZpkwaPTX3oQ4hJBu4nwuNP89m4dajl,,,,
POST,https://www.facebook.com/TampicoGob/posts/pfbid02f6CEuWrA3CKWEWzK5M4qqhWrPE9F3Szoo9GmLrVQKAos2Rhk5JqM4g5Uyf9yk5Szl,,,,
POST,https://www.facebook.com/ProteccionCivilTampico/posts/pfbid02SKrnsdVxctKN9xfKe9EY4qA8aNfv1TYEe1cZY7u6MnULQKsf8yZzZLCmz9LdQq2Ml,,,,
COMENTARIO,https://www.facebook.com/ProteccionCivilTampico/posts/pfbid02SKrnsdVxctKN9xfKe9EY4qA8aNfv1TYEe1cZY7u6MnULQKsf8yZzZLCmz9LdQq2Ml?comment_id=1461087422224539,https://www.facebook.com/ProteccionCivilTampico/posts/pfbid02SKrnsdVxctKN9xfKe9EY4qA8aNfv1TYEe1cZY7u6MnULQKsf8yZzZLCmz9LdQq2Ml,2026-04-06T16:04:52.000Z,Y así será la venida del señor pero todo ojo le verá venir entre las nubes del cielo,
COMENTARIO,https://www.facebook.com/ProteccionCivilTampico/posts/pfbid02SKrnsdVxctKN9xfKe9EY4qA8aNfv1TYEe1cZY7u6MnULQKsf8yZzZLCmz9LdQq2Ml?comment_id=2329671790847543,https://www.facebook.com/ProteccionCivilTampico/posts/pfbid02SKrnsdVxctKN9xfKe9EY4qA8aNfv1TYEe1cZY7u6MnULQKsf8yZzZLCmz9LdQq2Ml,2026-04-05T22:44:56.000Z,Y aquí si esta fresco en cd Madero tamaulipas 🤦😱,
COMENTARIO,https://www.facebook.com/ProteccionCivilTampico/posts/pfbid02SKrnsdVxctKN9xfKe9EY4qA8aNfv1TYEe1cZY7u6MnULQKsf8yZzZLCmz9LdQq2Ml?comment_id=2720771628303049,https://www.facebook.com/ProteccionCivilTampico/posts/pfbid02SKrnsdVxctKN9xfKe9EY4qA8aNfv1TYEe1cZY7u6MnULQKsf8yZzZLCmz9LdQq2Ml,2026-04-05T22:43:50.000Z,Pues aquí en cd Madero oy yobio,
COMENTARIO,https://www.facebook.com/ProteccionCivilTampico/posts/pfbid02SKrnsdVxctKN9xfKe9EY4qA8aNfv1TYEe1cZY7u6MnULQKsf8yZzZLCmz9LdQq2Ml?comment_id=2065826983998055,https://www.facebook.com/ProteccionCivilTampico/posts/pfbid02SKrnsdVxctKN9xfKe9EY4qA8aNfv1TYEe1cZY7u6MnULQKsf8yZzZLCmz9LdQq2Ml,2026-04-05T19:40:00.000Z,Gracias por la información metereológica,
COMENTARIO,https://www.facebook.com/ProteccionCivilTampico/posts/pfbid02SKrnsdVxctKN9xfKe9EY4qA8aNfv1TYEe1cZY7u6MnULQKsf8yZzZLCmz9LdQq2Ml?comment_id=3059053627628114,https://www.facebook.com/ProteccionCivilTampico/posts/pfbid02SKrnsdVxctKN9xfKe9EY4qA8aNfv1TYEe1cZY7u6MnULQKsf8yZzZLCmz9LdQq2Ml,2026-04-05T16:50:13.000Z,eyyyyy ..ya casi son las 11 am del domingo y aca en tampico hace mucho calor ...cual lluvia y cual frío 🤣🤣🤣,
COMENTARIO,https://www.facebook.com/ProteccionCivilTampico/posts/pfbid02SKrnsdVxctKN9xfKe9EY4qA8aNfv1TYEe1cZY7u6MnULQKsf8yZzZLCmz9LdQq2Ml?comment_id=919997227464202,https://www.facebook.com/ProteccionCivilTampico/posts/pfbid02SKrnsdVxctKN9xfKe9EY4qA8aNfv1TYEe1cZY7u6MnULQKsf8yZzZLCmz9LdQq2Ml,2026-04-05T15:54:38.000Z,Nunca le atinan,
COMENTARIO,https://www.facebook.com/ProteccionCivilTampico/posts/pfbid02SKrnsdVxctKN9xfKe9EY4qA8aNfv1TYEe1cZY7u6MnULQKsf8yZzZLCmz9LdQq2Ml?comment_id=2805435466515512,https://www.facebook.com/ProteccionCivilTampico/posts/pfbid02SKrnsdVxctKN9xfKe9EY4qA8aNfv1TYEe1cZY7u6MnULQKsf8yZzZLCmz9LdQq2Ml,2026-04-05T15:03:24.000Z,Nadie esta contento son pronosticosss,
COMENTARIO,https://www.facebook.com/ProteccionCivilTampico/posts/pfbid02SKrnsdVxctKN9xfKe9EY4qA8aNfv1TYEe1cZY7u6MnULQKsf8yZzZLCmz9LdQq2Ml?comment_id=1682133379624011,https://www.facebook.com/ProteccionCivilTampico/posts/pfbid02SKrnsdVxctKN9xfKe9EY4qA8aNfv1TYEe1cZY7u6MnULQKsf8yZzZLCmz9LdQq2Ml,2026-04-05T14:31:08.000Z,Javier Vargas Laura Vargas Gonzalez  Karmenchu Velazquez Majo Torres Rash Vargas Mike Velazquez,
COMENTARIO,https://www.facebook.com/ProteccionCivilTampico/posts/pfbid02SKrnsdVxctKN9xfKe9EY4qA8aNfv1TYEe1cZY7u6MnULQKsf8yZzZLCmz9LdQq2Ml?comment_id=862413969591543,https://www.facebook.com/ProteccionCivilTampico/posts/pfbid02SKrnsdVxctKN9xfKe9EY4qA8aNfv1TYEe1cZY7u6MnULQKsf8yZzZLCmz9LdQq2Ml,2026-04-05T14:25:35.000Z,Alondra Ruiz,
COMENTARIO,https://www.facebook.com/TampicoGob/posts/pfbid02ERS4nN4mUAXwszaAcJUzMiTcMXU2MVdviXMZpkwaPTX3oQ4hJBu4nwuNP89m4dajl?comment_id=1523233462795453,https://www.facebook.com/TampicoGob/posts/pfbid02ERS4nN4mUAXwszaAcJUzMiTcMXU2MVdviXMZpkwaPTX3oQ4hJBu4nwuNP89m4dajl,2026-04-04T22:48:37.000Z,"Nooo , nos vamos a olvidar , no nos vamos a dejar , aunque se termine el.mundo , éxitos Bronco Querido  , saludos",
COMENTARIO,https://www.facebook.com/TampicoGob/posts/pfbid02ERS4nN4mUAXwszaAcJUzMiTcMXU2MVdviXMZpkwaPTX3oQ4hJBu4nwuNP89m4dajl?comment_id=2768717806854562,https://www.facebook.com/TampicoGob/posts/pfbid02ERS4nN4mUAXwszaAcJUzMiTcMXU2MVdviXMZpkwaPTX3oQ4hJBu4nwuNP89m4dajl,2026-04-04T09:11:24.000Z,Con zapatos de tacón,
COMENTARIO,https://www.facebook.com/TampicoGob/posts/pfbid02ERS4nN4mUAXwszaAcJUzMiTcMXU2MVdviXMZpkwaPTX3oQ4hJBu4nwuNP89m4dajl?comment_id=1923823874934662,https://www.facebook.com/TampicoGob/posts/pfbid02ERS4nN4mUAXwszaAcJUzMiTcMXU2MVdviXMZpkwaPTX3oQ4hJBu4nwuNP89m4dajl,2026-04-03T22:34:15.000Z,Si te vuelves a enamorar,
COMENTARIO,https://www.facebook.com/TampicoGob/posts/pfbid02ERS4nN4mUAXwszaAcJUzMiTcMXU2MVdviXMZpkwaPTX3oQ4hJBu4nwuNP89m4dajl?comment_id=4389326804722936,https://www.facebook.com/TampicoGob/posts/pfbid02ERS4nN4mUAXwszaAcJUzMiTcMXU2MVdviXMZpkwaPTX3oQ4hJBu4nwuNP89m4dajl,2026-04-03T21:44:24.000Z,Y dónde se reclamaría el premio,
COMENTARIO,https://www.facebook.com/TampicoGob/posts/pfbid02ERS4nN4mUAXwszaAcJUzMiTcMXU2MVdviXMZpkwaPTX3oQ4hJBu4nwuNP89m4dajl?comment_id=1281893520560442,https://www.facebook.com/TampicoGob/posts/pfbid02ERS4nN4mUAXwszaAcJUzMiTcMXU2MVdviXMZpkwaPTX3oQ4hJBu4nwuNP89m4dajl,2026-04-03T19:32:43.000Z,A mí me mandaron que había ganado pero yo soy Sandra Nava y ahí decía Sandra Gámez,
COMENTARIO,https://www.facebook.com/TampicoGob/posts/pfbid02ERS4nN4mUAXwszaAcJUzMiTcMXU2MVdviXMZpkwaPTX3oQ4hJBu4nwuNP89m4dajl?comment_id=3135844443252437,https://www.facebook.com/TampicoGob/posts/pfbid02ERS4nN4mUAXwszaAcJUzMiTcMXU2MVdviXMZpkwaPTX3oQ4hJBu4nwuNP89m4dajl,2026-04-03T18:13:23.000Z,Ya ni friegan después de que término el baile le avisan aúno qué gano deberían darle boletos para otro evento,
COMENTARIO,https://www.facebook.com/TampicoGob/posts/pfbid02ERS4nN4mUAXwszaAcJUzMiTcMXU2MVdviXMZpkwaPTX3oQ4hJBu4nwuNP89m4dajl?comment_id=1480122054124888,https://www.facebook.com/TampicoGob/posts/pfbid02ERS4nN4mUAXwszaAcJUzMiTcMXU2MVdviXMZpkwaPTX3oQ4hJBu4nwuNP89m4dajl,2026-04-03T17:33:40.000Z,Zapatos de tacón,
COMENTARIO,https://www.facebook.com/TampicoGob/posts/pfbid02ERS4nN4mUAXwszaAcJUzMiTcMXU2MVdviXMZpkwaPTX3oQ4hJBu4nwuNP89m4dajl?comment_id=1594840694965445,https://www.facebook.com/TampicoGob/posts/pfbid02ERS4nN4mUAXwszaAcJUzMiTcMXU2MVdviXMZpkwaPTX3oQ4hJBu4nwuNP89m4dajl,2026-04-03T17:14:33.000Z,si te vuelves a enamorar,
COMENTARIO,https://www.facebook.com/TampicoGob/posts/pfbid02ERS4nN4mUAXwszaAcJUzMiTcMXU2MVdviXMZpkwaPTX3oQ4hJBu4nwuNP89m4dajl?comment_id=973761665005123,https://www.facebook.com/TampicoGob/posts/pfbid02ERS4nN4mUAXwszaAcJUzMiTcMXU2MVdviXMZpkwaPTX3oQ4hJBu4nwuNP89m4dajl,2026-04-03T16:33:01.000Z,"Libros tontos ,oro, 😍 go bronco",
COMENTARIO,https://www.facebook.com/ProteccionCivilTampico/posts/pfbid02KeVS4mTMhEPjFSHE5WupRYd7yjoMUjVVQFryyhSc4469WnjF7YgaKDcARph5auVrl?comment_id=1502870018083468,https://www.facebook.com/ProteccionCivilTampico/posts/pfbid02KeVS4mTMhEPjFSHE5WupRYd7yjoMUjVVQFryyhSc4469WnjF7YgaKDcARph5auVrl,2026-04-03T17:41:57.000Z,"Pero, esa revisión era antes de que iniciará la feria 🤪🤪🤪🤪🤪!!!!",
COMENTARIO,https://www.facebook.com/ProteccionCivilTampico/posts/pfbid02KeVS4mTMhEPjFSHE5WupRYd7yjoMUjVVQFryyhSc4469WnjF7YgaKDcARph5auVrl?comment_id=1284109250318408,https://www.facebook.com/ProteccionCivilTampico/posts/pfbid02KeVS4mTMhEPjFSHE5WupRYd7yjoMUjVVQFryyhSc4469WnjF7YgaKDcARph5auVrl,2026-04-02T14:21:51.000Z,Que. Se manifiesten en los terrenos de la feria que metan presión  que no dejen entrar a la gente,
COMENTARIO,https://www.facebook.com/ProteccionCivilTampico/posts/pfbid02KeVS4mTMhEPjFSHE5WupRYd7yjoMUjVVQFryyhSc4469WnjF7YgaKDcARph5auVrl?comment_id=927318913226099,https://www.facebook.com/ProteccionCivilTampico/posts/pfbid02KeVS4mTMhEPjFSHE5WupRYd7yjoMUjVVQFryyhSc4469WnjF7YgaKDcARph5auVrl,2026-04-02T00:19:33.000Z,Excelente trabajo compañeros 👍,
COMENTARIO,https://www.facebook.com/ProteccionCivilTampico/posts/pfbid02KeVS4mTMhEPjFSHE5WupRYd7yjoMUjVVQFryyhSc4469WnjF7YgaKDcARph5auVrl?comment_id=1568391810932382,https://www.facebook.com/ProteccionCivilTampico/posts/pfbid02KeVS4mTMhEPjFSHE5WupRYd7yjoMUjVVQFryyhSc4469WnjF7YgaKDcARph5auVrl,2026-04-02T00:03:43.000Z,Gran trabajo 👏👏👏,
COMENTARIO,https://www.facebook.com/ProteccionCivilTampico/posts/pfbid02KeVS4mTMhEPjFSHE5WupRYd7yjoMUjVVQFryyhSc4469WnjF7YgaKDcARph5auVrl?comment_id=929318713344349,https://www.facebook.com/ProteccionCivilTampico/posts/pfbid02KeVS4mTMhEPjFSHE5WupRYd7yjoMUjVVQFryyhSc4469WnjF7YgaKDcARph5auVrl,2026-03-31T14:22:01.000Z,Jajajaja donde quiera esta morena,
COMENTARIO,https://www.facebook.com/ProteccionCivilTampico/posts/pfbid02KeVS4mTMhEPjFSHE5WupRYd7yjoMUjVVQFryyhSc4469WnjF7YgaKDcARph5auVrl?comment_id=26527839613522028,https://www.facebook.com/ProteccionCivilTampico/posts/pfbid02KeVS4mTMhEPjFSHE5WupRYd7yjoMUjVVQFryyhSc4469WnjF7YgaKDcARph5auVrl,2026-03-30T14:53:15.000Z,Excelente labor de Protección Civil y Bomberos. Gracias por cuidar de las familias tampiqueñas en estas fiestas. ¡Gran trabajo! 👏✨,
COMENTARIO,https://www.facebook.com/ProteccionCivilTampico/posts/pfbid02KeVS4mTMhEPjFSHE5WupRYd7yjoMUjVVQFryyhSc4469WnjF7YgaKDcARph5auVrl?comment_id=1469811604727882,https://www.facebook.com/ProteccionCivilTampico/posts/pfbid02KeVS4mTMhEPjFSHE5WupRYd7yjoMUjVVQFryyhSc4469WnjF7YgaKDcARph5auVrl,2026-03-30T14:52:10.000Z,Felicidades a Protección Civil por esa labor tan importante que con lleva a dar seguridad a los asistentes.,
COMENTARIO,https://www.facebook.com/TampicoGob/posts/pfbid0pJnAe2pDgMnJhxuAyDs24gRGmUHZQGqZu6TyifMr7ZPwoeG37t7QQPquz5iv3S9Tl?comment_id=1490747009509525,https://www.facebook.com/TampicoGob/posts/pfbid0pJnAe2pDgMnJhxuAyDs24gRGmUHZQGqZu6TyifMr7ZPwoeG37t7QQPquz5iv3S9Tl,2026-04-05T12:29:55.000Z,👏🏻👏🏻👏🏻🦀,
COMENTARIO,https://www.facebook.com/TampicoGob/posts/pfbid0pJnAe2pDgMnJhxuAyDs24gRGmUHZQGqZu6TyifMr7ZPwoeG37t7QQPquz5iv3S9Tl?comment_id=918025844184249,https://www.facebook.com/TampicoGob/posts/pfbid0pJnAe2pDgMnJhxuAyDs24gRGmUHZQGqZu6TyifMr7ZPwoeG37t7QQPquz5iv3S9Tl,2026-04-03T04:32:34.000Z,Súper activos,
COMENTARIO,https://www.facebook.com/TampicoGob/posts/pfbid0pJnAe2pDgMnJhxuAyDs24gRGmUHZQGqZu6TyifMr7ZPwoeG37t7QQPquz5iv3S9Tl?comment_id=1476618617166332,https://www.facebook.com/TampicoGob/posts/pfbid0pJnAe2pDgMnJhxuAyDs24gRGmUHZQGqZu6TyifMr7ZPwoeG37t7QQPquz5iv3S9Tl,2026-04-01T22:56:03.000Z,Excelente programa presidenta,
COMENTARIO,https://www.facebook.com/TampicoGob/posts/pfbid0pJnAe2pDgMnJhxuAyDs24gRGmUHZQGqZu6TyifMr7ZPwoeG37t7QQPquz5iv3S9Tl?comment_id=2103827350465513,https://www.facebook.com/TampicoGob/posts/pfbid0pJnAe2pDgMnJhxuAyDs24gRGmUHZQGqZu6TyifMr7ZPwoeG37t7QQPquz5iv3S9Tl,2026-04-01T21:28:50.000Z,Bravo esta vien que sigan los bailes porque es muy impotante para la salud ya que siempre estan presentes  los Adultos mayores  donde quiera que se hagan  esta muy vien psra vien de todos  tampiqueños en hora buena Por eso es la Mejor Presidenta de tampico,
COMENTARIO,https://www.facebook.com/TampicoGob/posts/pfbid0pJnAe2pDgMnJhxuAyDs24gRGmUHZQGqZu6TyifMr7ZPwoeG37t7QQPquz5iv3S9Tl?comment_id=916538437923536,https://www.facebook.com/TampicoGob/posts/pfbid0pJnAe2pDgMnJhxuAyDs24gRGmUHZQGqZu6TyifMr7ZPwoeG37t7QQPquz5iv3S9Tl,2026-04-01T16:41:47.000Z,Tampico es un pueblo lleno de alegría 🤩,
COMENTARIO,https://www.facebook.com/TampicoGob/posts/pfbid0pJnAe2pDgMnJhxuAyDs24gRGmUHZQGqZu6TyifMr7ZPwoeG37t7QQPquz5iv3S9Tl?comment_id=1484925706583679,https://www.facebook.com/TampicoGob/posts/pfbid0pJnAe2pDgMnJhxuAyDs24gRGmUHZQGqZu6TyifMr7ZPwoeG37t7QQPquz5iv3S9Tl,2026-04-01T16:19:57.000Z,Excelente 👏🏻👏🏻,
COMENTARIO,https://www.facebook.com/TampicoGob/posts/pfbid0pJnAe2pDgMnJhxuAyDs24gRGmUHZQGqZu6TyifMr7ZPwoeG37t7QQPquz5iv3S9Tl?comment_id=897225526632118,https://www.facebook.com/TampicoGob/posts/pfbid0pJnAe2pDgMnJhxuAyDs24gRGmUHZQGqZu6TyifMr7ZPwoeG37t7QQPquz5iv3S9Tl,2026-04-01T15:07:22.000Z,Y las injusticias para cuando?,
COMENTARIO,https://www.facebook.com/TampicoGob/posts/pfbid0pJnAe2pDgMnJhxuAyDs24gRGmUHZQGqZu6TyifMr7ZPwoeG37t7QQPquz5iv3S9Tl?comment_id=2252868715246114,https://www.facebook.com/TampicoGob/posts/pfbid0pJnAe2pDgMnJhxuAyDs24gRGmUHZQGqZu6TyifMr7ZPwoeG37t7QQPquz5iv3S9Tl,2026-04-01T14:56:54.000Z,"El baile también es deporte
Moviliza de manera divertida desde niños hasta adultos mayores 
¡FELICIDADES! ECXELENTE PROYECTO",
COMENTARIO,https://www.facebook.com/reel/944843824690927/?comment_id=1456380609364474,https://www.facebook.com/reel/944843824690927/,2026-03-30T04:31:13.000Z,Boletos entregados ¡felicidades!🥳,
