fecha_inicio_semana,fecha_referencia,horizonte_sem,y_current,y_true,delta_real,delta_predicho,caida_real,alerta_caida_predicha,deteccion_caida_correcta,run_id_alerta_caida_oficial,run_dir_origen
2025-11-24,2025-11-24,1,0.1275159595753403,0.2796059620794268,0.1520900025040865,-0.020727662715213688,False,True,False,E9_v2_clean,/home/emilio/Documentos/RAdAR_worktrees/arquitectura_modelado/radar_core/experiments/runs/E9_v2_clean_20260609_102940
2025-12-01,2025-12-01,1,0.2796059620794268,0.0821158156091689,-0.19749014647025787,-0.07139208630135699,True,True,True,E9_v2_clean,/home/emilio/Documentos/RAdAR_worktrees/arquitectura_modelado/radar_core/experiments/runs/E9_v2_clean_20260609_102940
2025-12-08,2025-12-08,1,0.0821158156091689,0.3038130765246692,0.2216972609155003,0.002195089991610902,False,False,True,E9_v2_clean,/home/emilio/Documentos/RAdAR_worktrees/arquitectura_modelado/radar_core/experiments/runs/E9_v2_clean_20260609_102940
2025-12-15,2025-12-15,1,0.3038130765246692,0.0677012815654136,-0.2361117949592556,-0.1409846869978549,True,True,True,E9_v2_clean,/home/emilio/Documentos/RAdAR_worktrees/arquitectura_modelado/radar_core/experiments/runs/E9_v2_clean_20260609_102940
2025-12-22,2025-12-22,1,0.0677012815654136,0.5836218782012019,0.5159205966357883,0.1276216509656492,False,False,True,E9_v2_clean,/home/emilio/Documentos/RAdAR_worktrees/arquitectura_modelado/radar_core/experiments/runs/E9_v2_clean_20260609_102940
2025-12-29,2025-12-29,1,0.5836218782012019,0.1083419780858929,-0.475279900115309,-0.4839244731995586,True,True,True,E9_v2_clean,/home/emilio/Documentos/RAdAR_worktrees/arquitectura_modelado/radar_core/experiments/runs/E9_v2_clean_20260609_102940
2026-01-05,2026-01-05,1,0.1083419780858929,0.0687870202028637,-0.03955495788302919,-0.1100546197573398,True,True,True,E9_v2_clean,/home/emilio/Documentos/RAdAR_worktrees/arquitectura_modelado/radar_core/experiments/runs/E9_v2_clean_20260609_102940
2026-01-12,2026-01-12,1,0.0687870202028637,0.2454262295855256,0.1766392093826619,0.013301108947455204,False,False,True,E9_v2_clean,/home/emilio/Documentos/RAdAR_worktrees/arquitectura_modelado/radar_core/experiments/runs/E9_v2_clean_20260609_102940
2026-01-19,2026-01-19,1,0.2454262295855256,0.3205651914908854,0.07513896190535982,-0.2131815451244805,False,True,False,E9_v2_clean,/home/emilio/Documentos/RAdAR_worktrees/arquitectura_modelado/radar_core/experiments/runs/E9_v2_clean_20260609_102940
2026-01-26,2026-01-26,1,0.3205651914908854,0.1700074058227992,-0.15055778566808622,-0.15105278003959632,True,True,True,E9_v2_clean,/home/emilio/Documentos/RAdAR_worktrees/arquitectura_modelado/radar_core/experiments/runs/E9_v2_clean_20260609_102940
2026-02-02,2026-02-02,1,0.1700074058227992,-0.0198367240853287,-0.18984412990812788,-0.017554565391320998,True,True,True,E9_v2_clean,/home/emilio/Documentos/RAdAR_worktrees/arquitectura_modelado/radar_core/experiments/runs/E9_v2_clean_20260609_102940
2026-02-09,2026-02-09,1,-0.0198367240853287,0.0960196886446368,0.1158564127299655,0.15244431679275008,False,False,True,E9_v2_clean,/home/emilio/Documentos/RAdAR_worktrees/arquitectura_modelado/radar_core/experiments/runs/E9_v2_clean_20260609_102940
2026-02-16,2026-02-16,1,0.0960196886446368,0.2772506816416401,0.1812309929970033,0.14232031832369363,False,False,True,E9_v2_clean,/home/emilio/Documentos/RAdAR_worktrees/arquitectura_modelado/radar_core/experiments/runs/E9_v2_clean_20260609_102940
2026-02-23,2026-02-23,1,0.2772506816416401,0.2100585882774014,-0.06719209336423868,-0.06320547970533746,True,True,True,E9_v2_clean,/home/emilio/Documentos/RAdAR_worktrees/arquitectura_modelado/radar_core/experiments/runs/E9_v2_clean_20260609_102940
2026-03-02,2026-03-02,1,0.2100585882774014,0.0271685648311405,-0.1828900234462609,-0.180806032221483,True,True,True,E9_v2_clean,/home/emilio/Documentos/RAdAR_worktrees/arquitectura_modelado/radar_core/experiments/runs/E9_v2_clean_20260609_102940
2026-03-09,2026-03-09,1,0.0271685648311405,0.1211586643975283,0.0939900995663878,0.1554930421736044,False,False,True,E9_v2_clean,/home/emilio/Documentos/RAdAR_worktrees/arquitectura_modelado/radar_core/experiments/runs/E9_v2_clean_20260609_102940
2026-03-16,2026-03-16,1,0.1211586643975283,-0.0054622217770953,-0.1266208861746236,0.04206476481066419,True,False,False,E9_v2_clean,/home/emilio/Documentos/RAdAR_worktrees/arquitectura_modelado/radar_core/experiments/runs/E9_v2_clean_20260609_102940
2026-03-23,2026-03-23,1,-0.0054622217770953,0.0669147100498927,0.072376931826988,0.1887575435232655,False,False,True,E9_v2_clean,/home/emilio/Documentos/RAdAR_worktrees/arquitectura_modelado/radar_core/experiments/runs/E9_v2_clean_20260609_102940
2026-03-30,2026-03-30,1,0.0669147100498927,0.110472470964671,0.043557760914778296,0.08758880232826459,False,False,True,E9_v2_clean,/home/emilio/Documentos/RAdAR_worktrees/arquitectura_modelado/radar_core/experiments/runs/E9_v2_clean_20260609_102940
2026-04-06,2026-04-06,1,0.110472470964671,0.0668779193556926,-0.043594551608978405,-0.002427104574031405,True,True,True,E9_v2_clean,/home/emilio/Documentos/RAdAR_worktrees/arquitectura_modelado/radar_core/experiments/runs/E9_v2_clean_20260609_102940
2026-04-13,2026-04-13,1,0.0668779193556926,0.042142027416753,-0.024735891938939596,0.09029978068643402,True,False,False,E9_v2_clean,/home/emilio/Documentos/RAdAR_worktrees/arquitectura_modelado/radar_core/experiments/runs/E9_v2_clean_20260609_102940
2026-04-20,2026-04-20,1,0.042142027416753,0.0732244276596991,0.031082400242946097,0.0596703072474721,False,False,True,E9_v2_clean,/home/emilio/Documentos/RAdAR_worktrees/arquitectura_modelado/radar_core/experiments/runs/E9_v2_clean_20260609_102940
2025-11-24,2025-11-24,2,0.1275159595753403,0.0821158156091689,-0.04540014396617138,-0.11533547748455689,True,True,True,E9_v2_clean,/home/emilio/Documentos/RAdAR_worktrees/arquitectura_modelado/radar_core/experiments/runs/E9_v2_clean_20260609_102940
2025-12-01,2025-12-01,2,0.2796059620794268,0.3038130765246692,0.024207114445242428,-0.10837740586516759,False,True,False,E9_v2_clean,/home/emilio/Documentos/RAdAR_worktrees/arquitectura_modelado/radar_core/experiments/runs/E9_v2_clean_20260609_102940
2025-12-08,2025-12-08,2,0.0821158156091689,0.0677012815654136,-0.014414534043755298,0.05981325541310929,True,False,False,E9_v2_clean,/home/emilio/Documentos/RAdAR_worktrees/arquitectura_modelado/radar_core/experiments/runs/E9_v2_clean_20260609_102940
2025-12-15,2025-12-15,2,0.3038130765246692,0.5836218782012019,0.2798088016765327,-0.05951392167215902,False,True,False,E9_v2_clean,/home/emilio/Documentos/RAdAR_worktrees/arquitectura_modelado/radar_core/experiments/runs/E9_v2_clean_20260609_102940
2025-12-22,2025-12-22,2,0.0677012815654136,0.1083419780858929,0.04064069652047929,-0.1278779885779158,False,True,False,E9_v2_clean,/home/emilio/Documentos/RAdAR_worktrees/arquitectura_modelado/radar_core/experiments/runs/E9_v2_clean_20260609_102940
2025-12-29,2025-12-29,2,0.5836218782012019,0.0687870202028637,-0.5148348579983382,-0.5558291404487408,True,True,True,E9_v2_clean,/home/emilio/Documentos/RAdAR_worktrees/arquitectura_modelado/radar_core/experiments/runs/E9_v2_clean_20260609_102940
2026-01-05,2026-01-05,2,0.1083419780858929,0.2454262295855256,0.13708425149963271,0.05831370482812161,False,False,True,E9_v2_clean,/home/emilio/Documentos/RAdAR_worktrees/arquitectura_modelado/radar_core/experiments/runs/E9_v2_clean_20260609_102940
2026-01-12,2026-01-12,2,0.0687870202028637,0.3205651914908854,0.2517781712880217,0.06017517007766621,False,False,True,E9_v2_clean,/home/emilio/Documentos/RAdAR_worktrees/arquitectura_modelado/radar_core/experiments/runs/E9_v2_clean_20260609_102940
2026-01-19,2026-01-19,2,0.2454262295855256,0.1700074058227992,-0.0754188237627264,-0.09182839597708309,True,True,True,E9_v2_clean,/home/emilio/Documentos/RAdAR_worktrees/arquitectura_modelado/radar_core/experiments/runs/E9_v2_clean_20260609_102940
2026-01-26,2026-01-26,2,0.3205651914908854,-0.0198367240853287,-0.34040191557621413,-0.13445116576604382,True,True,True,E9_v2_clean,/home/emilio/Documentos/RAdAR_worktrees/arquitectura_modelado/radar_core/experiments/runs/E9_v2_clean_20260609_102940
2026-02-02,2026-02-02,2,0.1700074058227992,0.0960196886446368,-0.0739877171781624,-0.10614049043880738,True,True,True,E9_v2_clean,/home/emilio/Documentos/RAdAR_worktrees/arquitectura_modelado/radar_core/experiments/runs/E9_v2_clean_20260609_102940
2026-02-09,2026-02-09,2,-0.0198367240853287,0.2772506816416401,0.2970874057269688,0.155108125203206,False,False,True,E9_v2_clean,/home/emilio/Documentos/RAdAR_worktrees/arquitectura_modelado/radar_core/experiments/runs/E9_v2_clean_20260609_102940
2026-02-16,2026-02-16,2,0.0960196886446368,0.2100585882774014,0.1140388996327646,0.1247370356843137,False,False,True,E9_v2_clean,/home/emilio/Documentos/RAdAR_worktrees/arquitectura_modelado/radar_core/experiments/runs/E9_v2_clean_20260609_102940
2026-02-23,2026-02-23,2,0.2772506816416401,0.0271685648311405,-0.2500821168104996,-0.09454236768276927,True,True,True,E9_v2_clean,/home/emilio/Documentos/RAdAR_worktrees/arquitectura_modelado/radar_core/experiments/runs/E9_v2_clean_20260609_102940
2026-03-02,2026-03-02,2,0.2100585882774014,0.1211586643975283,-0.0888999238798731,0.03404180501989229,True,False,False,E9_v2_clean,/home/emilio/Documentos/RAdAR_worktrees/arquitectura_modelado/radar_core/experiments/runs/E9_v2_clean_20260609_102940
2026-03-09,2026-03-09,2,0.0271685648311405,-0.0054622217770953,-0.0326307866082358,0.1665781908519721,True,False,False,E9_v2_clean,/home/emilio/Documentos/RAdAR_worktrees/arquitectura_modelado/radar_core/experiments/runs/E9_v2_clean_20260609_102940
2026-03-16,2026-03-16,2,0.1211586643975283,0.0669147100498927,-0.0542439543476356,-0.029864917821039907,True,True,True,E9_v2_clean,/home/emilio/Documentos/RAdAR_worktrees/arquitectura_modelado/radar_core/experiments/runs/E9_v2_clean_20260609_102940
2026-03-23,2026-03-23,2,-0.0054622217770953,0.110472470964671,0.1159346927417663,0.1636225274005822,False,False,True,E9_v2_clean,/home/emilio/Documentos/RAdAR_worktrees/arquitectura_modelado/radar_core/experiments/runs/E9_v2_clean_20260609_102940
2026-03-30,2026-03-30,2,0.0669147100498927,0.0668779193556926,-3.679069420010894e-05,0.01948756634396359,True,False,False,E9_v2_clean,/home/emilio/Documentos/RAdAR_worktrees/arquitectura_modelado/radar_core/experiments/runs/E9_v2_clean_20260609_102940
2026-04-06,2026-04-06,2,0.110472470964671,0.042142027416753,-0.06833044354791801,-0.024032448389348204,True,True,True,E9_v2_clean,/home/emilio/Documentos/RAdAR_worktrees/arquitectura_modelado/radar_core/experiments/runs/E9_v2_clean_20260609_102940
2026-04-13,2026-04-13,2,0.0668779193556926,0.0732244276596991,0.006346508304006501,0.0499324916166715,False,False,True,E9_v2_clean,/home/emilio/Documentos/RAdAR_worktrees/arquitectura_modelado/radar_core/experiments/runs/E9_v2_clean_20260609_102940
2025-11-24,2025-11-24,3,0.1275159595753403,0.3038130765246692,0.17629711694932892,-0.02713331191760869,False,True,False,E9_v2_clean,/home/emilio/Documentos/RAdAR_worktrees/arquitectura_modelado/radar_core/experiments/runs/E9_v2_clean_20260609_102940
2025-12-01,2025-12-01,3,0.2796059620794268,0.0677012815654136,-0.21190468051401318,-0.2079389671033175,True,True,True,E9_v2_clean,/home/emilio/Documentos/RAdAR_worktrees/arquitectura_modelado/radar_core/experiments/runs/E9_v2_clean_20260609_102940
2025-12-08,2025-12-08,3,0.0821158156091689,0.5836218782012019,0.501506062592033,0.0711457941721219,False,False,True,E9_v2_clean,/home/emilio/Documentos/RAdAR_worktrees/arquitectura_modelado/radar_core/experiments/runs/E9_v2_clean_20260609_102940
2025-12-15,2025-12-15,3,0.3038130765246692,0.1083419780858929,-0.1954710984387763,-0.2655426271679047,True,True,True,E9_v2_clean,/home/emilio/Documentos/RAdAR_worktrees/arquitectura_modelado/radar_core/experiments/runs/E9_v2_clean_20260609_102940
2025-12-22,2025-12-22,3,0.0677012815654136,0.0687870202028637,0.0010857386374500955,-0.090085458207927,False,True,False,E9_v2_clean,/home/emilio/Documentos/RAdAR_worktrees/arquitectura_modelado/radar_core/experiments/runs/E9_v2_clean_20260609_102940
2025-12-29,2025-12-29,3,0.5836218782012019,0.2454262295855256,-0.3381956486156763,-0.4401912385685468,True,True,True,E9_v2_clean,/home/emilio/Documentos/RAdAR_worktrees/arquitectura_modelado/radar_core/experiments/runs/E9_v2_clean_20260609_102940
2026-01-05,2026-01-05,3,0.1083419780858929,0.3205651914908854,0.2122232134049925,-0.04066330075596719,False,True,False,E9_v2_clean,/home/emilio/Documentos/RAdAR_worktrees/arquitectura_modelado/radar_core/experiments/runs/E9_v2_clean_20260609_102940
2026-01-12,2026-01-12,3,0.0687870202028637,0.1700074058227992,0.10122038561993549,0.013182481754030792,False,False,True,E9_v2_clean,/home/emilio/Documentos/RAdAR_worktrees/arquitectura_modelado/radar_core/experiments/runs/E9_v2_clean_20260609_102940
2026-01-19,2026-01-19,3,0.2454262295855256,-0.0198367240853287,-0.2652629536708543,-0.1559121211188815,True,True,True,E9_v2_clean,/home/emilio/Documentos/RAdAR_worktrees/arquitectura_modelado/radar_core/experiments/runs/E9_v2_clean_20260609_102940
2026-01-26,2026-01-26,3,0.3205651914908854,0.0960196886446368,-0.22454550284624863,-0.2420596143938189,True,True,True,E9_v2_clean,/home/emilio/Documentos/RAdAR_worktrees/arquitectura_modelado/radar_core/experiments/runs/E9_v2_clean_20260609_102940
2026-02-02,2026-02-02,3,0.1700074058227992,0.2772506816416401,0.10724327581884088,-0.042123071399836204,False,True,False,E9_v2_clean,/home/emilio/Documentos/RAdAR_worktrees/arquitectura_modelado/radar_core/experiments/runs/E9_v2_clean_20260609_102940
2026-02-09,2026-02-09,3,-0.0198367240853287,0.2100585882774014,0.2298953123627301,0.1318997165973688,False,False,True,E9_v2_clean,/home/emilio/Documentos/RAdAR_worktrees/arquitectura_modelado/radar_core/experiments/runs/E9_v2_clean_20260609_102940
2026-02-16,2026-02-16,3,0.0960196886446368,0.0271685648311405,-0.0688511238134963,0.050999288286082314,True,False,False,E9_v2_clean,/home/emilio/Documentos/RAdAR_worktrees/arquitectura_modelado/radar_core/experiments/runs/E9_v2_clean_20260609_102940
2026-02-23,2026-02-23,3,0.2772506816416401,0.1211586643975283,-0.15609201724411176,-0.17685146651890188,True,True,True,E9_v2_clean,/home/emilio/Documentos/RAdAR_worktrees/arquitectura_modelado/radar_core/experiments/runs/E9_v2_clean_20260609_102940
2026-03-02,2026-03-02,3,0.2100585882774014,-0.0054622217770953,-0.2155208100544967,0.001732457885752492,True,False,False,E9_v2_clean,/home/emilio/Documentos/RAdAR_worktrees/arquitectura_modelado/radar_core/experiments/runs/E9_v2_clean_20260609_102940
2026-03-09,2026-03-09,3,0.0271685648311405,0.0669147100498927,0.03974614521875221,0.1430334444401607,False,False,True,E9_v2_clean,/home/emilio/Documentos/RAdAR_worktrees/arquitectura_modelado/radar_core/experiments/runs/E9_v2_clean_20260609_102940
2026-03-16,2026-03-16,3,0.1211586643975283,0.110472470964671,-0.010686193432857302,0.005842132508490097,True,False,False,E9_v2_clean,/home/emilio/Documentos/RAdAR_worktrees/arquitectura_modelado/radar_core/experiments/runs/E9_v2_clean_20260609_102940
2026-03-23,2026-03-23,3,-0.0054622217770953,0.0668779193556926,0.07234014113278789,0.12368236090941269,False,False,True,E9_v2_clean,/home/emilio/Documentos/RAdAR_worktrees/arquitectura_modelado/radar_core/experiments/runs/E9_v2_clean_20260609_102940
2026-03-30,2026-03-30,3,0.0669147100498927,0.042142027416753,-0.024772682633139705,0.0475254495072531,True,False,False,E9_v2_clean,/home/emilio/Documentos/RAdAR_worktrees/arquitectura_modelado/radar_core/experiments/runs/E9_v2_clean_20260609_102940
2026-04-06,2026-04-06,3,0.110472470964671,0.0732244276596991,-0.0372480433049719,-0.030790231120832304,True,True,True,E9_v2_clean,/home/emilio/Documentos/RAdAR_worktrees/arquitectura_modelado/radar_core/experiments/runs/E9_v2_clean_20260609_102940
2025-11-24,2025-11-24,4,0.1275159595753403,0.0677012815654136,-0.05981467800992668,-0.09653253612270468,True,True,True,E9_v2_clean,/home/emilio/Documentos/RAdAR_worktrees/arquitectura_modelado/radar_core/experiments/runs/E9_v2_clean_20260609_102940
2025-12-01,2025-12-01,4,0.2796059620794268,0.5836218782012019,0.30401591612177514,-0.2112628255135537,False,True,False,E9_v2_clean,/home/emilio/Documentos/RAdAR_worktrees/arquitectura_modelado/radar_core/experiments/runs/E9_v2_clean_20260609_102940
2025-12-08,2025-12-08,4,0.0821158156091689,0.1083419780858929,0.02622616247672399,0.04678441703913021,False,False,True,E9_v2_clean,/home/emilio/Documentos/RAdAR_worktrees/arquitectura_modelado/radar_core/experiments/runs/E9_v2_clean_20260609_102940
2025-12-15,2025-12-15,4,0.3038130765246692,0.0687870202028637,-0.2350260563218055,-0.17695760946018071,True,True,True,E9_v2_clean,/home/emilio/Documentos/RAdAR_worktrees/arquitectura_modelado/radar_core/experiments/runs/E9_v2_clean_20260609_102940
2025-12-22,2025-12-22,4,0.0677012815654136,0.2454262295855256,0.177724948020112,0.02587594804776419,False,False,True,E9_v2_clean,/home/emilio/Documentos/RAdAR_worktrees/arquitectura_modelado/radar_core/experiments/runs/E9_v2_clean_20260609_102940
2025-12-29,2025-12-29,4,0.5836218782012019,0.3205651914908854,-0.2630566867103165,-0.3804682244399549,True,True,True,E9_v2_clean,/home/emilio/Documentos/RAdAR_worktrees/arquitectura_modelado/radar_core/experiments/runs/E9_v2_clean_20260609_102940
2026-01-05,2026-01-05,4,0.1083419780858929,0.1700074058227992,0.061665427736906295,0.08641273035422291,False,False,True,E9_v2_clean,/home/emilio/Documentos/RAdAR_worktrees/arquitectura_modelado/radar_core/experiments/runs/E9_v2_clean_20260609_102940
2026-01-12,2026-01-12,4,0.0687870202028637,-0.0198367240853287,-0.0886237442881924,0.063954945718704,True,False,False,E9_v2_clean,/home/emilio/Documentos/RAdAR_worktrees/arquitectura_modelado/radar_core/experiments/runs/E9_v2_clean_20260609_102940
2026-01-19,2026-01-19,4,0.2454262295855256,0.0960196886446368,-0.1494065409408888,-0.13310013642482071,True,True,True,E9_v2_clean,/home/emilio/Documentos/RAdAR_worktrees/arquitectura_modelado/radar_core/experiments/runs/E9_v2_clean_20260609_102940
2026-01-26,2026-01-26,4,0.3205651914908854,0.2772506816416401,-0.04331450984924534,-0.23656517805917182,True,True,True,E9_v2_clean,/home/emilio/Documentos/RAdAR_worktrees/arquitectura_modelado/radar_core/experiments/runs/E9_v2_clean_20260609_102940
2026-02-02,2026-02-02,4,0.1700074058227992,0.2100585882774014,0.04005118245460221,-0.05776400930684239,False,True,False,E9_v2_clean,/home/emilio/Documentos/RAdAR_worktrees/arquitectura_modelado/radar_core/experiments/runs/E9_v2_clean_20260609_102940
2026-02-09,2026-02-09,4,-0.0198367240853287,0.0271685648311405,0.0470052889164692,0.1915917383730354,False,False,True,E9_v2_clean,/home/emilio/Documentos/RAdAR_worktrees/arquitectura_modelado/radar_core/experiments/runs/E9_v2_clean_20260609_102940
2026-02-16,2026-02-16,4,0.0960196886446368,0.1211586643975283,0.025138975752891507,0.06971598640340672,False,False,True,E9_v2_clean,/home/emilio/Documentos/RAdAR_worktrees/arquitectura_modelado/radar_core/experiments/runs/E9_v2_clean_20260609_102940
2026-02-23,2026-02-23,4,0.2772506816416401,-0.0054622217770953,-0.2827129034187354,-0.11828021088585297,True,True,True,E9_v2_clean,/home/emilio/Documentos/RAdAR_worktrees/arquitectura_modelado/radar_core/experiments/runs/E9_v2_clean_20260609_102940
2026-03-02,2026-03-02,4,0.2100585882774014,0.0669147100498927,-0.14314387822750868,-0.2149733004989443,True,True,True,E9_v2_clean,/home/emilio/Documentos/RAdAR_worktrees/arquitectura_modelado/radar_core/experiments/runs/E9_v2_clean_20260609_102940
2026-03-09,2026-03-09,4,0.0271685648311405,0.110472470964671,0.0833039061335305,0.10345200703963081,False,False,True,E9_v2_clean,/home/emilio/Documentos/RAdAR_worktrees/arquitectura_modelado/radar_core/experiments/runs/E9_v2_clean_20260609_102940
2026-03-16,2026-03-16,4,0.1211586643975283,0.0668779193556926,-0.05428074504183571,-0.015473166502322597,True,True,True,E9_v2_clean,/home/emilio/Documentos/RAdAR_worktrees/arquitectura_modelado/radar_core/experiments/runs/E9_v2_clean_20260609_102940
2026-03-23,2026-03-23,4,-0.0054622217770953,0.042142027416753,0.0476042491938483,0.0852025713242041,False,False,True,E9_v2_clean,/home/emilio/Documentos/RAdAR_worktrees/arquitectura_modelado/radar_core/experiments/runs/E9_v2_clean_20260609_102940
2026-03-30,2026-03-30,4,0.0669147100498927,0.0732244276596991,0.006309717609806392,0.05296963700795369,False,False,True,E9_v2_clean,/home/emilio/Documentos/RAdAR_worktrees/arquitectura_modelado/radar_core/experiments/runs/E9_v2_clean_20260609_102940
