fecha_inicio_semana,fecha_referencia,horizonte_sem,y_current,y_true,prediccion_numerica_oficial,delta_real,delta_predicho,direction_real,direction_predicha,direction_correcta,modelo_oficial_numerico,run_id_origen,run_dir_origen
2025-09-01,2025-09-01,1,0.0328375249929475,0.0750438311217277,0.0989957906366822,0.0422063061287802,0.0661582656437347,sube,sube,True,E1_v5_clean,E1_v5_clean,/home/emilio/Documentos/RAdAR_worktrees/arquitectura_modelado/radar_core/experiments/runs/E1_v5_clean_20260609_101340
2025-09-08,2025-09-08,1,0.0750438311217277,0.2441502073228642,0.1200657243762832,0.1691063762011365,0.045021893254555495,sube,sube,True,E1_v5_clean,E1_v5_clean,/home/emilio/Documentos/RAdAR_worktrees/arquitectura_modelado/radar_core/experiments/runs/E1_v5_clean_20260609_101340
2025-09-15,2025-09-15,1,0.2441502073228642,0.0353374615739687,0.1375469901435297,-0.2088127457488955,-0.10660321717933449,baja,baja,True,E1_v5_clean,E1_v5_clean,/home/emilio/Documentos/RAdAR_worktrees/arquitectura_modelado/radar_core/experiments/runs/E1_v5_clean_20260609_101340
2025-09-22,2025-09-22,1,0.0353374615739687,0.037083177521204,0.129116494186562,0.001745715947235299,0.0937790326125933,sube,sube,True,E1_v5_clean,E1_v5_clean,/home/emilio/Documentos/RAdAR_worktrees/arquitectura_modelado/radar_core/experiments/runs/E1_v5_clean_20260609_101340
2025-09-29,2025-09-29,1,0.037083177521204,0.0408302409621365,0.1202868592490021,0.0037470634409325007,0.0832036817277981,sube,sube,True,E1_v5_clean,E1_v5_clean,/home/emilio/Documentos/RAdAR_worktrees/arquitectura_modelado/radar_core/experiments/runs/E1_v5_clean_20260609_101340
2025-10-06,2025-10-06,1,0.0408302409621365,-0.0316621893348031,0.1234751686260439,-0.07249243029693961,0.0826449276639074,baja,sube,False,E1_v5_clean,E1_v5_clean,/home/emilio/Documentos/RAdAR_worktrees/arquitectura_modelado/radar_core/experiments/runs/E1_v5_clean_20260609_101340
2025-10-13,2025-10-13,1,-0.0316621893348031,0.1674127209149191,0.1100164667000173,0.1990749102497222,0.1416786560348204,sube,sube,True,E1_v5_clean,E1_v5_clean,/home/emilio/Documentos/RAdAR_worktrees/arquitectura_modelado/radar_core/experiments/runs/E1_v5_clean_20260609_101340
2025-10-20,2025-10-20,1,0.1674127209149191,0.1348235807179079,0.0980812191745394,-0.0325891401970112,-0.0693315017403797,baja,baja,True,E1_v5_clean,E1_v5_clean,/home/emilio/Documentos/RAdAR_worktrees/arquitectura_modelado/radar_core/experiments/runs/E1_v5_clean_20260609_101340
2025-10-27,2025-10-27,1,0.1348235807179079,0.1706579055696051,0.1209273161753731,0.035834324851697213,-0.0138962645425348,sube,baja,False,E1_v5_clean,E1_v5_clean,/home/emilio/Documentos/RAdAR_worktrees/arquitectura_modelado/radar_core/experiments/runs/E1_v5_clean_20260609_101340
2025-11-03,2025-11-03,1,0.1706579055696051,0.0692562741764683,0.1206514126931,-0.1014016313931368,-0.05000649287650512,baja,baja,True,E1_v5_clean,E1_v5_clean,/home/emilio/Documentos/RAdAR_worktrees/arquitectura_modelado/radar_core/experiments/runs/E1_v5_clean_20260609_101340
2025-11-10,2025-11-10,1,0.0692562741764683,0.218016998769719,0.1087783030921634,0.14876072459325068,0.03952202891569509,sube,sube,True,E1_v5_clean,E1_v5_clean,/home/emilio/Documentos/RAdAR_worktrees/arquitectura_modelado/radar_core/experiments/runs/E1_v5_clean_20260609_101340
2025-11-17,2025-11-17,1,0.218016998769719,0.1275159595753403,0.1235465896974848,-0.09050103919437871,-0.0944704090722342,baja,baja,True,E1_v5_clean,E1_v5_clean,/home/emilio/Documentos/RAdAR_worktrees/arquitectura_modelado/radar_core/experiments/runs/E1_v5_clean_20260609_101340
2025-11-24,2025-11-24,1,0.1275159595753403,0.2796059620794268,0.1245815440505982,0.1520900025040865,-0.0029344155247420928,sube,baja,False,E1_v5_clean,E1_v5_clean,/home/emilio/Documentos/RAdAR_worktrees/arquitectura_modelado/radar_core/experiments/runs/E1_v5_clean_20260609_101340
2025-12-01,2025-12-01,1,0.2796059620794268,0.0821158156091689,0.1281855786715494,-0.19749014647025787,-0.1514203834078774,baja,baja,True,E1_v5_clean,E1_v5_clean,/home/emilio/Documentos/RAdAR_worktrees/arquitectura_modelado/radar_core/experiments/runs/E1_v5_clean_20260609_101340
2025-12-08,2025-12-08,1,0.0821158156091689,0.3038130765246692,0.1276809050036548,0.2216972609155003,0.045565089394485905,sube,sube,True,E1_v5_clean,E1_v5_clean,/home/emilio/Documentos/RAdAR_worktrees/arquitectura_modelado/radar_core/experiments/runs/E1_v5_clean_20260609_101340
2025-12-15,2025-12-15,1,0.3038130765246692,0.0677012815654136,0.1316871584486493,-0.2361117949592556,-0.1721259180760199,baja,baja,True,E1_v5_clean,E1_v5_clean,/home/emilio/Documentos/RAdAR_worktrees/arquitectura_modelado/radar_core/experiments/runs/E1_v5_clean_20260609_101340
2025-12-22,2025-12-22,1,0.0677012815654136,0.5836218782012019,0.1304825283801017,0.5159205966357883,0.06278124681468808,sube,sube,True,E1_v5_clean,E1_v5_clean,/home/emilio/Documentos/RAdAR_worktrees/arquitectura_modelado/radar_core/experiments/runs/E1_v5_clean_20260609_101340
2025-12-29,2025-12-29,1,0.5836218782012019,0.1083419780858929,0.1372261076731768,-0.475279900115309,-0.44639577052802515,baja,baja,True,E1_v5_clean,E1_v5_clean,/home/emilio/Documentos/RAdAR_worktrees/arquitectura_modelado/radar_core/experiments/runs/E1_v5_clean_20260609_101340
2026-01-05,2026-01-05,1,0.1083419780858929,0.0687870202028637,0.1360934145043561,-0.03955495788302919,0.027751436418463213,baja,sube,False,E1_v5_clean,E1_v5_clean,/home/emilio/Documentos/RAdAR_worktrees/arquitectura_modelado/radar_core/experiments/runs/E1_v5_clean_20260609_101340
2026-01-12,2026-01-12,1,0.0687870202028637,0.2454262295855256,0.1337344201417731,0.1766392093826619,0.06494739993890941,sube,sube,True,E1_v5_clean,E1_v5_clean,/home/emilio/Documentos/RAdAR_worktrees/arquitectura_modelado/radar_core/experiments/runs/E1_v5_clean_20260609_101340
2026-01-19,2026-01-19,1,0.2454262295855256,0.3205651914908854,0.1357515410302168,0.07513896190535982,-0.10967468855530879,sube,baja,False,E1_v5_clean,E1_v5_clean,/home/emilio/Documentos/RAdAR_worktrees/arquitectura_modelado/radar_core/experiments/runs/E1_v5_clean_20260609_101340
2026-01-26,2026-01-26,1,0.3205651914908854,0.1700074058227992,0.1416467178314855,-0.15055778566808622,-0.17891847365939992,baja,baja,True,E1_v5_clean,E1_v5_clean,/home/emilio/Documentos/RAdAR_worktrees/arquitectura_modelado/radar_core/experiments/runs/E1_v5_clean_20260609_101340
2026-02-02,2026-02-02,1,0.1700074058227992,-0.0198367240853287,0.1429977583060304,-0.18984412990812788,-0.027009647516768792,baja,baja,True,E1_v5_clean,E1_v5_clean,/home/emilio/Documentos/RAdAR_worktrees/arquitectura_modelado/radar_core/experiments/runs/E1_v5_clean_20260609_101340
2026-02-09,2026-02-09,1,-0.0198367240853287,0.0960196886446368,0.1394013945655348,0.1158564127299655,0.15923811865086349,sube,sube,True,E1_v5_clean,E1_v5_clean,/home/emilio/Documentos/RAdAR_worktrees/arquitectura_modelado/radar_core/experiments/runs/E1_v5_clean_20260609_101340
2026-02-16,2026-02-16,1,0.0960196886446368,0.2772506816416401,0.1386440751222623,0.1812309929970033,0.042624386477625495,sube,sube,True,E1_v5_clean,E1_v5_clean,/home/emilio/Documentos/RAdAR_worktrees/arquitectura_modelado/radar_core/experiments/runs/E1_v5_clean_20260609_101340
2026-02-23,2026-02-23,1,0.2772506816416401,0.2100585882774014,0.1400669717692085,-0.06719209336423868,-0.1371837098724316,baja,baja,True,E1_v5_clean,E1_v5_clean,/home/emilio/Documentos/RAdAR_worktrees/arquitectura_modelado/radar_core/experiments/runs/E1_v5_clean_20260609_101340
2026-03-02,2026-03-02,1,0.2100585882774014,0.0271685648311405,0.1416244833870862,-0.1828900234462609,-0.0684341048903152,baja,baja,True,E1_v5_clean,E1_v5_clean,/home/emilio/Documentos/RAdAR_worktrees/arquitectura_modelado/radar_core/experiments/runs/E1_v5_clean_20260609_101340
2026-03-09,2026-03-09,1,0.0271685648311405,0.1211586643975283,0.1400553124199113,0.0939900995663878,0.11288674758877079,sube,sube,True,E1_v5_clean,E1_v5_clean,/home/emilio/Documentos/RAdAR_worktrees/arquitectura_modelado/radar_core/experiments/runs/E1_v5_clean_20260609_101340
2026-03-16,2026-03-16,1,0.1211586643975283,-0.0054622217770953,0.1405590112798982,-0.1266208861746236,0.019400346882369898,baja,sube,False,E1_v5_clean,E1_v5_clean,/home/emilio/Documentos/RAdAR_worktrees/arquitectura_modelado/radar_core/experiments/runs/E1_v5_clean_20260609_101340
2026-03-23,2026-03-23,1,-0.0054622217770953,0.0669147100498927,0.1369004054746492,0.072376931826988,0.1423626272517445,sube,sube,True,E1_v5_clean,E1_v5_clean,/home/emilio/Documentos/RAdAR_worktrees/arquitectura_modelado/radar_core/experiments/runs/E1_v5_clean_20260609_101340
2026-03-30,2026-03-30,1,0.0669147100498927,0.110472470964671,0.1364170624927753,0.043557760914778296,0.0695023524428826,sube,sube,True,E1_v5_clean,E1_v5_clean,/home/emilio/Documentos/RAdAR_worktrees/arquitectura_modelado/radar_core/experiments/runs/E1_v5_clean_20260609_101340
2026-04-06,2026-04-06,1,0.110472470964671,0.0668779193556926,0.135896371568278,-0.043594551608978405,0.025423900603606997,baja,sube,False,E1_v5_clean,E1_v5_clean,/home/emilio/Documentos/RAdAR_worktrees/arquitectura_modelado/radar_core/experiments/runs/E1_v5_clean_20260609_101340
2026-04-13,2026-04-13,1,0.0668779193556926,0.042142027416753,0.1348002063649946,-0.024735891938939596,0.067922287009302,baja,sube,False,E1_v5_clean,E1_v5_clean,/home/emilio/Documentos/RAdAR_worktrees/arquitectura_modelado/radar_core/experiments/runs/E1_v5_clean_20260609_101340
2026-04-20,2026-04-20,1,0.042142027416753,0.0732244276596991,0.131868119230374,0.031082400242946097,0.08972609181362101,sube,sube,True,E1_v5_clean,E1_v5_clean,/home/emilio/Documentos/RAdAR_worktrees/arquitectura_modelado/radar_core/experiments/runs/E1_v5_clean_20260609_101340
2025-09-01,2025-09-01,2,0.0328375249929475,0.2441502073228642,0.1193493108555343,0.21131268232991668,0.08651178586258679,sube,sube,True,E1_v5_clean,E1_v5_clean,/home/emilio/Documentos/RAdAR_worktrees/arquitectura_modelado/radar_core/experiments/runs/E1_v5_clean_20260609_101340
2025-09-08,2025-09-08,2,0.0750438311217277,0.0353374615739687,0.1266907960530014,-0.039706369547759,0.0516469649312737,baja,sube,False,E1_v5_clean,E1_v5_clean,/home/emilio/Documentos/RAdAR_worktrees/arquitectura_modelado/radar_core/experiments/runs/E1_v5_clean_20260609_101340
2025-09-15,2025-09-15,2,0.2441502073228642,0.037083177521204,0.1237914533691564,-0.2070670298016602,-0.12035875395370779,baja,baja,True,E1_v5_clean,E1_v5_clean,/home/emilio/Documentos/RAdAR_worktrees/arquitectura_modelado/radar_core/experiments/runs/E1_v5_clean_20260609_101340
2025-09-22,2025-09-22,2,0.0353374615739687,0.0408302409621365,0.1184366567205115,0.0054927793881678,0.08309919514654279,sube,sube,True,E1_v5_clean,E1_v5_clean,/home/emilio/Documentos/RAdAR_worktrees/arquitectura_modelado/radar_core/experiments/runs/E1_v5_clean_20260609_101340
2025-09-29,2025-09-29,2,0.037083177521204,-0.0316621893348031,0.1182040023122788,-0.0687453668560071,0.0811208247910748,baja,sube,False,E1_v5_clean,E1_v5_clean,/home/emilio/Documentos/RAdAR_worktrees/arquitectura_modelado/radar_core/experiments/runs/E1_v5_clean_20260609_101340
2025-10-06,2025-10-06,2,0.0408302409621365,0.1674127209149191,0.1132055848126442,0.1265824799527826,0.0723753438505077,sube,sube,True,E1_v5_clean,E1_v5_clean,/home/emilio/Documentos/RAdAR_worktrees/arquitectura_modelado/radar_core/experiments/runs/E1_v5_clean_20260609_101340
2025-10-13,2025-10-13,2,-0.0316621893348031,0.1348235807179079,0.0986198277875675,0.166485770052711,0.1302820171223706,sube,sube,True,E1_v5_clean,E1_v5_clean,/home/emilio/Documentos/RAdAR_worktrees/arquitectura_modelado/radar_core/experiments/runs/E1_v5_clean_20260609_101340
2025-10-20,2025-10-20,2,0.1674127209149191,0.1706579055696051,0.1153917576446671,0.003245184654686012,-0.052020963270252005,sube,baja,False,E1_v5_clean,E1_v5_clean,/home/emilio/Documentos/RAdAR_worktrees/arquitectura_modelado/radar_core/experiments/runs/E1_v5_clean_20260609_101340
2025-10-27,2025-10-27,2,0.1348235807179079,0.0692562741764683,0.1166362490494028,-0.0655673065414396,-0.0181873316685051,baja,baja,True,E1_v5_clean,E1_v5_clean,/home/emilio/Documentos/RAdAR_worktrees/arquitectura_modelado/radar_core/experiments/runs/E1_v5_clean_20260609_101340
2025-11-03,2025-11-03,2,0.1706579055696051,0.218016998769719,0.115289376194646,0.04735909320011389,-0.055368529374959105,sube,baja,False,E1_v5_clean,E1_v5_clean,/home/emilio/Documentos/RAdAR_worktrees/arquitectura_modelado/radar_core/experiments/runs/E1_v5_clean_20260609_101340
2025-11-10,2025-11-10,2,0.0692562741764683,0.1275159595753403,0.1185867077116928,0.05825968539887198,0.0493304335352245,sube,sube,True,E1_v5_clean,E1_v5_clean,/home/emilio/Documentos/RAdAR_worktrees/arquitectura_modelado/radar_core/experiments/runs/E1_v5_clean_20260609_101340
2025-11-17,2025-11-17,2,0.218016998769719,0.2796059620794268,0.1195955172764737,0.061588963309707784,-0.0984214814932453,sube,baja,False,E1_v5_clean,E1_v5_clean,/home/emilio/Documentos/RAdAR_worktrees/arquitectura_modelado/radar_core/experiments/runs/E1_v5_clean_20260609_101340
2025-11-24,2025-11-24,2,0.1275159595753403,0.0821158156091689,0.1230314325744999,-0.04540014396617138,-0.004484527000840385,baja,baja,True,E1_v5_clean,E1_v5_clean,/home/emilio/Documentos/RAdAR_worktrees/arquitectura_modelado/radar_core/experiments/runs/E1_v5_clean_20260609_101340
2025-12-01,2025-12-01,2,0.2796059620794268,0.3038130765246692,0.1232470507833054,0.024207114445242428,-0.1563589112961214,sube,baja,False,E1_v5_clean,E1_v5_clean,/home/emilio/Documentos/RAdAR_worktrees/arquitectura_modelado/radar_core/experiments/runs/E1_v5_clean_20260609_101340
2025-12-08,2025-12-08,2,0.0821158156091689,0.0677012815654136,0.127218207679002,-0.014414534043755298,0.04510239206983309,baja,sube,False,E1_v5_clean,E1_v5_clean,/home/emilio/Documentos/RAdAR_worktrees/arquitectura_modelado/radar_core/experiments/runs/E1_v5_clean_20260609_101340
2025-12-15,2025-12-15,2,0.3038130765246692,0.5836218782012019,0.1252032641720607,0.2798088016765327,-0.1786098123526085,sube,baja,False,E1_v5_clean,E1_v5_clean,/home/emilio/Documentos/RAdAR_worktrees/arquitectura_modelado/radar_core/experiments/runs/E1_v5_clean_20260609_101340
2025-12-22,2025-12-22,2,0.0677012815654136,0.1083419780858929,0.1328509357741993,0.04064069652047929,0.06514965420878568,sube,sube,True,E1_v5_clean,E1_v5_clean,/home/emilio/Documentos/RAdAR_worktrees/arquitectura_modelado/radar_core/experiments/runs/E1_v5_clean_20260609_101340
2025-12-29,2025-12-29,2,0.5836218782012019,0.0687870202028637,0.1327528580685145,-0.5148348579983382,-0.4508690201326874,baja,baja,True,E1_v5_clean,E1_v5_clean,/home/emilio/Documentos/RAdAR_worktrees/arquitectura_modelado/radar_core/experiments/runs/E1_v5_clean_20260609_101340
2026-01-05,2026-01-05,2,0.1083419780858929,0.2454262295855256,0.1087559708504473,0.13708425149963271,0.0004139927645544078,sube,sube,True,E1_v5_clean,E1_v5_clean,/home/emilio/Documentos/RAdAR_worktrees/arquitectura_modelado/radar_core/experiments/runs/E1_v5_clean_20260609_101340
2026-01-12,2026-01-12,2,0.0687870202028637,0.3205651914908854,0.1324946472553376,0.2517781712880217,0.0637076270524739,sube,sube,True,E1_v5_clean,E1_v5_clean,/home/emilio/Documentos/RAdAR_worktrees/arquitectura_modelado/radar_core/experiments/runs/E1_v5_clean_20260609_101340
2026-01-19,2026-01-19,2,0.2454262295855256,0.1700074058227992,0.137287962010943,-0.0754188237627264,-0.10813826757458259,baja,baja,True,E1_v5_clean,E1_v5_clean,/home/emilio/Documentos/RAdAR_worktrees/arquitectura_modelado/radar_core/experiments/runs/E1_v5_clean_20260609_101340
2026-01-26,2026-01-26,2,0.3205651914908854,-0.0198367240853287,0.1386585571003118,-0.34040191557621413,-0.1819066343905736,baja,baja,True,E1_v5_clean,E1_v5_clean,/home/emilio/Documentos/RAdAR_worktrees/arquitectura_modelado/radar_core/experiments/runs/E1_v5_clean_20260609_101340
2026-02-02,2026-02-02,2,0.1700074058227992,0.0960196886446368,0.1349216954751034,-0.0739877171781624,-0.03508571034769578,baja,baja,True,E1_v5_clean,E1_v5_clean,/home/emilio/Documentos/RAdAR_worktrees/arquitectura_modelado/radar_core/experiments/runs/E1_v5_clean_20260609_101340
2026-02-09,2026-02-09,2,-0.0198367240853287,0.2772506816416401,0.134998151711059,0.2970874057269688,0.1548348757963877,sube,sube,True,E1_v5_clean,E1_v5_clean,/home/emilio/Documentos/RAdAR_worktrees/arquitectura_modelado/radar_core/experiments/runs/E1_v5_clean_20260609_101340
2026-02-16,2026-02-16,2,0.0960196886446368,0.2100585882774014,0.1369784740860461,0.1140388996327646,0.04095878544140931,sube,sube,True,E1_v5_clean,E1_v5_clean,/home/emilio/Documentos/RAdAR_worktrees/arquitectura_modelado/radar_core/experiments/runs/E1_v5_clean_20260609_101340
2026-02-23,2026-02-23,2,0.2772506816416401,0.0271685648311405,0.1381182733475549,-0.2500821168104996,-0.13913240829408519,baja,baja,True,E1_v5_clean,E1_v5_clean,/home/emilio/Documentos/RAdAR_worktrees/arquitectura_modelado/radar_core/experiments/runs/E1_v5_clean_20260609_101340
2026-03-02,2026-03-02,2,0.2100585882774014,0.1211586643975283,0.1375244218294738,-0.0888999238798731,-0.0725341664479276,baja,baja,True,E1_v5_clean,E1_v5_clean,/home/emilio/Documentos/RAdAR_worktrees/arquitectura_modelado/radar_core/experiments/runs/E1_v5_clean_20260609_101340
2026-03-09,2026-03-09,2,0.0271685648311405,-0.0054622217770953,0.137063082327125,-0.0326307866082358,0.1098945174959845,baja,sube,False,E1_v5_clean,E1_v5_clean,/home/emilio/Documentos/RAdAR_worktrees/arquitectura_modelado/radar_core/experiments/runs/E1_v5_clean_20260609_101340
2026-03-16,2026-03-16,2,0.1211586643975283,0.0669147100498927,0.1328116665102765,-0.0542439543476356,0.01165300211274821,baja,sube,False,E1_v5_clean,E1_v5_clean,/home/emilio/Documentos/RAdAR_worktrees/arquitectura_modelado/radar_core/experiments/runs/E1_v5_clean_20260609_101340
2026-03-23,2026-03-23,2,-0.0054622217770953,0.110472470964671,0.1328596377385041,0.1159346927417663,0.1383218595155994,sube,sube,True,E1_v5_clean,E1_v5_clean,/home/emilio/Documentos/RAdAR_worktrees/arquitectura_modelado/radar_core/experiments/runs/E1_v5_clean_20260609_101340
2026-03-30,2026-03-30,2,0.0669147100498927,0.0668779193556926,0.1320020307839937,-3.679069420010894e-05,0.06508732073410099,baja,sube,False,E1_v5_clean,E1_v5_clean,/home/emilio/Documentos/RAdAR_worktrees/arquitectura_modelado/radar_core/experiments/runs/E1_v5_clean_20260609_101340
2026-04-06,2026-04-06,2,0.110472470964671,0.042142027416753,0.1304855689895995,-0.06833044354791801,0.02001309802492851,baja,sube,False,E1_v5_clean,E1_v5_clean,/home/emilio/Documentos/RAdAR_worktrees/arquitectura_modelado/radar_core/experiments/runs/E1_v5_clean_20260609_101340
2026-04-13,2026-04-13,2,0.0668779193556926,0.0732244276596991,0.127922471670298,0.006346508304006501,0.0610445523146054,sube,sube,True,E1_v5_clean,E1_v5_clean,/home/emilio/Documentos/RAdAR_worktrees/arquitectura_modelado/radar_core/experiments/runs/E1_v5_clean_20260609_101340
2025-09-01,2025-09-01,3,0.0328375249929475,0.0353374615739687,0.1462427211242944,0.0024999365810211976,0.11340519613134689,sube,sube,True,E1_v5_clean,E1_v5_clean,/home/emilio/Documentos/RAdAR_worktrees/arquitectura_modelado/radar_core/experiments/runs/E1_v5_clean_20260609_101340
2025-09-08,2025-09-08,3,0.0750438311217277,0.037083177521204,0.1228770023328072,-0.037960653600523704,0.047833171211079495,baja,sube,False,E1_v5_clean,E1_v5_clean,/home/emilio/Documentos/RAdAR_worktrees/arquitectura_modelado/radar_core/experiments/runs/E1_v5_clean_20260609_101340
2025-09-15,2025-09-15,3,0.2441502073228642,0.0408302409621365,0.118300593350577,-0.2033199663607277,-0.1258496139722872,baja,baja,True,E1_v5_clean,E1_v5_clean,/home/emilio/Documentos/RAdAR_worktrees/arquitectura_modelado/radar_core/experiments/runs/E1_v5_clean_20260609_101340
2025-09-22,2025-09-22,3,0.0353374615739687,-0.0316621893348031,0.1178494212387459,-0.0669996509087718,0.0825119596647772,baja,sube,False,E1_v5_clean,E1_v5_clean,/home/emilio/Documentos/RAdAR_worktrees/arquitectura_modelado/radar_core/experiments/runs/E1_v5_clean_20260609_101340
2025-09-29,2025-09-29,3,0.037083177521204,0.1674127209149191,0.1141921359444704,0.1303295433937151,0.0771089584232664,sube,sube,True,E1_v5_clean,E1_v5_clean,/home/emilio/Documentos/RAdAR_worktrees/arquitectura_modelado/radar_core/experiments/runs/E1_v5_clean_20260609_101340
2025-10-06,2025-10-06,3,0.0408302409621365,0.1348235807179079,0.1144967546748771,0.0939933397557714,0.0736665137127406,sube,sube,True,E1_v5_clean,E1_v5_clean,/home/emilio/Documentos/RAdAR_worktrees/arquitectura_modelado/radar_core/experiments/runs/E1_v5_clean_20260609_101340
2025-10-13,2025-10-13,3,-0.0316621893348031,0.1706579055696051,0.1145096960661013,0.20232009490440822,0.1461718854009044,sube,sube,True,E1_v5_clean,E1_v5_clean,/home/emilio/Documentos/RAdAR_worktrees/arquitectura_modelado/radar_core/experiments/runs/E1_v5_clean_20260609_101340
2025-10-20,2025-10-20,3,0.1674127209149191,0.0692562741764683,0.1155724512782205,-0.0981564467384508,-0.051840269636698605,baja,baja,True,E1_v5_clean,E1_v5_clean,/home/emilio/Documentos/RAdAR_worktrees/arquitectura_modelado/radar_core/experiments/runs/E1_v5_clean_20260609_101340
2025-10-27,2025-10-27,3,0.1348235807179079,0.218016998769719,0.1148785467105023,0.0831934180518111,-0.019945034007405604,sube,baja,False,E1_v5_clean,E1_v5_clean,/home/emilio/Documentos/RAdAR_worktrees/arquitectura_modelado/radar_core/experiments/runs/E1_v5_clean_20260609_101340
2025-11-03,2025-11-03,3,0.1706579055696051,0.1275159595753403,0.1183478327258728,-0.043141945994264824,-0.052310072843732305,baja,baja,True,E1_v5_clean,E1_v5_clean,/home/emilio/Documentos/RAdAR_worktrees/arquitectura_modelado/radar_core/experiments/runs/E1_v5_clean_20260609_101340
2025-11-10,2025-11-10,3,0.0692562741764683,0.2796059620794268,0.1188666087236863,0.2103496879029585,0.049610334547218,sube,sube,True,E1_v5_clean,E1_v5_clean,/home/emilio/Documentos/RAdAR_worktrees/arquitectura_modelado/radar_core/experiments/runs/E1_v5_clean_20260609_101340
2025-11-17,2025-11-17,3,0.218016998769719,0.0821158156091689,0.1259545042384774,-0.1359011831605501,-0.0920624945312416,baja,baja,True,E1_v5_clean,E1_v5_clean,/home/emilio/Documentos/RAdAR_worktrees/arquitectura_modelado/radar_core/experiments/runs/E1_v5_clean_20260609_101340
2025-11-24,2025-11-24,3,0.1275159595753403,0.3038130765246692,0.1245643368357248,0.17629711694932892,-0.002951622739615481,sube,baja,False,E1_v5_clean,E1_v5_clean,/home/emilio/Documentos/RAdAR_worktrees/arquitectura_modelado/radar_core/experiments/runs/E1_v5_clean_20260609_101340
2025-12-01,2025-12-01,3,0.2796059620794268,0.0677012815654136,0.1428047818170424,-0.21190468051401318,-0.1368011802623844,baja,baja,True,E1_v5_clean,E1_v5_clean,/home/emilio/Documentos/RAdAR_worktrees/arquitectura_modelado/radar_core/experiments/runs/E1_v5_clean_20260609_101340
2025-12-08,2025-12-08,3,0.0821158156091689,0.5836218782012019,0.1269793647596497,0.501506062592033,0.04486354915048078,sube,sube,True,E1_v5_clean,E1_v5_clean,/home/emilio/Documentos/RAdAR_worktrees/arquitectura_modelado/radar_core/experiments/runs/E1_v5_clean_20260609_101340
2025-12-15,2025-12-15,3,0.3038130765246692,0.1083419780858929,0.1331475866537746,-0.1954710984387763,-0.1706654898708946,baja,baja,True,E1_v5_clean,E1_v5_clean,/home/emilio/Documentos/RAdAR_worktrees/arquitectura_modelado/radar_core/experiments/runs/E1_v5_clean_20260609_101340
2025-12-22,2025-12-22,3,0.0677012815654136,0.0687870202028637,0.1424359338200784,0.0010857386374500955,0.0747346522546648,sube,sube,True,E1_v5_clean,E1_v5_clean,/home/emilio/Documentos/RAdAR_worktrees/arquitectura_modelado/radar_core/experiments/runs/E1_v5_clean_20260609_101340
2025-12-29,2025-12-29,3,0.5836218782012019,0.2454262295855256,0.1195127856881802,-0.3381956486156763,-0.46410909251302174,baja,baja,True,E1_v5_clean,E1_v5_clean,/home/emilio/Documentos/RAdAR_worktrees/arquitectura_modelado/radar_core/experiments/runs/E1_v5_clean_20260609_101340
2026-01-05,2026-01-05,3,0.1083419780858929,0.3205651914908854,0.13266212011944,0.2122232134049925,0.024320142033547112,sube,sube,True,E1_v5_clean,E1_v5_clean,/home/emilio/Documentos/RAdAR_worktrees/arquitectura_modelado/radar_core/experiments/runs/E1_v5_clean_20260609_101340
2026-01-12,2026-01-12,3,0.0687870202028637,0.1700074058227992,0.1366275786292785,0.10122038561993549,0.06784055842641479,sube,sube,True,E1_v5_clean,E1_v5_clean,/home/emilio/Documentos/RAdAR_worktrees/arquitectura_modelado/radar_core/experiments/runs/E1_v5_clean_20260609_101340
2026-01-19,2026-01-19,3,0.2454262295855256,-0.0198367240853287,0.1379630315693514,-0.2652629536708543,-0.10746319801617418,baja,baja,True,E1_v5_clean,E1_v5_clean,/home/emilio/Documentos/RAdAR_worktrees/arquitectura_modelado/radar_core/experiments/runs/E1_v5_clean_20260609_101340
2026-01-26,2026-01-26,3,0.3205651914908854,0.0960196886446368,0.134404489519204,-0.22454550284624863,-0.1861607019716814,baja,baja,True,E1_v5_clean,E1_v5_clean,/home/emilio/Documentos/RAdAR_worktrees/arquitectura_modelado/radar_core/experiments/runs/E1_v5_clean_20260609_101340
2026-02-02,2026-02-02,3,0.1700074058227992,0.2772506816416401,0.134486016086903,0.10724327581884088,-0.03552138973589619,sube,baja,False,E1_v5_clean,E1_v5_clean,/home/emilio/Documentos/RAdAR_worktrees/arquitectura_modelado/radar_core/experiments/runs/E1_v5_clean_20260609_101340
2026-02-09,2026-02-09,3,-0.0198367240853287,0.2100585882774014,0.1372120934889874,0.2298953123627301,0.1570488175743161,sube,sube,True,E1_v5_clean,E1_v5_clean,/home/emilio/Documentos/RAdAR_worktrees/arquitectura_modelado/radar_core/experiments/runs/E1_v5_clean_20260609_101340
2026-02-16,2026-02-16,3,0.0960196886446368,0.0271685648311405,0.1373137707557484,-0.0688511238134963,0.041294082111111616,baja,sube,False,E1_v5_clean,E1_v5_clean,/home/emilio/Documentos/RAdAR_worktrees/arquitectura_modelado/radar_core/experiments/runs/E1_v5_clean_20260609_101340
2026-02-23,2026-02-23,3,0.2772506816416401,0.1211586643975283,0.1363653863443968,-0.15609201724411176,-0.14088529529724328,baja,baja,True,E1_v5_clean,E1_v5_clean,/home/emilio/Documentos/RAdAR_worktrees/arquitectura_modelado/radar_core/experiments/runs/E1_v5_clean_20260609_101340
2026-03-02,2026-03-02,3,0.2100585882774014,-0.0054622217770953,0.1368184435514279,-0.2155208100544967,-0.07324014472597351,baja,baja,True,E1_v5_clean,E1_v5_clean,/home/emilio/Documentos/RAdAR_worktrees/arquitectura_modelado/radar_core/experiments/runs/E1_v5_clean_20260609_101340
2026-03-09,2026-03-09,3,0.0271685648311405,0.0669147100498927,0.1328500675531614,0.03974614521875221,0.1056815027220209,sube,sube,True,E1_v5_clean,E1_v5_clean,/home/emilio/Documentos/RAdAR_worktrees/arquitectura_modelado/radar_core/experiments/runs/E1_v5_clean_20260609_101340
2026-03-16,2026-03-16,3,0.1211586643975283,0.110472470964671,0.1319308414033772,-0.010686193432857302,0.010772177005848912,baja,sube,False,E1_v5_clean,E1_v5_clean,/home/emilio/Documentos/RAdAR_worktrees/arquitectura_modelado/radar_core/experiments/runs/E1_v5_clean_20260609_101340
2026-03-23,2026-03-23,3,-0.0054622217770953,0.0668779193556926,0.13120791225488,0.07234014113278789,0.13667013403197528,sube,sube,True,E1_v5_clean,E1_v5_clean,/home/emilio/Documentos/RAdAR_worktrees/arquitectura_modelado/radar_core/experiments/runs/E1_v5_clean_20260609_101340
2026-03-30,2026-03-30,3,0.0669147100498927,0.042142027416753,0.1300002396468118,-0.024772682633139705,0.06308552959691908,baja,sube,False,E1_v5_clean,E1_v5_clean,/home/emilio/Documentos/RAdAR_worktrees/arquitectura_modelado/radar_core/experiments/runs/E1_v5_clean_20260609_101340
2026-04-06,2026-04-06,3,0.110472470964671,0.0732244276596991,0.1278020235589485,-0.0372480433049719,0.017329552594277514,baja,sube,False,E1_v5_clean,E1_v5_clean,/home/emilio/Documentos/RAdAR_worktrees/arquitectura_modelado/radar_core/experiments/runs/E1_v5_clean_20260609_101340
2025-09-01,2025-09-01,4,0.0328375249929475,0.037083177521204,0.1156406175793164,0.004245652528256497,0.08280309258636889,sube,sube,True,E1_v5_clean,E1_v5_clean,/home/emilio/Documentos/RAdAR_worktrees/arquitectura_modelado/radar_core/experiments/runs/E1_v5_clean_20260609_101340
2025-09-08,2025-09-08,4,0.0750438311217277,0.0408302409621365,0.1114436580692735,-0.0342135901595912,0.0363998269475458,baja,sube,False,E1_v5_clean,E1_v5_clean,/home/emilio/Documentos/RAdAR_worktrees/arquitectura_modelado/radar_core/experiments/runs/E1_v5_clean_20260609_101340
2025-09-15,2025-09-15,4,0.2441502073228642,-0.0316621893348031,0.1105188369692655,-0.27581239665766727,-0.13363137035359868,baja,baja,True,E1_v5_clean,E1_v5_clean,/home/emilio/Documentos/RAdAR_worktrees/arquitectura_modelado/radar_core/experiments/runs/E1_v5_clean_20260609_101340
2025-09-22,2025-09-22,4,0.0353374615739687,0.1674127209149191,0.1071196381488062,0.1320752593409504,0.07178217657483751,sube,sube,True,E1_v5_clean,E1_v5_clean,/home/emilio/Documentos/RAdAR_worktrees/arquitectura_modelado/radar_core/experiments/runs/E1_v5_clean_20260609_101340
2025-09-29,2025-09-29,4,0.037083177521204,0.1348235807179079,0.1090081096185678,0.0977404031967039,0.07192493209736381,sube,sube,True,E1_v5_clean,E1_v5_clean,/home/emilio/Documentos/RAdAR_worktrees/arquitectura_modelado/radar_core/experiments/runs/E1_v5_clean_20260609_101340
2025-10-06,2025-10-06,4,0.0408302409621365,0.1706579055696051,0.1087848271739266,0.1298276646074686,0.0679545862117901,sube,sube,True,E1_v5_clean,E1_v5_clean,/home/emilio/Documentos/RAdAR_worktrees/arquitectura_modelado/radar_core/experiments/runs/E1_v5_clean_20260609_101340
2025-10-13,2025-10-13,4,-0.0316621893348031,0.0692562741764683,0.1097111261488816,0.1009184635112714,0.1413733154836847,sube,sube,True,E1_v5_clean,E1_v5_clean,/home/emilio/Documentos/RAdAR_worktrees/arquitectura_modelado/radar_core/experiments/runs/E1_v5_clean_20260609_101340
2025-10-20,2025-10-20,4,0.1674127209149191,0.218016998769719,0.1094329522611482,0.0506042778547999,-0.0579797686537709,sube,baja,False,E1_v5_clean,E1_v5_clean,/home/emilio/Documentos/RAdAR_worktrees/arquitectura_modelado/radar_core/experiments/runs/E1_v5_clean_20260609_101340
2025-10-27,2025-10-27,4,0.1348235807179079,0.1275159595753403,0.1126007701665791,-0.007307621142567611,-0.022222810551328798,baja,baja,True,E1_v5_clean,E1_v5_clean,/home/emilio/Documentos/RAdAR_worktrees/arquitectura_modelado/radar_core/experiments/runs/E1_v5_clean_20260609_101340
2025-11-03,2025-11-03,4,0.1706579055696051,0.2796059620794268,0.1127063819168761,0.10894805650982167,-0.057951523652729015,sube,baja,False,E1_v5_clean,E1_v5_clean,/home/emilio/Documentos/RAdAR_worktrees/arquitectura_modelado/radar_core/experiments/runs/E1_v5_clean_20260609_101340
2025-11-10,2025-11-10,4,0.0692562741764683,0.0821158156091689,0.1154851925443212,0.0128595414327006,0.046228918367852895,sube,sube,True,E1_v5_clean,E1_v5_clean,/home/emilio/Documentos/RAdAR_worktrees/arquitectura_modelado/radar_core/experiments/runs/E1_v5_clean_20260609_101340
2025-11-17,2025-11-17,4,0.218016998769719,0.3038130765246692,0.1150936108067977,0.08579607775495021,-0.1029233879629213,sube,baja,False,E1_v5_clean,E1_v5_clean,/home/emilio/Documentos/RAdAR_worktrees/arquitectura_modelado/radar_core/experiments/runs/E1_v5_clean_20260609_101340
2025-11-24,2025-11-24,4,0.1275159595753403,0.0677012815654136,0.1190620107773438,-0.05981467800992668,-0.008453948797996491,baja,baja,True,E1_v5_clean,E1_v5_clean,/home/emilio/Documentos/RAdAR_worktrees/arquitectura_modelado/radar_core/experiments/runs/E1_v5_clean_20260609_101340
2025-12-01,2025-12-01,4,0.2796059620794268,0.5836218782012019,0.1173402499923326,0.30401591612177514,-0.16226571208709417,sube,baja,False,E1_v5_clean,E1_v5_clean,/home/emilio/Documentos/RAdAR_worktrees/arquitectura_modelado/radar_core/experiments/runs/E1_v5_clean_20260609_101340
2025-12-08,2025-12-08,4,0.0821158156091689,0.1083419780858929,0.1258411218181266,0.02622616247672399,0.04372530620895769,sube,sube,True,E1_v5_clean,E1_v5_clean,/home/emilio/Documentos/RAdAR_worktrees/arquitectura_modelado/radar_core/experiments/runs/E1_v5_clean_20260609_101340
2025-12-15,2025-12-15,4,0.3038130765246692,0.0687870202028637,0.1258923583922038,-0.2350260563218055,-0.1779207181324654,baja,baja,True,E1_v5_clean,E1_v5_clean,/home/emilio/Documentos/RAdAR_worktrees/arquitectura_modelado/radar_core/experiments/runs/E1_v5_clean_20260609_101340
2025-12-22,2025-12-22,4,0.0677012815654136,0.2454262295855256,0.1238942439398002,0.177724948020112,0.05619296237438659,sube,sube,True,E1_v5_clean,E1_v5_clean,/home/emilio/Documentos/RAdAR_worktrees/arquitectura_modelado/radar_core/experiments/runs/E1_v5_clean_20260609_101340
2025-12-29,2025-12-29,4,0.5836218782012019,0.3205651914908854,0.1262960538158083,-0.2630566867103165,-0.4573258243853936,baja,baja,True,E1_v5_clean,E1_v5_clean,/home/emilio/Documentos/RAdAR_worktrees/arquitectura_modelado/radar_core/experiments/runs/E1_v5_clean_20260609_101340
2026-01-05,2026-01-05,4,0.1083419780858929,0.1700074058227992,0.13178883678786,0.061665427736906295,0.023446858701967097,sube,sube,True,E1_v5_clean,E1_v5_clean,/home/emilio/Documentos/RAdAR_worktrees/arquitectura_modelado/radar_core/experiments/runs/E1_v5_clean_20260609_101340
2026-01-12,2026-01-12,4,0.0687870202028637,-0.0198367240853287,0.131489977824234,-0.0886237442881924,0.06270295762137029,baja,sube,False,E1_v5_clean,E1_v5_clean,/home/emilio/Documentos/RAdAR_worktrees/arquitectura_modelado/radar_core/experiments/runs/E1_v5_clean_20260609_101340
2026-01-19,2026-01-19,4,0.2454262295855256,0.0960196886446368,0.129191908359061,-0.1494065409408888,-0.1162343212264646,baja,baja,True,E1_v5_clean,E1_v5_clean,/home/emilio/Documentos/RAdAR_worktrees/arquitectura_modelado/radar_core/experiments/runs/E1_v5_clean_20260609_101340
2026-01-26,2026-01-26,4,0.3205651914908854,0.2772506816416401,0.127608373344067,-0.04331450984924534,-0.19295681814681842,baja,baja,True,E1_v5_clean,E1_v5_clean,/home/emilio/Documentos/RAdAR_worktrees/arquitectura_modelado/radar_core/experiments/runs/E1_v5_clean_20260609_101340
2026-02-02,2026-02-02,4,0.1700074058227992,0.2100585882774014,0.132580355698569,0.04005118245460221,-0.0374270501242302,sube,baja,False,E1_v5_clean,E1_v5_clean,/home/emilio/Documentos/RAdAR_worktrees/arquitectura_modelado/radar_core/experiments/runs/E1_v5_clean_20260609_101340
2026-02-09,2026-02-09,4,-0.0198367240853287,0.0271685648311405,0.1329906830827071,0.0470052889164692,0.15282740716803578,sube,sube,True,E1_v5_clean,E1_v5_clean,/home/emilio/Documentos/RAdAR_worktrees/arquitectura_modelado/radar_core/experiments/runs/E1_v5_clean_20260609_101340
2026-02-16,2026-02-16,4,0.0960196886446368,0.1211586643975283,0.1321237302888992,0.025138975752891507,0.03610404164426241,sube,sube,True,E1_v5_clean,E1_v5_clean,/home/emilio/Documentos/RAdAR_worktrees/arquitectura_modelado/radar_core/experiments/runs/E1_v5_clean_20260609_101340
2026-02-23,2026-02-23,4,0.2772506816416401,-0.0054622217770953,0.1317269721261541,-0.2827129034187354,-0.14552370951548596,baja,baja,True,E1_v5_clean,E1_v5_clean,/home/emilio/Documentos/RAdAR_worktrees/arquitectura_modelado/radar_core/experiments/runs/E1_v5_clean_20260609_101340
2026-03-02,2026-03-02,4,0.2100585882774014,0.0669147100498927,0.1283674620979429,-0.14314387822750868,-0.0816911261794585,baja,baja,True,E1_v5_clean,E1_v5_clean,/home/emilio/Documentos/RAdAR_worktrees/arquitectura_modelado/radar_core/experiments/runs/E1_v5_clean_20260609_101340
2026-03-09,2026-03-09,4,0.0271685648311405,0.110472470964671,0.1272603475553663,0.0833039061335305,0.10009178272422581,sube,sube,True,E1_v5_clean,E1_v5_clean,/home/emilio/Documentos/RAdAR_worktrees/arquitectura_modelado/radar_core/experiments/runs/E1_v5_clean_20260609_101340
2026-03-16,2026-03-16,4,0.1211586643975283,0.0668779193556926,0.1248476531281189,-0.05428074504183571,0.003688988730590592,baja,sube,False,E1_v5_clean,E1_v5_clean,/home/emilio/Documentos/RAdAR_worktrees/arquitectura_modelado/radar_core/experiments/runs/E1_v5_clean_20260609_101340
2026-03-23,2026-03-23,4,-0.0054622217770953,0.042142027416753,0.1236498198042861,0.0476042491938483,0.1291120415813814,sube,sube,True,E1_v5_clean,E1_v5_clean,/home/emilio/Documentos/RAdAR_worktrees/arquitectura_modelado/radar_core/experiments/runs/E1_v5_clean_20260609_101340
2026-03-30,2026-03-30,4,0.0669147100498927,0.0732244276596991,0.1153523621543238,0.006309717609806392,0.0484376521044311,sube,sube,True,E1_v5_clean,E1_v5_clean,/home/emilio/Documentos/RAdAR_worktrees/arquitectura_modelado/radar_core/experiments/runs/E1_v5_clean_20260609_101340
